x0,y0,z0,x1,y1,z1,x2,y2,z2,x3,y3,z3,x4,y4,z4,x5,y5,z5,x6,y6,z6,x7,y7,z7,x8,y8,z8,x9,y9,z9,x10,y10,z10,x11,y11,z11,x12,y12,z12,x13,y13,z13,x14,y14,z14,x15,y15,z15,x16,y16,z16,x17,y17,z17,x18,y18,z18,x19,y19,z19,x20,y20,z20,label,timestamp,session_id
0.0,0.0,0.0,-0.3679765325094793,-0.2137135223305418,-0.1541176722256017,-0.6790201469494769,-0.6126743007380946,-0.2269915882265631,-0.7796011728639908,-0.9546448407963848,-0.2972936904300825,-0.5721441719236068,-1.0811417018161995,-0.3141360529741357,-0.3447133668541252,-0.9993576471341842,-0.0103523851184084,-0.5652902858239842,-1.1366634614282969,-0.1869948368249125,-0.5498536517332331,-0.8372301596224703,-0.2311765630592943,-0.4530109747831244,-0.8058603513043465,-0.2429702909497034,-0.107296623626145,-0.9941896005860305,-0.0086297534738201,-0.3501878391356141,-1.097734509083875,-0.2098659818896804,-0.3427470627722715,-0.6978203633323443,-0.1690814943336651,-0.223020356546525,-0.7070124284679592,-0.0834545550761084,0.1205851609539887,-0.9466612568060144,-0.0560721650294673,-0.1186304880051399,-0.9735963904291218,-0.2492839237733312,-0.1370946867389334,-0.6280427545409001,-0.1429060793290653,-0.0158927544336707,-0.6416193069965214,-0.017848424424556,0.339252003694918,-0.8615849167493904,-0.1234380527695698,0.1229994243075376,-0.8901889573076861,-0.2012739161400673,0.0740552310606933,-0.6711147036095702,-0.1387768664613339,0.1643581910231171,-0.6701910245719361,-0.0668990831027744,Land,2026-07-28 16:29:19.595,sess_20260728_162716
0.0,0.0,0.0,-0.2844316367338076,-0.6065451515121232,-0.1573435555597857,-0.3971669612762208,-1.219779115372619,-0.239526221251606,-0.4207705612181832,-1.6715208390602971,-0.3002870628265893,-0.3846406475403804,-2.022037841857349,-0.3352896265902571,-0.0340701775513014,-1.2773408782657638,-0.2003676659768298,-0.7517124088482604,-1.211242020481167,-0.3654157867278131,-0.7503526598697149,-1.0267644676461518,-0.4455614419317994,-0.5582608208990983,-1.0083679226062288,-0.4894540090389673,0.0255250875657144,-0.9761490257583076,-0.2155958010163223,-0.7826438456937725,-0.9088113447939554,-0.3521610033211614,-0.6831968672969315,-0.7797655285229812,-0.3642303058167391,-0.4702576121640104,-0.7742699006920106,-0.3811203585878491,0.0199123649185599,-0.6552814131493458,-0.2541121670111594,-0.7196875595975712,-0.6122553143690468,-0.4013957507494714,-0.6020469116744802,-0.5160201984764371,-0.3648793658807003,-0.390118203127317,-0.5122463474803074,-0.3335748871038995,-0.0267216866545698,-0.3343525048186833,-0.3096253327761419,-0.5771236631479927,-0.3067820889523564,-0.4143211112930965,-0.4823152967884234,-0.2653062056119205,-0.406119685431964,-0.2798003118917109,-0.2677310510372485,-0.3854703976961896,Up,2026-07-28 12:57:07.528,sess_20260728_125637
0.0,0.0,0.0,-0.3053067026182313,-0.3647666121603344,-0.0394900541481641,-0.2970667100344399,-0.8759300750709773,-0.0381659947925933,-0.222435150952091,-1.241376174927871,-0.0676681566364185,-0.1927453922541172,-1.5281388462896632,-0.0734708878551528,0.05445106594644,-0.994979023533953,0.1426475797469442,0.0071817793487477,-1.2561333555937528,0.037649015818448,-0.1179576230549435,-1.0805389355236703,-0.0246358164611665,-0.1530460827300625,-0.9426506178896786,-0.0458777763662313,0.1796961196600335,-0.9801500323608804,0.0837569020564398,0.0697558523289342,-1.2780742586209788,-0.097191671379084,-0.074611197929521,-0.9995269683500962,-0.1668172609052346,-0.0942718947165967,-0.7943598156115139,-0.1562294209552981,0.3071201000822158,-0.9283978109101496,-0.004977882711371,0.1957785968340379,-1.2560230086700772,-0.1886764359651453,0.0451420925994694,-1.042509483408078,-0.1975604360259059,0.0079817338262526,-0.8535878589838393,-0.1369238097201236,0.4231321198577953,-0.8645529267333845,-0.1003150540071406,0.4287095375143344,-1.285166659390315,-0.1961583095613875,0.4104490241791811,-1.5502511392196194,-0.2007931029926247,0.4425440300737373,-1.7600278464654069,-0.1763845942083166,Hover,2026-07-28 14:58:57.239,sess_20260728_144941
0.0,0.0,0.0,-0.3793368970156108,-0.1504509293629519,-0.1732534842770816,-0.6964338446191466,-0.4612591500129221,-0.2418684378965757,-0.8337436707921447,-0.7634328719237814,-0.2982050110605776,-0.6986736997451605,-0.9336868299422064,-0.3030494863350541,-0.5772078105403259,-0.8882922777756568,-0.0278073017670854,-0.6159521245968907,-0.9788543419464129,-0.1825247114738202,-0.5398166399140245,-0.6877011322502885,-0.229191458852471,-0.5297932052183258,-0.6577992987370052,-0.243587890275516,-0.3530063474832651,-0.935618763093144,0.0020121591834592,-0.3888825446484079,-0.9149931039810726,-0.1520839647000813,-0.3094392727275635,-0.5733925530126057,-0.1396632608085135,-0.3124388059633194,-0.6328870363609418,-0.0950043479863452,-0.1148374320756185,-0.9363368714042236,-0.0096700730165352,-0.1704644632289042,-0.925418557144986,-0.1811834380140215,-0.1188894913637706,-0.5967668656490165,-0.0951353409960681,-0.1012684123000723,-0.6161916489799187,0.0045835888089569,0.109674409957398,-0.9019830851083068,-0.0391859778895754,0.0389839712504511,-0.9248391697754494,-0.1253987271691639,0.053611493567019,-0.6848460972284136,-0.0602305099978537,0.0914728146318671,-0.6696361992979962,0.014885743692253,Land,2026-07-28 14:52:05.468,sess_20260728_144941
0.0,0.0,0.0,-0.2854652411799013,-0.0883402743643193,-0.19718988172467,-0.5664778557442776,-0.2853862830075164,-0.3228940819040441,-0.6308933248292625,-0.4961718026638154,-0.4225424797054904,-0.3946117548065463,-0.5321026179246318,-0.4808051289805038,-0.4191752420905567,-0.9151991602116614,-0.1587965408505893,-0.3865058333092109,-0.7088294369313061,-0.3109717360245643,-0.3831280466541695,-0.488865043824879,-0.3802868105010801,-0.3907495110138745,-0.4994093695237865,-0.4275226213056851,-0.175681088179693,-0.974080117915821,-0.1424923827336013,-0.1528714755028319,-0.6211162065541058,-0.2928677429938033,-0.1796645026152108,-0.3964900688459767,-0.3147609674601165,-0.2101346924081189,-0.4390940050213021,-0.3133465397282519,0.0642252875341551,-0.9230487635305484,-0.1556563754620129,0.0606575729412571,-0.55536991748082,-0.2992293708185399,0.0091487780439514,-0.3679002219962862,-0.2693362914362106,-0.026123601579483,-0.4155801372965317,-0.2319825242297013,0.2910921240414822,-0.8127789135070619,-0.1929931365096948,0.248839526371972,-0.5264641252247131,-0.2866170285760997,0.1735434126061333,-0.3685529654313763,-0.279713880694718,0.1133351291368618,-0.3863698967554692,-0.25612922677115,Land,2026-07-28 16:29:13.139,sess_20260728_162716
0.0,0.0,0.0,-0.2721533685144465,-0.2486201643603767,-0.1574798835373698,-0.4650043999825186,-0.6870056623100627,-0.2494886168374073,-0.4373674867130992,-1.0695447536700335,-0.3485272058136555,-0.2304608454689014,-1.2898143304855432,-0.4363364581918393,-0.2657798470770698,-1.0505075333882317,-0.0622675986906835,-0.2861915876070785,-1.5092818850721963,-0.2149260074218059,-0.3026371038591686,-1.783278255879342,-0.3029386774763739,-0.2899250064144545,-2.0169608895284967,-0.3667521909416246,-0.021413017335309,-0.996655477256526,-0.0788628070966547,-0.0346337102406869,-1.3170181993296652,-0.3483710588040791,-0.1095995327011691,-0.9937664909769036,-0.4172405853690095,-0.1516577522892367,-0.7193639820849604,-0.3911358159248398,0.2188254938333281,-0.8876431262178458,-0.1222661078690669,0.1892573943808527,-1.142973633461,-0.3891870339794753,0.0765115425032706,-0.8030581229656928,-0.3513387133170524,0.0245239809240532,-0.5483134848806128,-0.2467792795995357,0.4603405796082315,-0.7369405490163461,-0.1788877533944277,0.3973991022792044,-0.974143073410924,-0.3513385082382376,0.2729461211808747,-0.7742325728857865,-0.318756673063107,0.2152549896364164,-0.5927240405057764,-0.2492370056395491,Forward,2026-07-28 15:12:02.172,sess_20260728_150914
0.0,0.0,0.0,-0.3844635929666483,-0.2428154595582812,-0.1231126456487593,-0.6275323912233407,-0.6679177162867227,-0.1789934419031295,-0.7281893569220396,-1.0229323191759103,-0.2421833883093653,-0.7237117132457603,-1.31734499461647,-0.2670292732447712,-0.2488403029015179,-1.0431663863674714,0.0258421775915361,-0.4776310873584806,-1.2652111616694,-0.1990579697844048,-0.4765068449056909,-0.9231992456915672,-0.3140301164500146,-0.3926240534195489,-0.7406639809594512,-0.356466724598007,-0.0136971604794864,-0.999886378564842,0.0062942636809143,-0.2580212466404368,-1.165868808772602,-0.2031130324725026,-0.2735478158794049,-0.765032652933179,-0.2216235490163301,-0.1754471671486194,-0.643465007308457,-0.1847129283549954,0.2102023693325858,-0.9042637521940662,-0.0608801894275318,-0.0338403789960192,-1.0707856508635671,-0.2798428174918128,-0.0886648217867746,-0.6729890049667824,-0.1936405531968707,0.0034610414583311,-0.5397005337704229,-0.0782688099806425,0.428393006424514,-0.753145495872824,-0.1431999649042624,0.1829200449093495,-0.8931947084417895,-0.2805851113629507,0.0841593769902382,-0.6263150427396046,-0.2220748023849476,0.1363480201231144,-0.5061942434503137,-0.1383115319542698,Land,2026-07-28 15:11:24.426,sess_20260728_150914
0.0,0.0,0.0,-0.3476754561996995,-0.1205860898230964,-0.1611145421330046,-0.6007804516101678,-0.6228501807109327,-0.229588707780699,-0.5810017459132811,-1.0466652605660436,-0.2897969811770526,-0.3948833460138842,-1.2603333875878546,-0.3436145476736263,-0.3718245521387187,-1.0244975902736215,-0.1500370637468291,-0.3902210156812359,-1.5775843307980086,-0.3433640148116746,-0.3878342877234911,-1.9222484485075937,-0.4669756281171869,-0.3821031976804425,-2.193536249692722,-0.5553862118554246,-0.1130516811322208,-0.9820075935835062,-0.1512626971117147,-0.1953173379773261,-1.233866899462588,-0.4638633172026208,-0.2579589702864067,-0.8415043619560849,-0.523135542969036,-0.2844984434343021,-0.5442255347527842,-0.4800806775191057,0.1465360323365955,-0.8908043321285947,-0.1768481118095713,0.0483817715007263,-1.0438899462216888,-0.4832084683215359,-0.0062795371727715,-0.6428066402532544,-0.428313195563401,-0.0160359866493631,-0.3795021056481698,-0.299406430577825,0.4130088232304469,-0.7656950543869587,-0.2128888958640255,0.3190592060046753,-0.9671202970160998,-0.4418787274851081,0.237780259578402,-0.685719714639061,-0.4031103195012872,0.2339188810102172,-0.4825416542890409,-0.3109422431343324,Forward,2026-07-28 14:53:37.322,sess_20260728_144941
0.0,0.0,0.0,-0.3116771464667697,-0.3092317345638352,-0.0714178716065212,-0.4924810399017981,-0.7070073114962167,-0.144149953994404,-0.5460896560333328,-1.0508961544094089,-0.2487724979791569,-0.4491123876079833,-1.328042906655985,-0.3216011815381018,-0.0600309160711894,-1.046805945768173,0.063498525460548,-0.2145887747094419,-1.3246799334436723,-0.1854494265826915,-0.3473549792247498,-1.0175781588197004,-0.3050925088286131,-0.3232806130620427,-0.8077587373368824,-0.3438727253495485,0.1262697158350979,-0.9919672227890014,0.007549024784651,-0.0837400315281747,-1.2707617381249747,-0.2678269591185833,-0.215834881875115,-0.8603187034110875,-0.3000283782071662,-0.1247293706111651,-0.6693870281434435,-0.244655592178053,0.3338700669925877,-0.903814279576062,-0.0929987500043306,0.0797491806671012,-1.14418478022782,-0.361770759008472,-0.051386429639398,-0.7306504481136614,-0.2865218325861993,0.0509958301152153,-0.5486685237724678,-0.155652205094687,0.543434322354821,-0.7599436146388273,-0.2026817840887302,0.258502816121021,-0.965463325188826,-0.3533825173703913,0.1392437564895278,-0.6993564028660441,-0.2968126738396958,0.2246069513671986,-0.5445115572499898,-0.2048473402417516,Land,2026-07-28 12:38:14.214,sess_20260728_123245
0.0,0.0,0.0,-0.0531714939718048,-0.459303139541893,-0.0640364768638756,-0.3241589942468581,-1.0129010989463918,-0.1287354987853403,-0.5436493647048426,-1.400350833896918,-0.1703522909765462,-0.6912766837212608,-1.71112194439363,-0.2050656027325375,-0.5943633796747299,-0.9161134282978044,-0.318629706740984,-1.1970646291929812,-0.9421264963780808,-0.406893413075346,-1.0516486075439386,-0.8382958772662046,-0.410404754375192,-0.860313279819384,-0.825210411052537,-0.3963490318986561,-0.7185030862548909,-0.6109975406895963,-0.332318101092104,-1.2514104963084205,-0.6780851769371861,-0.3898564025874307,-1.0822739917462183,-0.6187945886676846,-0.3483934178314751,-0.8858321150859644,-0.5905281210753645,-0.3353678892180764,-0.8202813940732177,-0.3140348866990032,-0.3370887302518731,-1.320441412007773,-0.4433257121584196,-0.3897505489714848,-1.2117505751583084,-0.3856833144190825,-0.324844035641229,-1.0421175195470913,-0.3490937837765699,-0.291663413949257,-0.8908788385940714,-0.0500518970500108,-0.3405934533637917,-1.3606738624999422,-0.2424400027366189,-0.3740259588013729,-1.5421154105728718,-0.3029380176984995,-0.3399792331768813,-1.660787372198246,-0.3377900683601663,-0.3197406649313707,Hover,2026-07-28 16:37:33.497,sess_20260728_163307
0.0,0.0,0.0,-0.0841279124727238,-0.4397563572633107,-0.0653335475663925,-0.3762476987588996,-0.9824294277001548,-0.1361945025208033,-0.5871200141608796,-1.3746052270094495,-0.1816887408390981,-0.738810210663274,-1.680799453086384,-0.2165509526376365,-0.6004840635755622,-0.903604276481858,-0.3558514753244394,-1.2276371523641505,-0.9262593850928524,-0.4503624423822409,-1.0993107218218168,-0.8025429570949708,-0.4539353036102418,-0.9186349704371038,-0.7803136456854196,-0.4446195299417882,-0.7146325248005431,-0.594217890001607,-0.3690602304492309,-1.2699246690847952,-0.6428708902787766,-0.4433464332304832,-1.1073530973829635,-0.5557766383570321,-0.4032176653722253,-0.9082236976513642,-0.5348713595830781,-0.3928516396612453,-0.8182502097250987,-0.2947791539074352,-0.3721803948826343,-1.3573896380886668,-0.4145956683409393,-0.4324869092411715,-1.2582681787179104,-0.3372038058088668,-0.3657325548686367,-1.0786649450053518,-0.2991786313446793,-0.3359442694102124,-0.8885711713585985,-0.0226321271658625,-0.375114296586969,-1.3855594646923046,-0.1922165056869333,-0.4383487224043065,-1.6603783669892085,-0.2606668530356997,-0.4372098222627715,-1.867638526659462,-0.3215886296572673,-0.4413220316358672,Hover,2026-07-28 16:37:32.419,sess_20260728_163307
0.0,0.0,0.0,-0.3100999389583362,-0.1430756130513383,-0.1643446624754075,-0.4694625000152967,-0.6388453751206413,-0.2318124920219657,-0.3170765480106954,-1.0453293851687937,-0.2889920963298339,-0.0798050190450585,-1.240651051219954,-0.3405467588767307,-0.3375089153070068,-1.054017571156349,-0.1491933763131154,-0.3312398948788606,-1.595236239785394,-0.322274058259473,-0.2953389004512699,-1.953711614577916,-0.4275762518088274,-0.2666434969596581,-2.2328822939512354,-0.5034855659128296,-0.0633390857213385,-0.9867613320866688,-0.149299141720668,-0.0057492470643903,-1.2260606453828078,-0.4380176586489228,-0.0808806014832805,-0.8757169315621025,-0.4910918468846967,-0.1720287554010108,-0.5807381495708452,-0.4447772181722021,0.1831112876505322,-0.8564626456295105,-0.1705718600008914,0.2065607507922446,-0.9597450495259046,-0.4800975842278838,0.0984712785459267,-0.5780092200875816,-0.4297756532284988,0.0111767978503862,-0.3163610840324861,-0.2990512501922451,0.4210300275264106,-0.6975706966356017,-0.1999179646164475,0.4349157085044335,-0.8627288022925671,-0.4422547184224779,0.3149933975551285,-0.5778641226563771,-0.4024512176117431,0.2354079338336032,-0.3509007161306253,-0.3046134575992233,Forward,2026-07-28 14:53:34.104,sess_20260728_144941
0.0,0.0,0.0,-0.3090889753916637,-0.2464269841812237,-0.1279195388058999,-0.4228234197443513,-0.6133213686492548,-0.1592066432221611,-0.1960664807658884,-0.8786819951290893,-0.1826094546093564,0.0578152809145854,-0.9109687024113532,-0.1988945574320598,-0.3821351441671189,-0.9410372348161796,-0.0181154771215429,-0.5117324551612886,-1.3015719818559213,-0.0847905814197391,-0.5867170363531163,-1.5345672886170385,-0.1587756899360911,-0.6456054041954872,-1.7388673352935395,-0.2241208626235253,-0.1638158192782195,-0.9862777863218588,-0.0205062322784963,-0.2035188129474149,-1.394319622695254,-0.0695196401602271,-0.2197382431399533,-1.66317723465474,-0.1339987911227778,-0.2286733435353213,-1.8884655339217653,-0.1855792816639714,0.035583991814473,-0.929108974959582,-0.0473065522618296,0.0286411008254007,-1.2844482369422,-0.1144846349249079,0.0183886987155003,-1.5426858340273104,-0.1885107081735909,0.0156933246126333,-1.7503555285271797,-0.2420944233717525,0.2443105164076308,-0.800473670071412,-0.0905099701387252,0.3071392420599034,-1.045794102698964,-0.1570420842000005,0.3368683281377399,-1.2365210963639948,-0.1973319767647338,0.3616064301740189,-1.4008078657223495,-0.2260972906737703,Right,2026-07-28 12:42:42.461,sess_20260728_123245
0.0,0.0,0.0,-0.28236378495489,-0.2195478256827004,-0.1301501968216722,-0.415919537413016,-0.6177365035555611,-0.1568935147206546,-0.2635961841824965,-0.966013475292968,-0.1851650013798806,-0.0119892773099079,-1.1217077882095914,-0.2003816895898904,-0.4225167265277322,-0.9321344849570868,-0.0062633895478251,-0.5889716602469126,-1.321474975159423,-0.0901340343718965,-0.6899878418286709,-1.555755011899376,-0.1594919951178875,-0.7467729798815335,-1.7581338415772556,-0.2122140711780606,-0.1878083325307842,-0.9822003731219504,-0.0032337704166498,-0.2028982340815524,-1.4430177470358785,-0.073038848029323,-0.213035259463436,-1.7203992667185768,-0.1259804793362965,-0.2009405358230697,-1.9359289817066736,-0.1603666532301283,0.0375704980055425,-0.9179959633234236,-0.0249217163221164,0.1070933017150889,-1.2717819889335056,-0.1750344187097143,0.0376373988286485,-1.0713953417132147,-0.1932425927317206,-0.0026729315615779,-0.8680457116806175,-0.1596668898193516,0.2550126461256716,-0.7845260152322394,-0.0580565203807193,0.2776624883713499,-1.0339271886754702,-0.2016044756607769,0.1877325706715052,-0.9012422545472432,-0.2030689095722973,0.1325107409254598,-0.7294616165622004,-0.1682951761088501,Backward,2026-07-28 16:31:11.907,sess_20260728_163042
0.0,0.0,0.0,-0.2900220923957068,-0.2235498519067688,-0.1264072279285499,-0.3929875877562578,-0.5880762256971026,-0.1691828091846696,-0.1740514158598776,-0.8526999482088666,-0.2048931004600557,0.086224960909496,-0.9099724327981978,-0.2376141080862505,-0.3799698178883578,-0.9293732765093276,-0.0847497083742147,-0.5131383169265034,-1.2866162574274804,-0.1692334483382732,-0.588922549851676,-1.5290996547084184,-0.243065144703607,-0.646370821124726,-1.7380630794769152,-0.3082440486966513,-0.1451157750202069,-0.9844890753789534,-0.0986036120016817,-0.1571859045085774,-1.415759256575566,-0.1736232050827643,-0.1603397511878247,-1.6925049800561422,-0.2400846010955281,-0.1689297896857494,-1.906020203068887,-0.2945054245051584,0.070397637522005,-0.9328245500106392,-0.1324349935060794,0.1221776603533493,-1.315799273660719,-0.2344982170736129,0.149138999845335,-1.572177895435945,-0.3228944620361259,0.1658367630756749,-1.7791195079174345,-0.3860484824045049,0.2786006597548472,-0.8086151050023318,-0.1783021604978169,0.4261145048840076,-1.036767034088338,-0.2797197206377484,0.5277947402291724,-1.2052403699133007,-0.3403949060921004,0.605677493047298,-1.3478336287727932,-0.3846703618221586,Right,2026-07-28 16:21:46.357,sess_20260728_161633
0.0,0.0,0.0,-0.1690165869828126,-0.1834820407607832,-0.3132970789081903,-0.1342874948764471,-0.5301083159204656,-0.3262177684089425,0.1104281401225441,-0.7686384444163671,-0.2562986764470348,0.3077070474608597,-0.9444397941148812,-0.1760784015415581,-0.3285713752005809,-0.941013015987876,-0.1956979514100454,-0.4308032310232188,-1.3614475917592823,-0.229217311832499,-0.5024330695884986,-1.6418652816421258,-0.271176062886851,-0.5442278313586596,-1.86883702080312,-0.3111577611016434,-0.1353396418829246,-0.9880624216958864,-0.0735923376953211,-0.244045435449999,-1.4704001642300557,-0.0491030529172512,-0.3139776501376388,-1.7416964400426114,-0.0794136213781561,-0.3567554070762896,-1.971853284197333,-0.1152645441800721,0.0473783248130491,-0.9323713651873564,0.013955007483678,0.1206839309755689,-1.3218833350638954,-0.068982840321118,0.1318308131294992,-1.550594171290338,-0.2247895339781497,0.1512438480206807,-1.8151478741743583,-0.3438462693566713,0.2033413379017748,-0.7895110130486982,0.082592199768188,0.2909131832209127,-0.8753506585712023,-0.0769398140262533,0.2873592087079722,-0.73646994096377,-0.1772335709025244,0.2747298616334561,-0.6415513398829034,-0.2402289806451831,Left,2026-07-28 15:04:39.167,sess_20260728_150120
0.0,0.0,0.0,-0.2474818906531998,-0.2462176865792343,-0.1446787599724444,-0.297135271335157,-0.6221487766861047,-0.2046161344245094,-0.0473758465187852,-0.7775121195874908,-0.2595512274134739,0.1834193480933287,-0.7374970313156087,-0.3146216775078392,-0.0588445287255565,-0.9980650811825792,-0.1213395536149754,-0.1216145338557273,-1.373919767507359,-0.2265643586951557,-0.154856162079676,-1.616346010959472,-0.3178177419279833,-0.1638873504498792,-1.815295545279826,-0.3938914266704426,0.1733506912653197,-0.9752948973219284,-0.1369284524693274,0.267310838369618,-1.4207162931797594,-0.2287902463773643,0.3184089451129289,-1.701890394937429,-0.3007521560242246,0.3532036813609453,-1.9305071533611624,-0.3594625483168665,0.3455666041253463,-0.8583359051729541,-0.173456526455106,0.4723264616284666,-1.2414716449890624,-0.2889302352695599,0.5135941317968403,-1.4928799060605282,-0.3692732134360422,0.5479461249763592,-1.7132409298015976,-0.4239818286974003,0.4842671830434031,-0.663422773720322,-0.2245202996356727,0.6384325476513398,-0.9154867594202633,-0.3285487941017157,0.7423572333783496,-1.0808689694662796,-0.380423489242201,0.8351753811978591,-1.2334892034027345,-0.4195854821793964,Right,2026-07-28 12:43:06.759,sess_20260728_123245
0.0,0.0,0.0,-0.2985838981434996,-0.2540030127495797,-0.1445501005401072,-0.4732643449912085,-0.5963774560892507,-0.1805933185042527,-0.5710272615397229,-0.9213832396242686,-0.2047767909621528,-0.7173211654747306,-1.1279363317614322,-0.2159449070285186,-0.3848604257062127,-0.9508990372410732,0.0350286280445548,-0.5147984885468513,-1.3314437722849797,-0.0161038216303494,-0.5887534423516158,-1.564442989141963,-0.0890447824620177,-0.6502316470883164,-1.770453476465231,-0.1489118168535286,-0.1870678701751958,-0.98064509030633,0.0577998166623916,-0.2508058925896968,-1.391949787350438,0.0358252506619138,-0.2749907096580123,-1.6429748150970425,-0.021560411958922,-0.306883851171098,-1.851495035931288,-0.0685756145728778,0.0054755443385683,-0.9195613288520628,0.0518230687914387,-0.0222245931274215,-1.2693788086356044,0.0268207694739126,-0.0419861507001892,-1.5049198116086042,-0.0177175937512671,-0.0712121666020386,-1.701658774027007,-0.0557668512120442,0.2182119546643715,-0.7873220197964971,0.0260950091882322,0.2633270501422948,-1.0042348627545454,0.019309178340563,0.2770473094589591,-1.1551816274987563,0.016241048792864,0.2786688369384306,-1.2895037017471385,0.0079086740737515,Takeoff,2026-07-28 15:01:59.086,sess_20260728_150120
0.0,0.0,0.0,-0.0345474137669824,-0.4536023181960896,-0.0223985048469834,-0.243123066321399,-0.9483187594233524,-0.0572301170426593,-0.3960383394259051,-1.3261898702254322,-0.0902035796663723,-0.4876284440037336,-1.6276383988631102,-0.128067750150124,-0.635787274856669,-0.8877043916403342,-0.114466355543928,-1.038730306269631,-0.8402866863437791,-0.1608963943340264,-1.0052556663158598,-0.7119337306867672,-0.1873542230320977,-0.9061807561470232,-0.6502832866528195,-0.2046264510586014,-0.7760760304871182,-0.6144473320124039,-0.1419875737034628,-1.117646862069702,-0.5604269136741358,-0.1351501970955767,-1.0235183816315927,-0.4653661325791316,-0.1206673580811108,-0.8600025886108843,-0.4242284938961083,-0.1363861198722458,-0.8522964656815776,-0.3127892803773398,-0.1655730330807545,-1.098018595772225,-0.2710326396288425,-0.1804442911443569,-0.9759993472451548,-0.2136734369076892,-0.1494291638069481,-0.8021426923832552,-0.1972370186840208,-0.1492994990868857,-0.8885745437887677,-0.0429743425464811,-0.1887982447216464,-1.0349271973076657,-0.029049571212357,-0.2066533432336461,-0.8944604676288965,0.0191718289556634,-0.1632565222835823,-0.7334448557917062,0.0321288070651933,-0.1338538967873325,Up,2026-07-28 16:34:52.266,sess_20260728_163307
0.0,0.0,0.0,-0.0376022425951621,-0.419635098256399,-0.0438176859107533,-0.2231172275536904,-0.8667495016980966,-0.0843741625190297,-0.416537326963082,-1.2104248503019746,-0.1154828008753529,-0.4923238337216896,-1.4915330274639504,-0.1514245333856279,-0.6112024993110631,-0.8768597843325836,-0.1619163476878119,-0.9661401075048218,-0.7369737011231151,-0.2032593026446424,-0.9233586283144996,-0.6165643963073933,-0.2166742719597549,-0.8451966534493727,-0.588355038111617,-0.2271940935361248,-0.7142183549165256,-0.6773243873463096,-0.1764194314872322,-0.9930404812414058,-0.4379062395231945,-0.1774277424074412,-0.8603241130749739,-0.3567245801957557,-0.1643716806703264,-0.7145859319966466,-0.3596408682763095,-0.1814850326139681,-0.7725124305396427,-0.4242622334886231,-0.1840708127868458,-0.9844749150446354,-0.2248890923044628,-0.1986244053263588,-0.8542463874280852,-0.1690721153870126,-0.1707281669844952,-0.7121436584480235,-0.1781164539188591,-0.1730167438717146,-0.8179329208911266,-0.1827496712911867,-0.1947265628370994,-0.9635653512108816,-0.0462081765443931,-0.2178538392684403,-0.8375114770325717,0.0033255572500932,-0.189128946124624,-0.7136210789484669,-0.0028278027519524,-0.1671055535972946,Up,2026-07-28 14:57:36.696,sess_20260728_144941
0.0,0.0,0.0,-0.369807557412063,-0.1425362956124622,-0.2146627371016903,-0.6758317424694021,-0.4126625957247581,-0.3440655984094809,-0.806756000405295,-0.6702864583781878,-0.4501613056450844,-0.7050986363332725,-0.8599519663657491,-0.5088500335894293,-0.5036757544950196,-0.9219231759546486,-0.2353383647759111,-0.5775207869497051,-0.9744642662683604,-0.396462402991217,-0.5356486623597781,-0.6546776383974644,-0.4141828742968814,-0.4790936075096592,-0.5896446150463509,-0.4147826392467247,-0.2205301993877942,-0.9525428892400084,-0.209829634027887,-0.3274472773503551,-0.922224127629612,-0.3880662189144833,-0.3281024531234248,-0.5673810189729952,-0.365357497981561,-0.2890528665810625,-0.5578002362813711,-0.3264515969185194,0.0429198655994486,-0.9127988103756656,-0.2127384959104168,-0.0563130029669395,-0.840569207879087,-0.3946824662898147,-0.0984722734207621,-0.514804438721049,-0.3033524116334378,-0.0703986818352816,-0.508788556548216,-0.2175135057819412,0.2780437826965669,-0.8262683384338824,-0.2362683812334464,0.1700154119746226,-0.7556756249278315,-0.326164901244115,0.0909504323678008,-0.5296937058314405,-0.2692127042310485,0.0957363968502813,-0.5130074323347665,-0.21611358528492,Land,2026-07-28 12:38:41.607,sess_20260728_123245
0.0,0.0,0.0,-0.4071305784947377,-0.2181804610367992,-0.1483058455604241,-0.7410856843395863,-0.5873880191904459,-0.250049900337922,-0.857334247616583,-0.9690621903871712,-0.3537685456452057,-0.7112436372878239,-1.2237230309642422,-0.4126315382275957,-0.5323420730207609,-0.9833388430052824,-0.0626133618213183,-0.6169957229137939,-1.28141033072735,-0.2790471352960284,-0.5924854365193011,-0.9389119686743772,-0.3523480458732721,-0.5237325192894702,-0.750464188888814,-0.3668877121502075,-0.273167308656793,-0.9589348251785416,-0.0763126630448984,-0.3695535274254226,-1.2610798436706143,-0.3063732876089708,-0.3709443523590197,-0.8443825828083689,-0.3086330328264662,-0.312197129315189,-0.6889014138352609,-0.2500574969291182,-0.0159818885327851,-0.8959631440487097,-0.1301239277136646,-0.1126497880658777,-1.157081296414988,-0.3707356890361574,-0.1478565352640081,-0.7475864410966262,-0.2697469823650882,-0.1148629701555181,-0.5876381416642099,-0.1359224287936549,0.239142448743493,-0.7830576250064769,-0.1962367155941083,0.1265984688459009,-1.0031879196381168,-0.3386020245674733,0.0539793261694506,-0.7159040936685372,-0.2603135437886156,0.0599808424868893,-0.5697875335516702,-0.1613001077829075,Land,2026-07-28 15:11:04.159,sess_20260728_150914
0.0,0.0,0.0,-0.4172084877314559,-0.2756750815016516,-0.0859035705315837,-0.6887277865239839,-0.7222702193857728,-0.1304559033539146,-0.834807721468115,-1.0942785763362393,-0.2088920425510983,-0.9927742927219624,-1.3343326194643506,-0.2674824548518396,-0.4176722818149163,-1.0066145570352387,0.0605175338806998,-0.4284180010029131,-1.277321042923471,-0.1205702079615734,-0.3902972084206295,-1.0198399320082123,-0.2311835282716224,-0.3721192553597761,-0.7677687658495872,-0.2600913615342304,-0.1439239964109842,-0.9891581067808596,0.029191146719454,-0.1434214337943705,-1.2405965296694406,-0.2013117230838415,-0.1554782435601389,-0.882636664864266,-0.2991586164377331,-0.1865157190679456,-0.5967468910563622,-0.3027405738449599,0.1335836124393509,-0.9478861466104016,-0.0348268028351194,0.1493405726272358,-1.2180116146136122,-0.2375121852415334,0.0751864689280631,-0.901006624186684,-0.2497704893572433,0.0087954579254739,-0.6366770518898931,-0.1849611324848536,0.3979731739400737,-0.8696012557037435,-0.1094789259634269,0.573001266522415,-1.1784594469783265,-0.1797133269158885,0.6913060980235904,-1.3674714514915225,-0.1786951045499149,0.7724678181351354,-1.5720289236420064,-0.1538436713718043,Hover,2026-07-28 13:00:20.196,sess_20260728_125902
0.0,0.0,0.0,-0.1386317284128019,-0.3850339300125646,-0.1863940788928627,-0.0040722563955844,-0.7722423769439345,-0.1482604564469861,0.3668930283218296,-0.922139152605574,-0.074082668753667,0.6428241657047362,-0.9331598233990036,0.0039202554204089,0.0044772687283105,-1.0537747778444524,0.0827117022407586,0.0596805637668569,-1.4597778505979715,0.1165474236560311,0.0770867388596324,-1.6948981199277011,0.098737876245257,0.1119919566617579,-1.8956696926268648,0.0677088118602894,0.2186067186006861,-0.9649273935463027,0.1453486421215515,0.3233508940023251,-1.392061385797905,0.2252211527804579,0.3712301970094112,-1.6204308411129675,0.2066342241278095,0.4272170483018062,-1.80085858729531,0.1704647831466757,0.3909776856492867,-0.8047747929161905,0.1704415947645274,0.6156463550350624,-1.1630594267159031,0.1255667987383825,0.6922037256626247,-1.3525956150413028,-4.664941497163914e-05,0.7918347059295826,-1.524038590452046,-0.1008556952665769,0.5253511942573933,-0.588522850244368,0.1828634798802103,0.6148894953687793,-0.7968194379976017,0.0654665694637334,0.5103349341916449,-0.7039112061019727,0.0086153341481655,0.4289648761714861,-0.5820127618697157,-0.0283251330177731,Left,2026-07-28 15:05:11.438,sess_20260728_150120
0.0,0.0,0.0,-0.3814836595122943,-0.1426856365412406,-0.1843926175407615,-0.7522194353820081,-0.4896036101168659,-0.2685318969133218,-0.8762144887140393,-0.8389699125902632,-0.3406418299994898,-0.6489545659470349,-0.9685365596346398,-0.3600050031089895,-0.5606056694892576,-0.9134584783336877,-0.0444700386019069,-0.6989002799602086,-1.057139803382489,-0.2135720287776761,-0.6461810530939825,-0.7740250723480023,-0.2458099287066091,-0.5694439608589763,-0.7465201141040616,-0.2500821551074645,-0.3053615494388072,-0.9519097541167676,-0.0249428174368109,-0.4538560531956349,-1.0353393797865194,-0.2161344001447348,-0.4028830446191266,-0.656845848651797,-0.1792797189316685,-0.3279024670796366,-0.6793108465916442,-0.0991491382511142,-0.0471786527055267,-0.9334034635379256,-0.0534687714341307,-0.1884054579796519,-0.9494444165992906,-0.2489989145670542,-0.1743500820592562,-0.609282123402833,-0.1534549483877288,-0.0951548206905566,-0.6315550738244015,-0.0353308624687565,0.2087413807686045,-0.8791479216925943,-0.1011144402702224,0.0463916945003232,-0.8961062323769016,-0.1855703015375226,0.0312507646065687,-0.6698960868314625,-0.1249419606118723,0.0934473116732709,-0.6742490553005729,-0.0526360048127819,Land,2026-07-28 16:29:21.624,sess_20260728_162716
0.0,0.0,0.0,-0.5237078386658743,-0.2081211879700617,-0.0710279422215326,-0.8874745289438035,-0.6067089003686136,-0.1053967973294259,-0.9720856387116223,-1.058181324525793,-0.1736389749927335,-0.7293324822902677,-1.284954715583115,-0.2072550772671273,-0.6163995261385133,-0.925624840619476,0.1439599979478301,-0.726271155302593,-1.2751741347264949,-0.0489751382391768,-0.7123398501331029,-0.9679396711307178,-0.1344599539638557,-0.6328239930887187,-0.7654154654012688,-0.1565562952568378,-0.3640240294772488,-0.9256875237762624,0.1029034221399775,-0.4775092950627451,-1.2538769772562506,-0.1243369148320268,-0.4469999333531497,-0.8403263830826799,-0.1580440953104106,-0.3665425604951121,-0.653849594016325,-0.1136128890426782,-0.0910264084641853,-0.8966429183964972,0.0183456934753242,-0.2150144325237803,-1.2144562481778167,-0.2179530863752549,-0.2171624669741286,-0.7845867865036691,-0.1346904704801491,-0.1556290651562987,-0.5694051284250219,-0.0023557444270659,0.2030439579755176,-0.8094458905746409,-0.075187611833126,0.0561600916847382,-1.0898200401090916,-0.1957419360710339,0.0045562092866179,-0.8042830394047225,-0.1178841436582895,0.0459764570729298,-0.6258660569802729,-0.0195425222690634,Land,2026-07-28 12:38:47.606,sess_20260728_123245
0.0,0.0,0.0,-0.4603959581089137,-0.2099401636907501,-0.1516424400102611,-0.8293188684673218,-0.6180233438488593,-0.2229072461655641,-1.0950729868778355,-0.9690672748914544,-0.3081811529013055,-1.3573442543674628,-1.120588676011005,-0.3713129711766382,-0.5830086628193186,-0.9270986393586488,0.0065808037782057,-0.5448529314301236,-1.2486979134200038,-0.1836989884880574,-0.4441413067832949,-1.0027702950925328,-0.3094501473963063,-0.4067380629095758,-0.7562192220157591,-0.3476068185725819,-0.2903123524659177,-0.9568163984655258,0.0148700246524561,-0.2431496077170715,-1.2776382806537676,-0.2121972916264222,-0.1731220312534433,-0.9425790001085208,-0.3230660645568779,-0.1790778378983503,-0.65026781450077,-0.3326972844954964,-0.0177287073616173,-0.9593141645684756,-0.0119324371041289,0.0398565580477541,-1.2515112600246356,-0.201126341374926,0.0549844986423824,-0.928026397164666,-0.2292813285453911,0.0196345955611741,-0.6496161661390477,-0.1748747167262384,0.2132553565964486,-0.9233795259656872,-0.0534011749256426,0.2963050927430943,-1.2323142293282117,-0.1021920303076827,0.3631929345489811,-1.4124969748972815,-0.0998454994406864,0.393605384265874,-1.5861087291984513,-0.0762057016781932,Hover,2026-07-28 12:59:28.402,sess_20260728_125902
0.0,0.0,0.0,-0.2514246992699149,-0.2944978331708457,-0.0964072794078198,-0.2795252044238728,-0.8085184676696665,-0.134399229266424,-0.0464103842124382,-1.1507927502199595,-0.1897501986495267,0.2613885739117768,-1.219135400456776,-0.2343071756700205,-0.1516608078584558,-1.0403527485596835,-0.0285202540989713,-0.2249612300089901,-1.5092333871813817,-0.1720115966353931,-0.2754075402405455,-1.770523784391753,-0.2320511000704214,-0.2885041303993202,-2.001096994642653,-0.2675378679941765,0.1133003828858674,-0.989962647519828,-0.0844806472125331,0.1930875881701554,-1.5261869732908169,-0.2774402875056254,0.190741043800762,-1.833132339538924,-0.3622706201035606,0.2503558155840891,-2.099351798038142,-0.3816311262236085,0.3205473088567855,-0.8303235433532581,-0.1608884642299457,0.2501740068777828,-1.0549066870067587,-0.4163910949054973,0.0551964414519457,-0.7330263415646098,-0.4009424682393261,0.0600705813607625,-0.53754562054407,-0.3072354960016478,0.4994998003870191,-0.6233293314841057,-0.2441552040768328,0.3197684100575182,-0.8208150995206935,-0.4287219295193981,0.1751465535245939,-0.5812668267293551,-0.3983516562976475,0.1991440906989842,-0.4219451302625449,-0.3271511625817649,Backward,2026-07-28 16:31:58.689,sess_20260728_163042
0.0,0.0,0.0,-0.2493409665522166,-0.2451565330494204,-0.1323431252846691,-0.2928628555592116,-0.6630165277613727,-0.1253762774645075,-0.037999843654102,-0.90406152738624,-0.0985334479769232,0.2409644299315913,-0.929971888564302,-0.0765833583713747,-0.2564483755620295,-0.9865648158298416,0.0073975886570525,-0.3879627507213375,-1.377992218303758,-0.0106038500048199,-0.462519388340456,-1.5978574210733092,-0.0517246011580661,-0.5094353531475547,-1.8075885058459384,-0.0985456883726324,-0.0334033426527153,-0.9994356693889394,0.003543931814818,-0.0239036335194813,-1.460023476803966,-0.0029580006709074,-0.0264004418315842,-1.718351217932513,-0.0467915473778202,-0.0201136816303011,-1.9403233569166567,-0.0838325100014375,0.1680890648927347,-0.9192929180166018,-0.0244696291219967,0.2664456800221008,-1.3200550941651137,-0.1307291748808079,0.2890479580534594,-1.5892543209257752,-0.2551564480791972,0.3358877690062407,-1.8344758520258289,-0.3406407570708609,0.3505486642315226,-0.7567926783571484,-0.0586613224979656,0.3426361005849637,-0.9925113240187522,-0.2010407096307393,0.2325834774720077,-0.8566682646173408,-0.2309003802547782,0.1690504007810615,-0.6784405109470074,-0.2420442146914224,Left,2026-07-28 15:04:40.099,sess_20260728_150120
0.0,0.0,0.0,-0.1939053030117574,-0.203562504173432,-0.1088033135706234,-0.2994348977608188,-0.5506455986262497,-0.167012252877732,-0.234976884198071,-0.7498677926314261,-0.2251730419378947,-0.0559313268523849,-0.8160758814161213,-0.2981440559517014,-0.0153085961056054,-1.008824621934666,-0.0786489615841625,-0.105554759806491,-1.3998339863692344,-0.187950261293037,-0.1776635394841566,-1.6369487231361948,-0.2899931895068994,-0.2245166086598267,-1.8449714026198496,-0.3678325200072382,0.2033046727078373,-0.9706115558098312,-0.1287649711046377,0.3305761412556955,-1.4156890762804824,-0.2134881957066444,0.3803772012525943,-1.7036598187413252,-0.3091466127238403,0.4328497307671529,-1.956604112451908,-0.3762041693608636,0.3653339419805889,-0.8318456897438578,-0.1961024522145458,0.464307229866803,-1.2218836976780507,-0.3583852116125753,0.4846229365805096,-1.4954360395443511,-0.4965660268843297,0.5296900224990696,-1.730020069234771,-0.5871538319935362,0.4775188850173522,-0.6128422889582168,-0.2652827403113888,0.3561147011166367,-0.8184542000893379,-0.4376318170094223,0.1713831652685639,-0.7293645988816649,-0.475945396199897,0.0424630175488694,-0.5933259775191165,-0.4910760709345527,Left,2026-07-28 12:41:55.463,sess_20260728_123245
0.0,0.0,0.0,-0.2094449351815803,0.4346584977300087,-0.1880694284755285,-0.5325451196857589,0.8135388041984037,-0.3082919265004605,-0.8010877996488667,1.1188494949215118,-0.4224024113629875,-0.9465382455728788,1.365593480613959,-0.5000206621985244,-0.9554695310101696,0.4379545932132998,-0.1485194562684389,-1.2722344527966176,0.450221698339932,-0.282696481427852,-0.9619956436801752,0.4373821398916059,-0.3272526327478804,-0.8616585739811068,0.4242309660432077,-0.346106064331939,-0.9765802676759312,0.1743522916050535,-0.1260645041162369,-1.2760706623330076,0.2099955715638639,-0.2663651025198884,-0.9388456023903357,0.1995043266911746,-0.2715805094605012,-0.8629333203745246,0.178073431266324,-0.2561548472772362,-0.9629636014300276,-0.0857885498419824,-0.1319130125740502,-1.270539585516857,-0.0573276766353926,-0.2425105719841142,-0.963535668611201,-0.0557673793270387,-0.1776127190456445,-0.8595252441402782,-0.0704471869611068,-0.119104526370736,-0.9254624546242256,-0.3221278826734702,-0.1595461573741983,-1.1727879679405993,-0.2914725728886771,-0.2048795854282822,-0.973511802029496,-0.2634233254769781,-0.1464820340793984,-0.8620807221051822,-0.2652212922757215,-0.0949773564936812,Down,2026-07-28 14:58:02.535,sess_20260728_144941
0.0,0.0,0.0,-0.2886932817011897,-0.2497796812168881,-0.1053479956226857,-0.4704989793177506,-0.593144280211322,-0.1559579187109698,-0.5629983277995242,-0.8874795538969839,-0.2079298768803821,-0.687435343046032,-1.098339677729603,-0.2556518645751005,-0.2775826536177403,-0.974842035318648,-0.0390591458239696,-0.3536057216114407,-1.3412539812517446,-0.1423204291917305,-0.4064417079282576,-1.565673624840893,-0.237559547800929,-0.4575890645508977,-1.7618761400348386,-0.3058453347287924,-0.0742970814692188,-0.9954016192878328,-0.0604612272809308,-0.0705850241098104,-1.417899595774252,-0.1323988462998871,-0.0613140684722562,-1.6702608358940043,-0.2003716940506442,-0.0489000908687992,-1.882797776585272,-0.2516722010569827,0.1185958204885463,-0.9151080598038726,-0.1044620771299556,0.1380476229925887,-1.2807602485800975,-0.176152604695493,0.1532215636047165,-1.496413051811992,-0.2249213030101362,0.1586524390157641,-1.6818115678242052,-0.2610482858825226,0.3065780156561547,-0.7587854754262444,-0.1632287315994789,0.4011220952928741,-0.9839762851501684,-0.2149954669926804,0.4490444468517535,-1.126169506662512,-0.2299876211913932,0.4807400009703512,-1.2566302603134432,-0.2410698782766923,Takeoff,2026-07-28 12:33:57.493,sess_20260728_123245
0.0,0.0,0.0,-0.1501859545693953,0.3088872147888287,-0.1984635626092945,-0.4259223829095286,0.5860031757836647,-0.3340638693024853,-0.6363433133469837,0.824616478184849,-0.4358823733450809,-0.8166490736326014,1.0338695855849378,-0.504790066192811,-0.9658323895442986,0.2371887708531838,-0.2422997630826362,-0.6433063267720706,0.279994646477882,-0.374755814505106,-0.4808861002279117,0.2657338414290792,-0.4348336899655348,-0.5476563173783653,0.2433583678618975,-0.4818295504814864,-0.9755883305113102,-0.0241074221776856,-0.2182801905031725,-0.5895277875918608,0.0397647757943603,-0.3345433110286883,-0.4272618914229565,0.0611764476883859,-0.3556013515445435,-0.5129624533022156,0.0321300012523685,-0.3791285084706536,-0.8865923063389082,-0.2455967801470924,-0.2125563425819616,-0.5265061591531778,-0.1736805777479014,-0.3341788256461044,-0.3748978212241554,-0.1347882490895501,-0.3210340892542482,-0.4554430701946342,-0.15396054766674,-0.3169743806815933,-0.7481283656141041,-0.4328897492426354,-0.2284151595227439,-0.4823127234330127,-0.3731132419985005,-0.3232977992841048,-0.3510107579485733,-0.3107437300593596,-0.3343077169485148,-0.4004110065672098,-0.3144530295364043,-0.3372458733307433,Down,2026-07-28 14:58:12.552,sess_20260728_144941
0.0,0.0,0.0,-0.201765023719922,0.4022921423113854,-0.1920158580470697,-0.5082493145192024,0.7850693519242816,-0.3155024710820924,-0.7603171832924838,1.07794147635635,-0.4278486707665063,-0.902452785255151,1.3023892974147846,-0.4953307292287614,-0.9567905647376151,0.4570864775056796,-0.1646762246198404,-1.2365129767050669,0.4665661926898037,-0.293280125835976,-0.925873464131684,0.4483052510945872,-0.3037533108246084,-0.8342286629014241,0.4577477898035857,-0.2930304536335585,-0.9713842615413628,0.1970319579838925,-0.1326311575866509,-1.2225711908406118,0.2306760245335028,-0.2669806294135208,-0.8808601165564732,0.2285714785752909,-0.2445925450069048,-0.8603719823817413,0.2144760895246684,-0.2102459681905596,-0.9479937528042586,-0.0615272093191915,-0.1285737385394172,-1.2062289843212008,-0.0294125972548898,-0.2327341431071289,-0.9029554540947812,-0.0151028000333029,-0.1410405477532667,-0.8467201730232656,-0.0267546937630787,-0.0682613152282156,-0.9025961649106592,-0.2969090606713722,-0.1454536634502471,-1.1131967498899342,-0.2637515054933567,-0.169052610674329,-0.9156961895864064,-0.2161159652904218,-0.089235746294878,-0.8404872509955853,-0.2110509207808436,-0.0267850411616187,Down,2026-07-28 14:58:04.905,sess_20260728_144941
0.0,0.0,0.0,-0.3246810713404963,-0.367986266111092,-0.0277527393103317,-0.4823863163486493,-0.7261482209871863,-0.0975843778181933,-0.50893711623663,-1.0151192064329022,-0.2067664231828294,-0.3984418506736761,-1.2223249390569906,-0.2900392578734765,-0.0735179731619726,-1.0402931525029786,0.075330407808269,-0.234576909743021,-1.2827257757544408,-0.1434370941130917,-0.3330900752915615,-0.9924702248092886,-0.2656991202807005,-0.2809186099253015,-0.7908001432875862,-0.3193315426884208,0.0949589666170691,-0.9954801423958912,-0.0014424820534556,-0.1225909681027193,-1.2506428405095396,-0.2371839525474264,-0.2189204162490364,-0.8996070819578068,-0.2740110292300442,-0.1062407740815844,-0.7414689607892211,-0.2458075543056908,0.28342775351717,-0.919761971774826,-0.1139281446171491,0.0302147559982013,-1.1632893102705903,-0.3374316715482184,-0.0661206249685887,-0.8113843935195725,-0.2697687329907581,0.055091511709402,-0.657398477612721,-0.1702096194328675,0.4688064198872379,-0.7985086349546618,-0.233919555416001,0.1880181122782493,-1.0048160946123297,-0.3475258986479732,0.0969442641345865,-0.7624880647884643,-0.2827351868019726,0.1965626921638257,-0.6169199421963416,-0.2028730234808464,Land,2026-07-28 15:02:35.006,sess_20260728_150120
0.0,0.0,0.0,-0.2573492666013898,-0.1335617979513881,-0.2005452167607716,-0.4986657133227576,-0.4469683687245108,-0.3450641891333048,-0.540754821090477,-0.7311367373543938,-0.4784114133941591,-0.3233562700146482,-0.8515696277372539,-0.5840474167576353,-0.3260719914388733,-0.9509748762896292,-0.2317937466353279,-0.4269064856753208,-1.3715483294977246,-0.4975114354876894,-0.4847723809416837,-1.6008548989555882,-0.6299409311988338,-0.5235646369177811,-1.8187218333763144,-0.7144684692234107,-0.0348075184934892,-0.9749677648118475,-0.2196048593135297,-0.1652407476376945,-0.9853587236860007,-0.4943833820954666,-0.2375273092160784,-0.5978425686209842,-0.4781855972148103,-0.2126196879936049,-0.5457288331619297,-0.4116016833941402,0.2250406086877069,-0.8848924934384713,-0.2470185569252495,0.0543876174088219,-0.7386705578246725,-0.4930102200017291,-0.0438953150681594,-0.4391093214144739,-0.3725421847612842,-0.0156258353422343,-0.4567182158152974,-0.2431090861335184,0.450029160464454,-0.7343591116842961,-0.2998173916131627,0.2602009287213142,-0.5815148669569736,-0.4622817277150925,0.1466092699562366,-0.3814640237509898,-0.4157545105805774,0.1646000868424181,-0.4072301330162086,-0.3479142405814792,Forward,2026-07-28 16:29:48.748,sess_20260728_162716
0.0,0.0,0.0,-0.2978937709627627,-0.2433376911180187,-0.153229748917276,-0.4802208077350227,-0.7098612469353188,-0.2262182871426114,-0.4222446069476336,-1.1102075668318927,-0.3054825845968669,-0.202191148349435,-1.2941650983871782,-0.3762557040153125,-0.2931568524056622,-1.055310645342759,-0.0541849160251762,-0.2995457654988075,-1.5121113321576043,-0.1993094577472327,-0.3074971046588556,-1.7830418395047478,-0.2873497842121453,-0.2915745037876991,-2.020283229998319,-0.3566495479690534,-0.0397757052343772,-0.9966664580204444,-0.0712310657655034,0.009259503669044,-1.3066627636991834,-0.3242776852883988,-0.081131268767835,-0.978121385344719,-0.3791539786361222,-0.1615780318854905,-0.7098778490612023,-0.347364207241603,0.2013505827159498,-0.8726689982850053,-0.1146855063703127,0.2381536773108736,-1.1287292305101222,-0.3786260310330247,0.1018666599113799,-0.7903445347299181,-0.3283222329381823,0.0056360896949547,-0.5389111489672935,-0.2156511792863199,0.4293970518101642,-0.7092745278065934,-0.1711885797753951,0.4369156565590571,-0.9423555915750008,-0.3622441738546139,0.3052515011118438,-0.7300857906654262,-0.3287476416612915,0.2167319542833019,-0.5332352141702184,-0.2546808887467762,Forward,2026-07-28 15:12:03.438,sess_20260728_150914
0.0,0.0,0.0,-0.4045921429945265,-0.1374322121953186,-0.1637642617757733,-0.5873082921797533,-0.6308903512138744,-0.1960968834474795,-0.3942966139440625,-0.9835935734863928,-0.2128981384063223,-0.0686504023335993,-1.0114632042898977,-0.2413805947374349,-0.3052089304107623,-0.9726546491035925,-0.0796534628256043,-0.2490979159035909,-1.4648948108653306,-0.1485865418112966,-0.2141652809302799,-1.7904612751591105,-0.2049111562460942,-0.1739554801254206,-2.057142922680398,-0.2593517528631324,-0.0749829411448034,-0.9925800428101668,-0.0957205158377363,-0.0500151095576732,-1.5609005490431445,-0.1813536985867235,-0.0492547514942012,-1.9469414599553048,-0.2623260017643807,-0.0099739316953859,-2.2446037864305626,-0.3068749092410843,0.1511810508358998,-0.9324449486098232,-0.1332251647796089,0.1641907973641246,-1.5192024325934652,-0.3113726077464837,0.1192997789144037,-1.8458432286629425,-0.4507599081669456,0.1539131236877105,-2.0784323465910743,-0.5303365956859842,0.3800087035049194,-0.7770470201654487,-0.178140207735425,0.2163495549186841,-1.0850941525614193,-0.4044088116442871,0.088408577452864,-0.9221438021383098,-0.4740634784571015,0.0747803127426644,-0.6828978396444608,-0.4953380563264331,Left,2026-07-28 14:55:07.320,sess_20260728_144941
0.0,0.0,0.0,-0.4757455170966713,-0.2584179283535645,-0.1183304816615706,-0.7873045497303308,-0.6967800709210757,-0.1729797857142686,-0.918072243480578,-1.1054126280069916,-0.2610897447855378,-0.9774721813072615,-1.4077308877125996,-0.3137409647905776,-0.310633905895165,-0.9659390759055646,0.0721998645817561,-0.3283523836451932,-1.2858278818822924,-0.1221915588514377,-0.3223483434030001,-1.0054090310083057,-0.2348707064973168,-0.3075428847069488,-0.8187726832679387,-0.2690955269990661,-0.0557830838031387,-0.9972270882359068,0.049258319601332,-0.0745032776453392,-1.2791042649851905,-0.2007616908137683,-0.1056790800135079,-0.934658127151978,-0.3110306199353644,-0.1058966381775779,-0.7802832535271034,-0.323097378560941,0.2168575581641466,-1.0130401157020137,-0.0151425091630351,0.2626539553338506,-1.3985819412823697,-0.2407424812647627,0.1942975030894053,-1.1160536036644664,-0.2608824288077632,0.1547535822472099,-0.9371379471343628,-0.1999574395325027,0.4600657894147652,-1.00102204530193,-0.0928755331753482,0.5305851088617511,-1.4212330155890178,-0.1929586837072432,0.5493227598293617,-1.6990200786721366,-0.2120928409879071,0.5795576937736949,-1.983692615468298,-0.1943156346425686,Hover,2026-07-28 14:58:38.023,sess_20260728_144941
0.0,0.0,0.0,-0.2887647722752573,0.2657344031755254,-0.1739457381254308,-0.7383483232888635,0.4708775161878889,-0.2575525200971544,-1.1348244257422495,0.6139035060020511,-0.3490916383920935,-1.4044254094916304,0.7205311633308206,-0.4084134426911498,-0.9966897282125148,0.0758727020747207,0.0360322285635239,-1.323058425465441,0.0673534139010557,-0.1412164873528867,-1.0941513623395418,0.162346030193348,-0.2709241907168015,-0.855408394949023,0.2032359829026506,-0.3285441811953398,-0.9901245069545084,-0.132074111409278,0.0470094652547933,-1.360717153032469,-0.1851798191813654,-0.1453618680409045,-1.1122850878431794,-0.0608318412936331,-0.2273188180599584,-0.871016236872261,-0.0242748391936357,-0.2269969334395142,-0.9242741024218644,-0.3249297746772475,0.0138465124315006,-1.3066730315096424,-0.4216825211924999,-0.1539557360913243,-1.1096116241133165,-0.2788778693657158,-0.155891589205225,-0.8780610774976156,-0.2195042282644888,-0.0999500005586622,-0.8087826742900793,-0.5049889688561245,-0.0408083436537168,-1.1115775541777302,-0.5727887337291052,-0.1418292608939697,-1.0268891786313612,-0.4352323647012001,-0.1328143316547734,-0.8495071231795162,-0.3553640380730909,-0.0907643854312238,Down,2026-07-28 16:36:27.054,sess_20260728_163307
0.0,0.0,0.0,0.1721645387112556,-0.368827487239175,0.1109116000058675,0.2159560274295223,-0.791136922422736,0.1383544630571451,0.2654606005211284,-1.1238286893322036,0.1497447503687793,0.4075789468199957,-1.295330836120457,0.1553893403204254,0.1892554187950167,-1.0538125189214569,-0.0507440906426784,-0.2377244657236414,-1.2011093540029345,-0.0360905180623761,-0.2773459862674091,-1.0184575083466774,-0.0173754068063659,-0.21932089505294,-0.8891715807167573,-0.0090063902038091,-0.0309363543329689,-0.9922505171311388,-0.1203405718516096,-0.4368680031615101,-1.1118955842393452,-0.0892931004870866,-0.4533989163238706,-0.9328003824161258,-0.0586397222878803,-0.3853503927029658,-0.819526420054532,-0.0661173959875259,-0.2680840206259717,-0.8855452372216801,-0.1667082209536974,-0.6333749649897427,-1.0381076243799103,-0.1523958284233551,-0.6423271634344735,-0.874119313608631,-0.1271708425283177,-0.5580592914945326,-0.7581880209900882,-0.1386934611443746,-0.5106806806619377,-0.7439107847078026,-0.195969107355601,-0.8008557354386884,-1.0301988372299156,-0.1977562949383934,-0.9841704224296024,-1.1475425081114692,-0.1750076489703908,-1.121863534734263,-1.2830343204215968,-0.1700368087999223,Hover,2026-07-28 16:25:57.318,sess_20260728_161633
0.0,0.0,0.0,-0.2485887779650505,-0.2741738124897557,-0.1592318027347361,-0.3355191347829618,-0.60613557582296,-0.199362195765915,-0.1425364326301139,-0.891849969654725,-0.2420672151998553,0.0662805011433613,-1.0599287606773835,-0.2682598646369215,-0.3797883037900361,-0.98315362859359,0.0229903563098826,-0.4985631436361813,-1.3825333583544153,-0.0718214453500238,-0.5539796419010073,-1.631653508087773,-0.1411604636157889,-0.5937255260627305,-1.8375887244822104,-0.1786663708100172,-0.1402927003170544,-0.9898371422731884,0.0232462903319321,-0.1176474658494539,-1.457207191642053,-0.073364906820733,-0.0728091020038725,-1.736565383861998,-0.1400660403691546,-0.0177480327531041,-1.955609490938973,-0.1597073931777714,0.0705448789847576,-0.8767939226678232,-0.009941859552062,0.099681276406317,-1.103470432586764,-0.201072129779687,0.0272554122318629,-0.8664618307867018,-0.2357843680047315,-0.0082568301475469,-0.6814090318772699,-0.1840197988651629,0.2496618438874221,-0.7107039626562047,-0.0552801254904825,0.2479737486524722,-0.9122071009570558,-0.1931189048774055,0.1662397116378274,-0.7784716576758982,-0.1754041695216413,0.1211687859817908,-0.6475388191605501,-0.1155341780644196,Backward,2026-07-28 12:40:59.194,sess_20260728_123245
0.0,0.0,0.0,-0.2786508525860681,-0.0157608717863879,-0.2901402751035296,-0.6116430832287986,-0.101942883401219,-0.4907736962320284,-0.7770476647043294,-0.187177658888606,-0.639411806282859,-0.6225959576958392,-0.2943972414522862,-0.7475809502134602,-0.4539084038206887,-0.891120790972825,-0.4144155888828268,-0.4122047687559731,-0.5671697557701186,-0.615561758533672,-0.3793030287714095,-0.2897212512998088,-0.7095412946454949,-0.3880091239851165,-0.1145644161522414,-0.7522231911758168,-0.1147182805701935,-0.929130484169246,-0.3515057033540719,-0.0936862901960886,-0.4656810248564299,-0.5243178334486246,-0.0853701708603517,-0.2175700004297821,-0.5749533112625399,-0.113675643188786,-0.1240135250319138,-0.6023434364620696,0.1807522914245942,-0.8599318888223029,-0.3076863328893949,0.2085620226965699,-0.4068830263830751,-0.4739903834299745,0.1990994938633455,-0.2395286319531077,-0.4624276983012837,0.1486665111901546,-0.1808799802895786,-0.4369594499647619,0.4108599831134059,-0.7271634385476687,-0.2892318372576416,0.4543989629148848,-0.4558076594253578,-0.4336993645651357,0.4277918455003219,-0.2878629199099318,-0.4279205797642147,0.3810423079000731,-0.23012562925049,-0.390050932419712,Land,2026-07-28 14:52:37.639,sess_20260728_144941
0.0,0.0,0.0,-0.3231466695723251,-0.2300742726632092,-0.1144107144640044,-0.5249128068526356,-0.5915749839765129,-0.1575059332812175,-0.6138431245039203,-0.9083380149321656,-0.1995842964435028,-0.7304111559672105,-1.128580492010907,-0.2384689490786292,-0.2873578026339994,-0.959705874432374,-0.0369479610382256,-0.4015693754440657,-1.2976013225069547,-0.1270100607669596,-0.4596369861366414,-1.516955794839418,-0.2122070194512514,-0.5020396623234518,-1.7168096928647545,-0.2799828144258923,-0.0627720330161144,-0.9963185686913516,-0.0583864843250606,-0.0604199148651068,-1.4265115100150911,-0.1352809807508621,-0.0482394735314046,-1.6702988553445748,-0.2001958422021908,-0.0359429547670039,-1.870343425431556,-0.2483996306046601,0.1468381978623009,-0.923543290253226,-0.1038788733810173,0.1688519849598339,-1.297912350494339,-0.1939929234956524,0.1749682486399827,-1.5189859717403258,-0.2524696265221136,0.170127720568376,-1.7122096906231048,-0.2909389240987282,0.3455395685348636,-0.773162994553734,-0.1634664659425633,0.4572068009529151,-1.019379470944977,-0.2312543058108545,0.5261434012381284,-1.1762111170957152,-0.2583968458289494,0.576414849878502,-1.3263769919857225,-0.2787520030152888,Takeoff,2026-07-28 12:34:27.045,sess_20260728_123245
0.0,0.0,0.0,-0.3032132299767188,-0.5090066044545889,-0.1377568907399725,-0.6422365401130797,-1.0955694071488826,-0.2814716685042497,-0.8425924900891235,-1.5533059900392303,-0.3974691329249901,-0.8080957550927994,-1.9704167217537607,-0.5044194311003922,-0.4362019898953787,-1.172373684307466,-0.4394632670842761,-1.3021646070707358,-1.0760131779733688,-0.6676526871105181,-1.2027212156998408,-0.8614300103974205,-0.7407951886231054,-0.9394456729434748,-0.851933898480836,-0.7730856345289029,-0.3794414559122668,-0.79399923529839,-0.4749625205010928,-1.3252066559921547,-0.7046040013477385,-0.651302813248883,-1.1198976980020652,-0.5833410458615319,-0.617174165949668,-0.8494127816942546,-0.5930668899312911,-0.6087169252006609,-0.3802137689485576,-0.3973209845376248,-0.5156296718392788,-1.211875998982851,-0.3545083758064007,-0.691585227762005,-1.0115337296855915,-0.2741078009675762,-0.5862419361127618,-0.7480248410118434,-0.3106844293491783,-0.5189416867352168,-0.3863475313963175,-0.0193653019665643,-0.5593129826394361,-1.0422996833479623,-0.0500936552727786,-0.704227551631019,-0.8744528120122541,-0.0170204852480934,-0.6438085976401036,-0.6189202753219349,-0.0282768445016248,-0.5844279555437334,Up,2026-07-28 12:58:10.968,sess_20260728_125637
0.0,0.0,0.0,-0.3098901833089741,-0.2223061976047049,-0.1262307155384199,-0.4849631284800395,-0.559014228565026,-0.1777044720531808,-0.5392938117361212,-0.8806689541064996,-0.2273660892455864,-0.6519137360747101,-1.1170113689905752,-0.2725180031168005,-0.3325433156496454,-0.951172140689442,-0.0341265327795886,-0.4205445614290061,-1.319625684367923,-0.1295378056907504,-0.4608567362333757,-1.5467355852458318,-0.2200640713443657,-0.4869010088319904,-1.7500804398834138,-0.2928211406143151,-0.1297930766667984,-0.9902299290637115,-0.0509749432156961,-0.1556849196960212,-1.4118240559538626,-0.1409536260231287,-0.1689171561996988,-1.6752577695186377,-0.226145583478214,-0.1843362658547814,-1.9006644153046284,-0.2899567544470042,0.0537860532733788,-0.9356606778274764,-0.0926485718551241,0.0753070235076757,-1.326376289471319,-0.1872951220390777,0.0640418033893795,-1.5732720296018217,-0.2604992723816378,0.0339777605638293,-1.7865767298690964,-0.311693505075675,0.234992133481561,-0.803489205367503,-0.1490840996363816,0.2542510515791106,-1.0759263542168855,-0.2313988403773243,0.2361629208799603,-1.2606118515182445,-0.2730529934829384,0.2016401962046043,-1.4256430894977996,-0.3022150054294679,Takeoff,2026-07-28 15:02:27.116,sess_20260728_150120
0.0,0.0,0.0,0.0456875495363973,-0.4972321879844908,-0.0609402681705156,-0.1356100069907963,-0.9734307024499844,-0.1155015383829003,-0.3661147426422918,-1.3313014223881876,-0.159784850093201,-0.4559892009889512,-1.6506686234681782,-0.2096539699917962,-0.5850192481838636,-0.9510149079958102,-0.1229585639863543,-0.8825482980307547,-0.8117622473110554,-0.1634987986495352,-0.8163165321524499,-0.6795043656905384,-0.1959543067676893,-0.7209297070675346,-0.6448193095748673,-0.2239396164578974,-0.7201762899878386,-0.6812213543011189,-0.131467021657532,-0.927242646088528,-0.5251400797589899,-0.121472597474242,-0.7953590097105411,-0.4447586062365767,-0.1278251597377115,-0.6491684369396328,-0.4132455732672763,-0.1624529353932482,-0.7774827906937766,-0.3823735606400471,-0.1349496577982141,-0.9165741757841248,-0.296843091923747,-0.1490877527549662,-0.7813177927183104,-0.2385842804746641,-0.1340796211854909,-0.6274742478397904,-0.2129293908071457,-0.1437638106665576,-0.7892738207759614,-0.117821059079013,-0.1397784595307206,-0.885929455119425,-0.0727393399230008,-0.1563693124119636,-0.7622427924667526,-0.0258536425711205,-0.1180377229090582,-0.6292124911872292,-0.0034329919022336,-0.0894162842814533,Up,2026-07-28 14:57:31.609,sess_20260728_144941
0.0,0.0,0.0,-0.2475056998706573,-0.220881881240841,-0.1232531619123241,-0.3734061095652207,-0.5768032952090122,-0.2139680522268752,-0.2528123692389638,-0.7901213750253804,-0.3048418305520666,-0.0390368588257745,-0.776456862958756,-0.4011390081206831,-0.0767470707596957,-1.008428409539445,-0.1533156856054207,-0.131480703051848,-1.3523403889205123,-0.2949836367644081,-0.1763767962819672,-1.580419439980863,-0.4132342109446906,-0.2116339630196316,-1.7891436634154592,-0.507962999530743,0.1168381795017487,-0.9720501615554584,-0.2036352701049703,0.2281060453552278,-1.3860241972713283,-0.332871949693846,0.2519307192081095,-1.6731513869540764,-0.4353486326153414,0.2475095445126549,-1.920325793205792,-0.5095251511951727,0.2487277234196396,-0.8340458372417228,-0.2714536710808213,0.3602668410361836,-1.2261895866907433,-0.404571373614712,0.3824412636622649,-1.490866439333412,-0.5023553028741138,0.3854006563896953,-1.7239732187150094,-0.5705496403065706,0.323835504272273,-0.6227989560504454,-0.3508180023306078,0.417265376469391,-0.8648373295978327,-0.4782171270966404,0.4739681198714637,-1.0337456224963315,-0.546222095460492,0.5207309094927589,-1.1875732662587917,-0.5940556178781192,Right,2026-07-28 12:43:21.766,sess_20260728_123245
0.0,0.0,0.0,-0.235043679581175,-0.2351788908190635,-0.2238369485836638,-0.3083935067823215,-0.5630227611069692,-0.2736878595522485,-0.0806198853057847,-0.825075017395506,-0.3069732828531474,0.1198052842206105,-0.9948663446591016,-0.3236505493662071,-0.4200777781755329,-0.9679739799524542,-0.0417849089044365,-0.5845297920366409,-1.3243718037891927,-0.1408956467613374,-0.6764761781350347,-1.5667877151504754,-0.224047813728466,-0.7433701700957672,-1.765789208504631,-0.2761922492779077,-0.1645690702723634,-0.986364186023728,-0.0016473127931421,-0.1664688884384477,-1.4223360927111397,-0.0968837027450874,-0.1221293131322635,-1.7167008794181182,-0.174533294809179,-0.0655542290860112,-1.957714224870688,-0.2085369948265734,0.049495334967307,-0.8782076507684614,0.0024485219764172,0.0932550113344131,-1.0868462960765026,-0.1970414535987745,0.0351081626172812,-0.8489182156383587,-0.2496247187512772,-0.0067948660726525,-0.6699061363689414,-0.2134697245535369,0.2201284339890292,-0.717025722278955,-0.0094571980625076,0.2334283222161129,-0.892746922567197,-0.1836550528729755,0.1989890382986747,-0.7583955057122047,-0.1950473912999583,0.180498558475649,-0.6388117737073068,-0.1513840041223633,Backward,2026-07-28 12:40:06.453,sess_20260728_123245
0.0,0.0,0.0,-0.2776076990609387,-0.2372784900547397,-0.1364622905772674,-0.3796277088841372,-0.5609577167674521,-0.1850709030258806,-0.1460701740083322,-0.7939168484509624,-0.2245837077977547,0.1052529249080396,-0.8293698177477967,-0.2567646826175979,-0.3805681472192989,-0.9413472928753996,-0.0505047420432024,-0.5111423471631004,-1.3101368027468665,-0.1310810040012993,-0.5859428818922584,-1.5522721737380076,-0.2122560818825396,-0.6416587421726802,-1.7609614650500105,-0.2808957323469624,-0.1592517796266553,-0.9856716460364736,-0.0555902589083002,-0.1821220892667965,-1.4096305831599334,-0.1155935333230233,-0.1771175750711621,-1.6820107802899382,-0.1847544685033339,-0.1690685772116314,-1.907429488981201,-0.2396065905403047,0.0508755790395282,-0.9224116990707906,-0.0841268938332108,0.0658451573102628,-1.2917638798199704,-0.1612561747421179,0.0824928879045434,-1.5521193841700884,-0.2364880188621243,0.0984801586791804,-1.7659651650916417,-0.290091850581503,0.2660401085230269,-0.7849958916540881,-0.1286556279183047,0.3745717220631943,-1.0348405773623466,-0.1990062230202882,0.4429321629353243,-1.2214566158032645,-0.2363570079137886,0.4996036138615214,-1.381419966028648,-0.2628469331748649,Right,2026-07-28 12:43:24.582,sess_20260728_123245
0.0,0.0,0.0,0.1775347931166581,-0.4408873704496248,-0.0206471810718408,0.1639232853331747,-1.040277320812074,-0.0945355191513713,0.1942418814066868,-1.483331691850086,-0.1525770470189735,0.4237268290881351,-1.7357886739042616,-0.2030670723279405,0.0795161811833193,-1.1083141282923086,-0.3516055581280985,-0.4853090920692579,-1.4054557442831117,-0.4388114769729244,-0.4508051957638523,-1.208077384898347,-0.4211269485366509,-0.2936298989997248,-1.0839543126678342,-0.4142374679088342,-0.1786039698724348,-0.8964362017422134,-0.4055893960051225,-0.7339269888924851,-1.2125548099269008,-0.4947041854869639,-0.6448916856254769,-1.0142071616200563,-0.4363912230325939,-0.4693500317262903,-0.8809667802519706,-0.4190256289106097,-0.4553048599704745,-0.6644936364166036,-0.446911061012455,-0.9141459377214244,-1.0530079309829186,-0.5471528839990868,-0.8341915693431147,-0.8738773826060523,-0.4827128866361833,-0.6679836796324458,-0.722117985338201,-0.459494619330013,-0.6779475852775012,-0.4281371596472624,-0.4812398237905725,-1.089941834427511,-0.6731199874281766,-0.6061371680829432,-1.3255065587640973,-0.7764482973591349,-0.6432034700240863,-1.50614937124961,-0.8884662834188778,-0.6776011177139324,Hover,2026-07-28 15:07:57.034,sess_20260728_150120
0.0,0.0,0.0,-0.0983830896376382,0.2814218173678153,-0.2738650265781349,-0.280511198415366,0.6203073226237233,-0.4609353194211258,-0.3735844904555991,0.905998615776132,-0.6106774259341033,-0.4145372818237756,1.1229811681165065,-0.729503136075783,-0.8621042992525544,0.4006475860347983,-0.3668212428943816,-0.7277481752719979,0.3827288505602825,-0.5362169570295763,-0.4797429658340598,0.3354028832092088,-0.5899668788020421,-0.4727825027022208,0.3323773056651067,-0.623037445361006,-0.9372147475922744,0.1464447852828366,-0.3165161003156286,-0.7270852409732251,0.1513775038153355,-0.4783828602890753,-0.4563417012477442,0.1416553413725454,-0.4774421675461733,-0.498853625870182,0.1329402653485028,-0.4735832761135418,-0.9140039117893508,-0.079983867526429,-0.2906530453658438,-0.7064695805056562,-0.0668728515733255,-0.4503435617605551,-0.4653349983896154,-0.0450553961718991,-0.4162889653555241,-0.5037316717938837,-0.0406423373159652,-0.3883120892202639,-0.8434181423355137,-0.2903477183741593,-0.2913703052681393,-0.6512413005955935,-0.2588367091870145,-0.3858591089351518,-0.4712084867772995,-0.204424817019316,-0.3745941995982828,-0.4929843786580746,-0.1915303323574716,-0.363139941049987,Down,2026-07-28 13:05:28.733,sess_20260728_130400
0.0,0.0,0.0,-0.291227406776365,-0.2561418035047437,-0.1057615411701719,-0.3743327886515923,-0.6174221857440232,-0.1327166617847451,-0.1244657816247398,-0.8893763358742353,-0.1457302487714401,0.1487129615000379,-0.8574266396984499,-0.1471963241084643,-0.2810521112891025,-0.9667101986392914,-0.065211407876052,-0.4301859065111608,-1.3570164436452077,-0.1295918140003047,-0.5144757199265373,-1.599499044901604,-0.1989107576993007,-0.5659980942848674,-1.799447352279646,-0.264392170048789,-0.0231850883431566,-0.9974130340834088,-0.0680418335955818,-0.0126074493084318,-1.442695671073522,-0.1183223508357892,0.009989002008113,-1.6935912354808085,-0.1625620402361177,0.0208117849700431,-1.9178929583965736,-0.2034669786069554,0.178091131678684,-0.92952745169844,-0.0880621612237331,0.240448085597766,-1.2949043022881952,-0.1689283431961631,0.2716556564161995,-1.5472218207647208,-0.2236915845569827,0.2894067541761535,-1.7527825257148912,-0.2614373871359894,0.391297159306963,-0.7651468838640977,-0.1192077170570673,0.5497818135592865,-1.0249005673452365,-0.1938112636520771,0.6631174379224537,-1.176477583983988,-0.2231178920979797,0.7421400699638127,-1.3040524984016195,-0.2441556183856288,Right,2026-07-28 16:21:19.125,sess_20260728_161633
0.0,0.0,0.0,-0.1724132843006843,-0.2913481367954937,-0.2308515102125001,-0.1885950587740623,-0.6459616693095696,-0.2570954776208811,0.0620938507042919,-0.8849847981364031,-0.2550816526546705,0.2825569643121897,-1.0348967112042728,-0.2290257743312338,-0.3394009135230747,-0.9990183088872118,0.0030295342014533,-0.4252442042403136,-1.3877143914046992,-0.0484661101004335,-0.4775233634476989,-1.6303100120445837,-0.0986760198755046,-0.5272264772537406,-1.8304484789430493,-0.1264010728413721,-0.113064791923301,-0.990612702653486,0.0768298520686898,-0.0726622085055836,-1.401642044279113,0.0282044502391685,-0.0060967936123842,-1.6693505597612852,-0.0292327116684701,0.0620645948280499,-1.8854673199640428,-0.049529484104957,0.0700371485951628,-0.8787565714083643,0.1101961038727019,0.1851536725855142,-1.0470138838269163,-0.0446484024646179,0.1292771322375289,-0.8483278401874077,-0.1144097386938704,0.0736712087447827,-0.7050107256103411,-0.0934353700071406,0.2079590647710681,-0.7408707884228922,0.1268632134105572,0.2879064231157936,-0.88900813610199,-0.0099736410004224,0.2773149226064298,-0.8035357836962084,-0.0421974893856197,0.2644063130332081,-0.729818835353868,-0.0189050257502099,Backward,2026-07-28 12:40:02.998,sess_20260728_123245
0.0,0.0,0.0,-0.250299309234025,-0.3087372111866105,-0.1074912540218841,-0.2912108940720719,-0.81780500801562,-0.148102230560042,-0.0634337343220152,-1.1647809571881766,-0.2061615249827759,0.2558503642911044,-1.2259939472370205,-0.2520634126673772,-0.1727967842268675,-1.0420468618224583,-0.0068781631127107,-0.2568401855051376,-1.5197124616233566,-0.1540719547233013,-0.3151699138777655,-1.782791779899657,-0.2179346115713976,-0.3365794208250272,-2.0133372897843227,-0.2512810950385945,0.0959752327785764,-0.993928148135862,-0.0538106963002141,0.1901805788047795,-1.527449619042084,-0.2447735240724824,0.1982876649657995,-1.8460960281760632,-0.3285023101468914,0.2677519482027022,-2.114060661603001,-0.3454940578910099,0.3008173231775009,-0.8395967478090555,-0.1259193960360896,0.243323468242961,-1.0554031130631814,-0.3783079677427318,0.0409921474229847,-0.7471557223929935,-0.3646734826291186,0.0462250535082729,-0.5556902435971672,-0.270405535812483,0.4764181247924907,-0.6372551735691779,-0.2067647007181421,0.2952508879905696,-0.8110525451009749,-0.3834244608927845,0.1500441525112629,-0.5764270529601969,-0.3540531001535319,0.1821697283134035,-0.4238596802886772,-0.2839890834008013,Backward,2026-07-28 16:31:57.407,sess_20260728_163042
0.0,0.0,0.0,-0.3158099161711656,-0.6329593431524567,-0.1889190990328942,-0.5636791165491951,-1.3336232717020946,-0.3564194618557114,-0.6628083624997827,-1.905355996625424,-0.4878881167571771,-0.5895919100140818,-2.385823398719499,-0.6107081876425691,-0.2379567587302557,-1.2933053937818009,-0.4929627110432659,-1.2629673132423305,-1.2803212018917831,-0.6987769645960329,-1.2501606815456157,-1.026783536199196,-0.7400278041917282,-0.9700056331257124,-0.9858310449954304,-0.760010467392841,-0.19496736028584,-0.8324724704472828,-0.5186302289402047,-1.3333062733245833,-0.8336340100451395,-0.6766283341989524,-1.16907958665539,-0.6508181172242437,-0.6268170998440713,-0.8571848830220279,-0.6220815207083398,-0.6257048311447614,-0.2348636355017808,-0.3814934185578866,-0.5511850888953118,-1.2417041718300812,-0.400831655397715,-0.7020145096136786,-1.0604769186900649,-0.2794719348984463,-0.5826892816186352,-0.7515177638890955,-0.2766720737021975,-0.5295811100055243,-0.2862187084702499,0.0457388070625906,-0.5947933277703796,-1.0598957892495413,0.005103622500561,-0.7260598897840106,-0.9053356521317248,0.056470306754819,-0.6666158608103336,-0.6222317481404052,0.0759086267128632,-0.6228469648969387,Up,2026-07-28 12:57:12.317,sess_20260728_125637
0.0,0.0,0.0,-0.2731214371163153,-0.1902485726596848,-0.2461723856789877,-0.4285948279909748,-0.5290435572082682,-0.3261989671407216,-0.4677919405550977,-0.8664993589738174,-0.3657296506740805,-0.477716753164691,-1.14798634627188,-0.3842526001659331,-0.3093434291666606,-0.9429044797777228,-0.1456229227052135,-0.3834818409677782,-1.3776595337254849,-0.2355858681744241,-0.4221187710430663,-1.6448666551255735,-0.3163625575183023,-0.4524170206942535,-1.8714334907628616,-0.3720721382051799,-0.1460056610484562,-0.9875654313753192,-0.0582826363017573,-0.2012069060026208,-1.4303118629957234,-0.112663945405529,-0.2458674864709679,-1.7154962625524757,-0.1658223650765226,-0.3094421495469641,-1.9392709443958724,-0.2076751486531216,-0.0085520797424259,-0.952925266411175,-0.0005065223488128,-0.0521657045986072,-1.3326807470388211,-0.0524321455381722,-0.1016910472662704,-1.5709754896303136,-0.100877771159191,-0.158025572495979,-1.7653609658056637,-0.1360864782985096,0.1433276666116371,-0.8591760881756954,0.0323316386803488,0.1718446443180703,-1.1280121700766412,-0.0043934332746616,0.1727406987774865,-1.3019221486668502,-0.0345606345784322,0.173080059363011,-1.4601716605518331,-0.059019977337727,Takeoff,2026-07-28 14:51:01.834,sess_20260728_144941
0.0,0.0,0.0,-0.3401381679124928,-0.3229318329700923,-0.1425760162527451,-0.5561168170171212,-0.7652016813393901,-0.2411920888201794,-0.5814053245660158,-1.1647321456290884,-0.3503264064617355,-0.4721481340229849,-1.4505607491357084,-0.4211040362171787,-0.2054372981620021,-1.0778140829228977,-0.0602379527833128,-0.2677832750178521,-1.45409331279736,-0.3191362579751166,-0.3412090587933899,-1.1275731782306102,-0.4398655713661703,-0.317508910361495,-0.8821238701296901,-0.4776221302823219,0.0394461150710126,-0.9961750391752042,-0.0779698360270467,-0.0338702572024768,-1.37043763959564,-0.3356890484265086,-0.1283961179602905,-0.9709751274180628,-0.3686369202184393,-0.1074580938631238,-0.756111150998217,-0.3317847695084879,0.286053963675933,-0.8855291311002791,-0.1398294069334901,0.1996976671017211,-1.2201735857861042,-0.3797346183271413,0.0571539193978011,-0.8162959926426181,-0.3005656123512198,0.0627117140466591,-0.6039031506900248,-0.1857893340586404,0.5227987782447938,-0.7242936496891224,-0.2189389763151385,0.3822958303031359,-0.9993120183259124,-0.361749887639626,0.2416528494013094,-0.7420217536342154,-0.3124111492584149,0.2448949392874758,-0.5682868682673609,-0.2372674672761882,Land,2026-07-28 15:10:47.149,sess_20260728_150914
0.0,0.0,0.0,-0.2937706228639483,-0.1380558528991994,-0.1279985186260449,-0.4146674415281657,-0.4716398408691465,-0.1758867377186748,-0.2257802166920782,-0.6905093042529209,-0.2143563750460767,-0.013157727776018,-0.7014595088653783,-0.2466236703013509,-0.4475765896548319,-0.9130012596867804,-0.0750030974300404,-0.4909234746911897,-1.2871596560806926,-0.1499343045120517,-0.5022803950570891,-1.528891442176774,-0.2238211257319851,-0.5054498317080416,-1.7302599335189428,-0.2854543666365458,-0.2446372331023196,-0.9662079530832044,-0.0812084698711034,-0.2999863790440391,-1.3587062154414484,-0.1422280092390294,-0.3305797155719515,-1.6257382773989166,-0.2083891944811862,-0.3627932812275115,-1.862536500921884,-0.2574004914710632,-0.0511899920159604,-0.9401582432045612,-0.1054514884240894,-0.1029873748404912,-1.3061647642428469,-0.1644650394059571,-0.1406686284589695,-1.541419048328546,-0.2240362392451391,-0.1872234852200648,-1.7486147257270448,-0.2662167066208853,0.1387553376562582,-0.8456091715086402,-0.1460176044904043,0.1219817517162749,-1.1488593249665435,-0.2077332933803638,0.0884634567523598,-1.341239681073377,-0.2381174186026258,0.0465076391010651,-1.5094281080865992,-0.2563871165876673,Right,2026-07-28 14:56:26.701,sess_20260728_144941
0.0,0.0,0.0,-0.3215248108288926,-0.1922897849815043,-0.1136878319512008,-0.55068916344257,-0.510020750273496,-0.1721128300480202,-0.6867212652087352,-0.7931305914263768,-0.2325358787226709,-0.8355896354708493,-0.9756712092406692,-0.2902754204001288,-0.3408509744407163,-0.941875854085796,-0.0433923398305437,-0.4554123214117421,-1.2892083503877911,-0.1311162596892724,-0.5069522638661331,-1.5045800150694058,-0.2173829521214834,-0.5424678730375289,-1.6880257055850176,-0.2864052467655479,-0.1315652818412888,-0.9892488221703848,-0.063854087171681,-0.1795858277482606,-1.3881800121098449,-0.1339314897453352,-0.2020422045699227,-1.6189727897412944,-0.197085802378567,-0.2319523003918524,-1.797915952899208,-0.2482892922391958,0.0735299082349266,-0.941100463030036,-0.1084987582670342,0.0748866522812654,-1.3082618642218644,-0.1794887504410199,0.0800023648370975,-1.5258151423281896,-0.2320642603475913,0.0781053036677447,-1.7005690485710128,-0.2726042547793404,0.2779480410965456,-0.8206145194290348,-0.1687460377956224,0.3529830591451961,-1.0916027943460191,-0.2259532204019549,0.393957891912209,-1.2640039544482995,-0.2543288481187368,0.4220676687955714,-1.4188752562511542,-0.2776640360704855,Takeoff,2026-07-28 16:27:52.730,sess_20260728_162716
0.0,0.0,0.0,-0.250189707351127,-0.2402781144906928,-0.1348272589069302,-0.3998140465563115,-0.5807031719911018,-0.2169846465771575,-0.3245128921712505,-0.8441327142395944,-0.31471517191459,-0.1063420370563783,-0.9478060668033476,-0.3971290889369798,-0.1360402847570021,-1.0113454929229613,-0.0514972996686985,-0.2075444437105925,-1.4090528300414704,-0.1982742229369203,-0.2420967947342605,-1.651718033840849,-0.2884590482331306,-0.2585660023770147,-1.856601942805191,-0.3404575398739426,0.1088095514937597,-0.9900347640217412,-0.0893960151916309,0.1618644003916109,-1.443659512707635,-0.243912963484254,0.1716349454485639,-1.727410876474908,-0.3281211472555898,0.1771899269598133,-1.9642914045954831,-0.3561991324412631,0.3086281786193537,-0.8576069615787312,-0.1548385411315664,0.158714737884885,-1.067977508567182,-0.3698677941248331,-0.0094828733077346,-0.8755715761921988,-0.4123745478215032,-0.098788651947303,-0.7069427433317647,-0.3731268348065849,0.4598950491640119,-0.6637262110659805,-0.233367549120696,0.2712282776168417,-0.8080828115751143,-0.3711822624282325,0.0698774981728458,-0.788964221470622,-0.3747173221516672,-0.0805029087310796,-0.7533927232161245,-0.341480583255451,Backward,2026-07-28 12:41:12.870,sess_20260728_123245
0.0,0.0,0.0,-0.2996532360686781,-0.2032795295920079,-0.1510708867007374,-0.5112170714380015,-0.6535587959452,-0.2300334046103612,-0.5270679061257163,-1.046086298883259,-0.3141182761068967,-0.3796911603953483,-1.3030309578902,-0.3848373272678398,-0.3128570018470698,-1.0352680103260696,-0.0912756462579631,-0.3466178629547333,-1.5688331199917225,-0.2586845009643912,-0.362470575298937,-1.8811013058334585,-0.3433301943149702,-0.3576464490386866,-2.137328444017549,-0.400114495224166,-0.0757548191793071,-0.9905899423034572,-0.1139858481494252,-0.1434507367079962,-1.2427757662871497,-0.4315436056906185,-0.2183263859103587,-0.9128623035904082,-0.4948567742559963,-0.250654424420901,-0.6387493778246804,-0.4463155133553699,0.1487438503503756,-0.9004443370526464,-0.1621635158068682,0.0341428788551446,-1.012682789944654,-0.4725350232191906,-0.0079904525367931,-0.6568356479105248,-0.4262625261193729,-0.0004513203415282,-0.4141461569677716,-0.2974258459090221,0.3727984541204192,-0.7714220248939552,-0.2221943167909849,0.2578278403409297,-0.9243416125797342,-0.4304181639955423,0.2091501079527648,-0.6826163835920843,-0.3932880616884949,0.2234436826269536,-0.4993565981814165,-0.3031922783456584,Forward,2026-07-28 14:52:59.608,sess_20260728_144941
0.0,0.0,0.0,-0.2902556564248368,-0.1035816324397687,-0.1164765207060388,-0.5218628812493848,-0.4032868195977153,-0.1961493813076925,-0.5240464670499569,-0.687784097845226,-0.2749656317134279,-0.3517266622366556,-0.7847434312246492,-0.352565387603129,-0.3665907588858244,-0.9360919860816606,-0.1059355788317605,-0.470171933214652,-1.3006166646232953,-0.2190616091453506,-0.5548644299252575,-1.53390187347313,-0.3118379506098924,-0.6216439489702795,-1.728470828712814,-0.3833107017183595,-0.1979581363334842,-0.9688467656639478,-0.1488237915182955,-0.2112331224799323,-1.4254384581417574,-0.2447893677388199,-0.2288650490831743,-1.7226333500463311,-0.3172739141244902,-0.2394695538505249,-1.9576757197624328,-0.3703994556591146,-0.044357355386565,-0.9103710418884394,-0.2129928798934109,-0.0094276177597622,-1.35930220320981,-0.3095639260743723,0.0150596336691787,-1.6588679719380266,-0.382637164107263,0.0390342589550713,-1.9025908568208416,-0.4340376698053625,0.0872293623985599,-0.785340044373559,-0.2906033250384034,0.1105381997834424,-1.1435557717385345,-0.3830426304660147,0.1360839928935308,-1.3831200018502123,-0.4312034901166589,0.1608819962441589,-1.588764323552835,-0.4651968871558426,Right,2026-07-28 16:34:37.996,sess_20260728_163307
0.0,0.0,0.0,-0.2822069323674958,-0.2356539390170121,-0.0673204924254062,-0.425845735469634,-0.5816588068682607,-0.1165522892365186,-0.4562370053783812,-0.8717545415417384,-0.1913492514674283,-0.3139745831882542,-1.039001029328379,-0.2500357487505114,-0.1237273867080564,-0.9767409160039332,-0.0154420732170902,-0.2581389874863095,-1.3534708007696008,-0.1390968680433894,-0.352951510531049,-1.591869420569336,-0.209811826945846,-0.4121875635171763,-1.7926314884098309,-0.2508958858075021,0.0961620569417667,-0.9918711394184542,-0.083333676226755,-0.0200612748155148,-1.4388653191264378,-0.2258965335745302,-0.1022715935322802,-1.7344294046579825,-0.3113503353482342,-0.1733803572904005,-1.983940084770052,-0.3422258392095208,0.279064394984791,-0.8979954784283773,-0.1686784961795996,-0.1163821691134918,-1.027248142440989,-0.3587412204447979,-0.2456986733523699,-0.799686917338751,-0.3842229659486798,-0.2718722682281792,-0.6267966303084951,-0.3386884756173215,0.3662646669146893,-0.7435831208550086,-0.2642076280089149,-0.0379719151731724,-0.8052400293411157,-0.3839611851052478,-0.2682103892579558,-0.7542479404260861,-0.3846741125265649,-0.4203843432860194,-0.7057200303713369,-0.3516568858001875,Backward,2026-07-28 15:13:21.133,sess_20260728_150914
0.0,0.0,0.0,-0.228608681349024,-0.0838098364562301,-0.1999553373693456,-0.3046048370476388,-0.3217809087876814,-0.2809652524509885,-0.0984483361772398,-0.5485443147666017,-0.3269020939666719,0.1407832016987296,-0.6902759645724184,-0.3691920884090644,-0.3906470203017955,-0.8890941549252502,-0.1963119925325972,-0.5565430834190743,-1.252873205110108,-0.2960745164403511,-0.6309367854812054,-1.496038709778833,-0.3772993627173293,-0.6975393060022977,-1.719343689010454,-0.4456476101880117,-0.1696117450578887,-0.9665880792262392,-0.1921961004707106,-0.2619952263758014,-1.428080632684672,-0.295940688553072,-0.2958628301237994,-1.6983137137275872,-0.3711375489699623,-0.3331835117487408,-1.9541074767932245,-0.421246488137622,0.0461429216041201,-0.9228550359742412,-0.2071070105177063,0.1259312565797056,-1.2945483766210286,-0.3860186157164799,0.1900231192389532,-1.5503592051301822,-0.5008773710485228,0.2352665815962307,-1.8147690644095336,-0.5650035344002118,0.2430054630715666,-0.7702300296263347,-0.2276377366750072,0.3124786289197307,-0.992377785001578,-0.3811361583652851,0.2755080860463449,-0.8759532540012065,-0.3859429674071598,0.2217879377154246,-0.7302386485423898,-0.3746013245876176,Left,2026-07-28 16:33:45.188,sess_20260728_163307
0.0,0.0,0.0,-0.3766884570734613,-0.1954993649874194,-0.0954831838250996,-0.5928583415713832,-0.5540705896288425,-0.1189724737710262,-0.6554562455585512,-0.8682685917605499,-0.1436603581945056,-0.7197591230270095,-1.1025652580458407,-0.1656667065695527,-0.3526729562933366,-0.9383876281596054,-0.0227105004766325,-0.4817660291192165,-1.317018363953914,-0.1053359003690529,-0.5468978207070904,-1.552333916376282,-0.1858063533558532,-0.5980380397287772,-1.7584598716483135,-0.2463939300664708,-0.1224111558064811,-0.9915679879963356,-0.0425256877077828,-0.1537172510186195,-1.406143098789635,-0.1113517686520781,-0.1813453405929491,-1.6711165051365284,-0.1840611146794479,-0.2125831616740616,-1.8854813359016231,-0.2404580094374249,0.0810660564296662,-0.9551111810557796,-0.0841874149465104,0.0915176378596939,-1.3330157898860828,-0.1604329643244111,0.0712531539301823,-1.5779002850963562,-0.2258914265755468,0.04096883973843,-1.7765019123060943,-0.2710477338182679,0.2800155959788942,-0.8544292449413475,-0.1380975861441847,0.3733120456421994,-1.146214083002359,-0.1993816830576937,0.4157698328944778,-1.3424949160996371,-0.2345387813822642,0.4364693764298437,-1.519323637196483,-0.2598631265789468,Takeoff,2026-07-28 14:51:18.246,sess_20260728_144941
0.0,0.0,0.0,-0.2849543253152107,-0.223380308747235,-0.1847670029612088,-0.4623590538121845,-0.6764294066178823,-0.2952040687502511,-0.313296844126046,-1.003316935787693,-0.4037431499546021,-0.0446168476689817,-1.1626477801265631,-0.4996544620381747,-0.1898863328974701,-1.1167628991124967,-0.1481551836076266,-0.1165227135088552,-1.6389222191942436,-0.3166178873869958,-0.0642022330713495,-1.925659380000719,-0.415682200380335,0.0116531722355548,-2.160822573106653,-0.4951501150379552,0.0894648715056386,-0.98401036655585,-0.1540118023954698,0.1013134899067311,-1.2343821724946409,-0.4380598701805067,-0.0457537946600708,-0.8576128882255166,-0.5060760519415453,-0.1227240065721245,-0.5845035930419531,-0.4903040044595991,0.3386385771804511,-0.810846743504887,-0.1852396620279448,0.3446949652350522,-1.034143529554818,-0.4715392639140147,0.1332243518156403,-0.672737917166288,-0.4133394039901888,0.0345515228361043,-0.4331965009138332,-0.3045307635870205,0.5712045503233268,-0.6009751240272808,-0.2310807585201612,0.5402974877052342,-0.8042055438768408,-0.4453842915801923,0.3439157763422872,-0.5771986399126627,-0.4124876862469314,0.2621913364535277,-0.4059059558197732,-0.3415225195979459,Forward,2026-07-28 15:03:15.003,sess_20260728_150120
0.0,0.0,0.0,-0.1925511642429049,-0.2405901085573947,-0.1615627550697795,-0.1856012979524101,-0.6740728554165506,-0.193525423864553,0.0554708105436347,-1.006197310124356,-0.2223548633155181,0.290920505392426,-1.19974555717648,-0.2427794958445251,-0.1541587280745959,-1.009001241766195,-0.0773171359468408,-0.1970169005667757,-1.4807521340563818,-0.1609207968578762,-0.2335634316633939,-1.7641657239759585,-0.2141374114698085,-0.234138094443761,-1.9984416639693807,-0.2568011643013198,0.0922250289350764,-0.9930497547593532,-0.0731213280125088,0.1756012159713473,-1.5351987521660309,-0.1719104758690027,0.2350379195596076,-1.8519981513093453,-0.2428385013978664,0.2774839338582992,-2.084394490652271,-0.2835441773416496,0.3010167729348081,-0.8805373070528287,-0.0901001855590648,0.4600089020465667,-1.2425045574537643,-0.2931484128526007,0.3993265341745309,-1.0209319272511297,-0.3541606910734933,0.3219703686154264,-0.8035426031572812,-0.3388839197418145,0.4899318013202225,-0.7320235839794587,-0.1149455535835427,0.5936734430252222,-1.0002612212707611,-0.309315283530789,0.5554401418859114,-0.8880178787095209,-0.3416397203125633,0.4891845252793347,-0.7335189018698435,-0.322559330780555,Backward,2026-07-28 14:54:49.561,sess_20260728_144941
0.0,0.0,0.0,-0.150532478088227,0.2639667609218485,-0.2674381534164054,-0.3660881634925177,0.5048229235922373,-0.472974860890062,-0.5255204953595441,0.722452668845715,-0.6464041392480547,-0.6280521305590774,0.9315785779116524,-0.7940874086244157,-0.8872391089370385,0.092927421537268,-0.4174524981540835,-0.7228642371156963,0.0547334281489108,-0.58980267389229,-0.4470936524173758,0.1059342763486178,-0.6381132901172446,-0.4028892740014761,0.1346694501506141,-0.669716371606748,-0.9001746977544904,-0.2071968616809071,-0.383086118297433,-0.6654620072086826,-0.2077360790805209,-0.519281299917142,-0.3655351126670469,-0.1055583887770541,-0.5009515813433446,-0.3823266973899466,-0.1048172987628644,-0.4976528816940616,-0.8227741996079776,-0.444313610834795,-0.3699873189056023,-0.5941836109288751,-0.4132924872606567,-0.5207676299732785,-0.3327022873203208,-0.2758470978537504,-0.4802355968092073,-0.3535670050331555,-0.2437116679760932,-0.4567986251104583,-0.6929029447680813,-0.6340112842094805,-0.3830327642049465,-0.4722508344721823,-0.5493418454912451,-0.4870475573129628,-0.2917311144374913,-0.4259765939363212,-0.4724887352248582,-0.3020000003614531,-0.3913837752088316,-0.4608481935749678,Down,2026-07-28 13:05:38.474,sess_20260728_130400
0.0,0.0,0.0,0.1962594778831115,-0.405617425766884,0.0171767606827194,0.2652632720925188,-0.969992688935708,-0.028403610026406,0.3551371831206163,-1.382853160988438,-0.0709001515268972,0.599550654976744,-1.5801926499169516,-0.1072398508814918,0.2567927348433991,-1.1023258559183726,-0.2528034186711226,-0.2708612293007427,-1.4606538506371702,-0.3420802068758281,-0.285490830821948,-1.247693218623152,-0.3429611385017239,-0.1647008071168437,-1.10271076280484,-0.3449950592601212,0.0214546803002972,-0.9482849748376848,-0.3166943371617233,-0.5241220186595378,-1.3149785993624576,-0.3923919142371143,-0.5030492901064644,-1.0902428456402633,-0.3348808181548998,-0.3710866237064548,-0.9455697559615064,-0.3176593979079578,-0.2641724563192577,-0.7837605525944383,-0.3716401184232913,-0.7060551661863094,-1.1843717877866116,-0.4557184242192297,-0.6926306150397472,-0.9851242947359048,-0.3822275973739306,-0.5760572979908294,-0.8201663905048755,-0.3515944854535407,-0.5381654867814128,-0.5990636110901728,-0.419140310925706,-0.8930981188575173,-0.9234492458504052,-0.5282214726853598,-1.110260035394795,-1.0584492413041364,-0.548600897867475,-1.2703376195132667,-1.2022206441212169,-0.5672734530921585,Hover,2026-07-28 15:07:48.730,sess_20260728_150120
0.0,0.0,0.0,-0.3253626937752172,-0.2130888324629826,-0.145336962794679,-0.5202242042181953,-0.6960026843569365,-0.2084699867741715,-0.4492716745696524,-1.1042975172741711,-0.2689703362558063,-0.2540964759358035,-1.3232509550447402,-0.3194177990694771,-0.3182457875903483,-1.0550795796136163,-0.0798387880883172,-0.3210568751200678,-1.5367694805644898,-0.227504477393768,-0.3109143413628709,-1.8488529119166888,-0.3262619137590973,-0.2893391219779632,-2.106768047368033,-0.4061856268429173,-0.0451513311529134,-0.9947553636758908,-0.0917775775076133,-0.0170792263062748,-1.3206688890105052,-0.3418491290011968,-0.0805856840474324,-0.9787489908255456,-0.4039510773669858,-0.140906988370294,-0.6934953242303953,-0.3808076468920549,0.2058775286593659,-0.8680366745377244,-0.1247643158463853,0.2308492234045389,-1.1287116377728936,-0.3776378560732385,0.1147528715045739,-0.787522401675903,-0.3266550583871771,0.0251554329673782,-0.5345450585480771,-0.2201803102034507,0.4388531503719287,-0.6998288527739687,-0.1688880193505658,0.4348856920125502,-0.9450075121100938,-0.3656294369168994,0.3092954834985034,-0.7276842721775729,-0.3326217234578902,0.2291459287091162,-0.5261827474158667,-0.2585035405484957,Forward,2026-07-28 15:11:57.951,sess_20260728_150914
0.0,0.0,0.0,-0.3185982538675471,-0.2789414442767283,-0.1051080105615577,-0.4167482922916815,-0.8020685101582963,-0.1299715946414256,-0.2398357686622895,-1.2246363768876365,-0.1687692904362908,0.0420691212446223,-1.421692675906287,-0.2048972833334229,-0.3198552878772356,-0.9935133811847144,0.0065311654433683,-0.4719093245124668,-1.4714162297688846,-0.1131652056246901,-0.5716893182714878,-1.74032040019665,-0.1757358945066471,-0.6336023209172124,-1.971178810814224,-0.2175703992130228,-0.0606805273217163,-0.9976937328589276,-0.0304152760628093,-0.0543380845647817,-1.5850452834173063,-0.1856222251129619,-0.1040100188503083,-1.921003469809394,-0.269702441915144,-0.116067128753618,-2.176577741695612,-0.2991456648286725,0.1797788466082813,-0.8968876494098986,-0.0878135813804978,0.1807302408241072,-1.3743066455490245,-0.3440136421722776,-0.0019969455058071,-1.1052161071329454,-0.3595673528707472,-0.0602273500652008,-0.8816881398309387,-0.2938090160932027,0.4193876559451707,-0.7249408920250613,-0.1477189983540014,0.2467927346069449,-0.9738006338977164,-0.3804117690276073,0.1060212361960956,-0.7364927417233562,-0.3883606046823183,0.1036726844507752,-0.523017154178863,-0.3387324358281597,Backward,2026-07-28 16:31:43.774,sess_20260728_163042
0.0,0.0,0.0,-0.301532559193058,-0.1996495348102093,-0.0864216357880073,-0.4471926372224324,-0.5656278377426374,-0.1229728017233869,-0.3425605372973271,-0.8208947631405973,-0.1670938610209509,-0.1479799440255711,-0.8905881851937096,-0.209608609392514,-0.255953567869592,-0.9730788262700848,-0.0202368509705819,-0.3594006782393156,-1.2915887806578064,-0.1038859692126761,-0.4171871778702737,-1.5008924213852226,-0.1861944630379096,-0.4489656206554006,-1.6883475793799976,-0.2557097747296651,-0.0694946400319965,-0.9957481432589208,-0.0604659425067952,-0.0636979447075533,-1.3813611356869604,-0.1353568195566319,-0.0700479259376419,-1.64601628908873,-0.2068402542214586,-0.0704950462820565,-1.862543271270661,-0.2602266135887891,0.0910967332846833,-0.9241827179705384,-0.1215701565271206,0.10353675716356,-1.291792945198635,-0.2047357354148042,0.088615206092976,-1.54300933890862,-0.2755479095501091,0.0787184227783752,-1.7506295501948408,-0.326872879870035,0.2314065867195811,-0.7847151360686226,-0.1955644322356248,0.2692191589099283,-1.0526068542549092,-0.2739625022890272,0.2893670438195316,-1.2429591070840416,-0.3175080379863566,0.3103646244272379,-1.4085875908312182,-0.3496739525892536,Right,2026-07-28 12:42:48.373,sess_20260728_123245
0.0,0.0,0.0,-0.1888730285677149,-0.3451898804024237,-0.2504495964167121,-0.1757034604492144,-0.7081605162779052,-0.2373640716857588,0.071436183318764,-0.9528686548379316,-0.1832883040617991,0.262005066180584,-1.1353447224980058,-0.1062433967275398,-0.398536405292878,-0.9938335925842856,0.0376700791262363,-0.4847861723257653,-1.3872780946298886,0.0186908646908394,-0.5356509092896765,-1.6386457861776238,-0.0078635182035598,-0.5901832546446198,-1.8473040408398789,-0.0202235845846659,-0.1646606711610166,-0.9773564206853812,0.1328957874346065,-0.1713286182507702,-1.392984773721564,0.1267409042405728,-0.1304268205305296,-1.6539134293921174,0.0950875131824957,-0.0961633243884304,-1.8725942009491423,0.093014098320437,0.0375355580660399,-0.85960731484036,0.1801840329615121,0.1382291588546826,-1.04628821342234,0.0272508846079411,0.1307304822903588,-0.8157973088096956,-0.0610506056989156,0.1147798867441245,-0.6827757689699896,-0.0510614758331939,0.193873129001406,-0.716721190064846,0.2118368814739693,0.2681834528603434,-0.8695269323281112,0.0351495529305916,0.2364394976305696,-0.7049442239490139,-0.0269682506960969,0.1959219450497891,-0.5884247516864725,-0.0201074158425549,Backward,2026-07-28 15:04:01.887,sess_20260728_150120
0.0,0.0,0.0,-0.3144865949479963,-0.2480656304754829,-0.1099943581718064,-0.5164738651924918,-0.5988490797047347,-0.1655656874701676,-0.6304997361447435,-0.9045185179024428,-0.2219438490904707,-0.7786426218757486,-1.109565991160718,-0.2761102758801323,-0.3049272634904849,-0.9707011052308896,-0.0476829952639785,-0.4048392258947054,-1.3417686426496769,-0.14624851292857,-0.4650302124494771,-1.5767975495102915,-0.2380517620495966,-0.5132946484554397,-1.7739272880444978,-0.3062189993804284,-0.09628699789264,-0.993061697305218,-0.0675076246219823,-0.1004449014275322,-1.405276743330953,-0.1381261323005634,-0.0957274818576672,-1.653874846566385,-0.2041474945007036,-0.0851245364290907,-1.850119267541088,-0.2561218860867883,0.1003641212999829,-0.9126312672778684,-0.1101550806099253,0.1164055625884957,-1.289590974808282,-0.1850693964982163,0.1215168581338134,-1.5105951459889395,-0.2376778916865401,0.1171366635408602,-1.6905899390837829,-0.2771308098147547,0.2946005791041762,-0.7571648411953511,-0.1672155166661036,0.3986671811997516,-0.9953333324072076,-0.2259501441789073,0.4435500421693469,-1.151470944600011,-0.2488769111118537,0.4678705722878488,-1.2929580956804123,-0.2663803503148744,Takeoff,2026-07-28 12:33:59.223,sess_20260728_123245
0.0,0.0,0.0,0.0611959942363177,-0.5362366188337394,-0.0276209305721851,-0.1563630631377597,-1.0239780728519947,-0.05792582293499,-0.371274610943173,-1.4124068072090668,-0.074324034947492,-0.5244409414921488,-1.7317977333650028,-0.0821787819430697,-0.6419037833015642,-0.8731317218083884,-0.1031378905762333,-1.014274429760132,-1.0089254751294,-0.0768147003273251,-0.8576776963702242,-0.9485353494802776,-0.0390991177806211,-0.6954195440665704,-0.8767423867103745,-0.0081418671270578,-0.7980544189373711,-0.5972702039586352,-0.0798589248471649,-1.03755497739613,-0.7185441608766667,0.0334235795974419,-0.8743146868760007,-0.7110936805546303,0.0993438329472518,-0.7273035561894591,-0.6513679558158708,0.1001540141140524,-0.8694401536662967,-0.3202719729867304,-0.0464286599054853,-0.9829436330891372,-0.471667095077048,0.059562381173916,-0.8512769996181219,-0.4845160964469386,0.1009588280966281,-0.7239551865221535,-0.4376779414755875,0.0792557241526579,-0.877358878439446,-0.1002760256523079,-0.0116346134615053,-0.9370060351340436,-0.2485305351853859,0.0835571362482724,-0.8093841870237922,-0.2511301355727586,0.1500144587707665,-0.7047387084456788,-0.1910414761870458,0.1745344399020898,Up,2026-07-28 16:35:15.069,sess_20260728_163307
0.0,0.0,0.0,-0.2660268383762681,-0.6548402579429228,-0.1653945445005724,-0.3905637796897912,-1.263650316034986,-0.3141844020669994,-0.3846748993544328,-1.7339558134965425,-0.4304683635917278,-0.257677002600909,-2.114363960129213,-0.5270560706607458,0.0195460515640431,-1.2581468602729518,-0.4247904625412013,-0.845303522695976,-1.1739483584701056,-0.5985855458672469,-0.8596874659861728,-0.976699676381967,-0.6222815231572945,-0.6336406340818667,-0.9668109596115366,-0.6288766819815914,0.1081402656428949,-0.8842430373169623,-0.4543346056632238,-0.8752048719687768,-0.7930785384508546,-0.6003319526848093,-0.7721541918905763,-0.6671834776316123,-0.5573558404309417,-0.5349406803886567,-0.6693833331425492,-0.5512149027850163,0.1123471280572247,-0.5075251878369439,-0.490986201483589,-0.7755365856113913,-0.4433660374293136,-0.6302770609606885,-0.652110205082122,-0.3747710055258216,-0.5374776657583833,-0.4079591421409566,-0.389913347322123,-0.491909866338807,0.0716244454208665,-0.1406384368346211,-0.5411211594082622,-0.6023347253229249,-0.1133160968855155,-0.6506931578330831,-0.5083209382646793,-0.1041658757724376,-0.6190215001480996,-0.2874701130935096,-0.1278024625982864,-0.593366728106545,Up,2026-07-28 16:22:29.450,sess_20260728_161633
0.0,0.0,0.0,-0.3090657300785979,-0.1729096433323153,-0.084791196992372,-0.3942424554125157,-0.5737310379935001,-0.0979133678379637,-0.3490124798830665,-0.869616404475148,-0.1160349962699622,-0.3762561528957507,-1.1137038282891412,-0.1329999363173679,-0.2255434753731742,-0.968220752233364,-0.0095561225078303,-0.2320897300956032,-1.3391504091093482,-0.0957403973802299,-0.2415599749881925,-1.5881958360219754,-0.1765811301030616,-0.2451862574964055,-1.8013906646786924,-0.2382472498385692,-0.064150839145207,-0.996877123102426,-0.0460507467040068,-0.0490198352056297,-1.4278718988068375,-0.1297272725664547,-0.0438823376520175,-1.732754859478922,-0.2095799068590438,-0.0354209087750091,-1.9832873937012816,-0.2658571556721671,0.0792184057418928,-0.9582708252157192,-0.1049770116566189,0.1425434776721402,-1.3885601405783528,-0.1936001869945936,0.1810902016351328,-1.677518860085373,-0.2682251611885199,0.211379871595597,-1.916890980793451,-0.3171994080478573,0.2135353504230056,-0.8639129932804424,-0.1760036455215322,0.2725963666072485,-1.21276993190743,-0.2617068389867429,0.3017233019321075,-1.456826757441539,-0.3116876224443466,0.3215233252158556,-1.674885012695429,-0.3451790237796285,Takeoff,2026-07-28 14:50:55.708,sess_20260728_144941
0.0,0.0,0.0,-0.1884137364594447,0.2408532584628419,-0.2382275017984204,-0.4743073145041912,0.4633684035137637,-0.3887050216448739,-0.695630047861198,0.6443366368542558,-0.50153276826029,-0.8590084032592182,0.8006769487697168,-0.5764729106203615,-0.9764759049706124,0.1741755295594884,-0.2707321100242163,-0.8581577123105509,0.1965199356825313,-0.42061841855959,-0.6132818276543919,0.2062359953076816,-0.4629191339720341,-0.6165921925353252,0.2061654643618424,-0.4857581003875524,-0.96969157041189,-0.0888155367247563,-0.227618230175915,-0.7784320958955858,-0.0397686544568168,-0.3692726999133891,-0.507650633541921,0.0273884149033308,-0.3679398675182124,-0.56352578878556,0.0301575475788243,-0.3615111236658575,-0.8634979510633636,-0.3050939575796988,-0.2099825914858077,-0.6891135284154806,-0.2678084311256543,-0.3673938095112152,-0.4549912844661809,-0.165528908055699,-0.327775328599367,-0.4960739068211772,-0.1324828988901431,-0.2906907647206682,-0.7125381041626484,-0.4778312632876203,-0.2137404060370194,-0.5718510051562525,-0.45127693587585,-0.3204210432539088,-0.4095075310908185,-0.3360368284315491,-0.3082207757263369,-0.4340932014420741,-0.2870404989659383,-0.2888235507334515,Down,2026-07-28 13:05:44.587,sess_20260728_130400
0.0,0.0,0.0,-0.2318326763962825,-0.2125584979053201,-0.1523424916060575,-0.2814830497484764,-0.5783935586171085,-0.1787168297956541,-0.0415574153918509,-0.7979623243968487,-0.1861078128975543,0.2250334330338918,-0.846643076499804,-0.1993942233359368,-0.2356369949533327,-0.9904152800008836,-0.0434869559155635,-0.3508977997783959,-1.368262505243577,-0.1066985053754831,-0.4022013150887193,-1.6087594310924838,-0.1764630796109792,-0.4321877163304163,-1.816628790819028,-0.2397706606169069,-0.001388731603037,-0.9987353551913484,-0.0502569568850509,0.0361299712943304,-1.4442803074118389,-0.098991247886812,0.0561991300590588,-1.704209820072409,-0.1601585673547862,0.0841321704405014,-1.914828585700875,-0.2023545662894635,0.2038787854496593,-0.8973594874731119,-0.0809940353225262,0.3121101510752705,-1.2820995737164902,-0.2124607407752541,0.3420090219242126,-1.5306553829443876,-0.328288586515972,0.403141759540373,-1.75027466586527,-0.4034958754390915,0.3731140070100124,-0.6981568260910751,-0.1194287724670931,0.3340284331171586,-0.8970735968377829,-0.2854338531566829,0.220471497296386,-0.7784718038000524,-0.3222684406142734,0.1646657292421776,-0.6209354285461788,-0.3309354188321393,Left,2026-07-28 12:41:53.766,sess_20260728_123245
0.0,0.0,0.0,-0.3973917440496773,-0.2704639672194083,-0.0911721897158451,-0.6375587972966891,-0.7547488214322445,-0.1263216077312693,-0.7693007865555231,-1.1500843217801084,-0.1900589436989736,-0.9802540698839488,-1.3567090212019683,-0.2314049302157493,-0.3649168721443,-1.014007299500694,0.0755758719239882,-0.3509804391253179,-1.2771339152084338,-0.0894057082895553,-0.3054161178415621,-1.0006158677994026,-0.1977738115018666,-0.2944425920613558,-0.7571120634345379,-0.2311965368212172,-0.1158918072476976,-0.991965046733397,0.0507388911198486,-0.0891163142611319,-1.257630156557609,-0.1650883197221187,-0.0729581102806244,-0.905450386959326,-0.2571958840544524,-0.0911203508494927,-0.6379000885050251,-0.2581248891649658,0.1373440172660897,-0.9364663259609224,-0.0078659409716129,0.1729281810616887,-1.1977655903309277,-0.1957817902271167,0.1063743480983768,-0.8903870992248779,-0.2014827174451262,0.0320005037411814,-0.6461962083002196,-0.133999162803077,0.3715377577989967,-0.8415567623436531,-0.079303900549537,0.5558646966983087,-1.123677042493718,-0.1428806036744156,0.694706546286046,-1.2977663711787288,-0.1390631888286856,0.79479454372338,-1.4992270193284458,-0.1143233382074974,Hover,2026-07-28 12:59:53.268,sess_20260728_125902
0.0,0.0,0.0,-0.1939685456112545,-0.4700786641624909,-0.0983974965172055,-0.5847297328153129,-0.9664539478447676,-0.1923168052622496,-0.8804501627150653,-1.3685193170310472,-0.266509722221452,-0.9361470280521168,-1.7421425515526805,-0.3321823819442634,-0.6385222228937782,-1.0181440370304264,-0.2752635087413638,-1.4031522833842198,-0.841739862799746,-0.4111900361383649,-1.2797089065645413,-0.683754996822559,-0.4409174628927456,-1.051096484819812,-0.7093125255901641,-0.4511707068631415,-0.6328930012015835,-0.7161964095078066,-0.2941243819172059,-1.41490200429811,-0.5076909378046099,-0.3934244149273299,-1.2145511997192069,-0.4110415315201594,-0.3654398911849268,-0.9920125263506836,-0.4460380072541346,-0.3638925394240081,-0.6454590436148132,-0.3843892756569028,-0.3151134120651255,-1.3145013581596623,-0.2021742000249344,-0.4051066526640907,-1.118461341445119,-0.158678743000691,-0.3296723826615965,-0.901602989530139,-0.220258641757251,-0.2934718195943665,-0.6444473958083384,-0.0628859231779339,-0.3405326378102696,-1.1629784937710987,0.044716902530282,-0.416779892643901,-1.0024108591519072,0.0582150375822818,-0.3727587416698211,-0.7904307536396356,0.015936377222986,-0.333227621376687,Up,2026-07-28 16:23:39.008,sess_20260728_161633
0.0,0.0,0.0,-0.1877974053881041,-0.5697941894683027,-0.2008677661816691,-0.1521797461954305,-1.1477459011468578,-0.2955693585315654,-0.0787057484067789,-1.5611381740930568,-0.3604831967121004,-0.0257899374060943,-1.900806417829879,-0.3909499636775189,0.2965020250756767,-1.1717878533335324,-0.2308595465060483,-0.354693593599752,-1.236627386885942,-0.4130794634314505,-0.4458936072089175,-1.0133040320081252,-0.5028784329795869,-0.3019136711092657,-0.9242036291055528,-0.555211797117932,0.3724295797347396,-0.8999987997988113,-0.2264914314037163,-0.374541567383438,-0.96307186866963,-0.3949692896752433,-0.4009600643563129,-0.7660679092768586,-0.4169133501750618,-0.2352977025607917,-0.6924043036112321,-0.4272165957963482,0.3532633691786898,-0.6002201512027178,-0.2494380027263212,-0.317567666489963,-0.6780644128683725,-0.4209393373742665,-0.3112422755152494,-0.5335388599042433,-0.3827853934863456,-0.1501116795010087,-0.4878172324532782,-0.3409879872661634,0.2794603510124043,-0.312107973854729,-0.2936044545091016,-0.2338746980226243,-0.3622555614221712,-0.4193264241306702,-0.2245741995893381,-0.296122121713832,-0.4159122360558117,-0.0654561459320188,-0.2800162819953028,-0.3911453732461057,Up,2026-07-28 12:57:21.592,sess_20260728_125637
0.0,0.0,0.0,-0.0541239379342025,-0.4637364845953496,-0.0390930947058607,-0.2821353494172487,-0.9398277774364135,-0.0827978998045225,-0.4653368457889663,-1.3034656355697876,-0.1167015801983444,-0.5616588578059315,-1.5919193378977945,-0.1487450576060809,-0.6903542729943636,-0.864776191824099,-0.1682635024757153,-1.1303284676685337,-0.7407544460818329,-0.2360044790118644,-0.987729443624456,-0.6333238054648398,-0.2534434830625967,-0.8195503216193861,-0.6414660148684967,-0.2579933327416915,-0.7877463654327358,-0.5870352914613667,-0.1866687716957037,-1.1730534512545725,-0.4645566944958204,-0.2011813655799053,-1.023270550578604,-0.3967416368037369,-0.1689051838551757,-0.850271307238708,-0.3990575002509556,-0.1675946278461094,-0.8249873851690004,-0.2967418678454809,-0.2022048183773162,-1.0906852205073774,-0.1949668283289527,-0.2394388600826638,-0.9434684504194384,-0.153418913375468,-0.2081689277682886,-0.7796499656245838,-0.1722226616256204,-0.2004747872734795,-0.8303010999376446,-0.0453382127841656,-0.2164608611745702,-0.9970766833618194,0.0011851001850127,-0.2435910983375702,-0.837834894453815,0.0372045307078104,-0.2068961374078976,-0.680609025212937,0.0277096492221634,-0.1782753283902917,Up,2026-07-28 16:35:12.588,sess_20260728_163307
0.0,0.0,0.0,-0.1578219111594135,0.3293634035618276,-0.1939138359247955,-0.4446745114165493,0.659505386905,-0.3057817060239006,-0.6296218583243965,0.9553004824731168,-0.3985396660258701,-0.6855005458388055,1.2266215710537034,-0.4579056949644287,-0.8880079844565626,0.5234649886822142,-0.1620110311655969,-0.9464502330893032,0.5065122707284321,-0.2801490766033693,-0.6708794154074588,0.4474451352011819,-0.2951972973738573,-0.6347149356239465,0.4758390656796641,-0.3029981927203941,-0.952921111258458,0.2706835197582829,-0.1366447505366113,-0.9766634163048816,0.2741053001449983,-0.2695983165801957,-0.6239158966691418,0.2528699404678266,-0.2472768215007615,-0.656441116101807,0.3013096205038165,-0.2158188278101662,-0.9388528524887916,0.0177591526836742,-0.1379487339053745,-0.9709734580347,0.0235843093626582,-0.2901712342493014,-0.654063783054115,0.0287447971474458,-0.2139622652944263,-0.6521571156004395,0.0833479695789204,-0.1453828252495817,-0.8801232223137223,-0.207402209820197,-0.1562503032090657,-0.897757971324752,-0.2034558656463413,-0.2437826295709731,-0.6693206706037947,-0.1527329856814627,-0.1895372120579335,-0.6393358375761712,-0.0963211287860533,-0.1411161114236,Down,2026-07-28 13:06:26.089,sess_20260728_130400
0.0,0.0,0.0,-0.3005891058502883,-0.3953827855821237,-0.0199204447563817,-0.3395577590388088,-0.8629492254307132,-0.0200177860595147,-0.2918731687111014,-1.2279898843608663,-0.0729154211595718,-0.3027983460443701,-1.5224591537842442,-0.1103455234412677,-0.0328563208657601,-1.0000183935234133,0.2182205092342517,-0.0795044666809371,-1.2365879112678255,0.0727774344834673,-0.1523040961348545,-1.0395449050076715,-0.0393442894686574,-0.1568310667096106,-0.8677666208022485,-0.0791313889526096,0.1294378933267513,-0.980246436213706,0.1495418204431831,0.0602084611684807,-1.2473337884104496,-0.0669606251296493,-0.0388425203740864,-0.9617243912303248,-0.181359305832719,-0.0302849677309991,-0.7503449536536209,-0.1906397072742223,0.3208960099888074,-0.9314005458533576,0.0483475739519954,0.297585388587062,-1.2720807272788397,-0.1491207563495528,0.1729204248232132,-1.0267116096170583,-0.1665551453011256,0.1447632697731803,-0.8014095042536862,-0.0992329730180758,0.5174379975506147,-0.8615180969722573,-0.0608473996987487,0.5947764125517795,-1.2632258045510896,-0.1340227083561003,0.6175476964254762,-1.5183423942645322,-0.1180874837434271,0.6750637808220554,-1.7175552441719817,-0.0729376939793358,Hover,2026-07-28 14:58:51.481,sess_20260728_144941
0.0,0.0,0.0,-0.3226884485849274,-0.1682314628116224,-0.0956593424476116,-0.5373416431439471,-0.514400053538718,-0.1693642912244956,-0.5862139686653077,-0.8046994197608373,-0.2728626328263804,-0.4847865085533533,-0.9904773447469752,-0.3597406803098119,-0.2835725067477453,-0.9901921389049756,-0.0379295893025483,-0.2816048227963801,-1.4334293955575668,-0.1891329289064733,-0.2820830546916669,-1.7033283700142492,-0.276343552401104,-0.2734825622255651,-1.920070923876081,-0.324210985273879,-0.1047946321909908,-0.988938060454691,-0.1049742713624087,-0.1047425348531393,-1.5280931144313938,-0.2981329192680956,-0.1064546562492595,-1.871686777000712,-0.4054575715146704,-0.0931554566258213,-2.162814382563721,-0.4390753484169289,0.0686121939503707,-0.913854865033232,-0.1915159758721215,-0.238079614399112,-1.179919613299799,-0.4319418047144687,-0.3762619433306307,-0.9065897977112995,-0.4310945582162909,-0.4027070050443602,-0.6872586265991362,-0.3459385542590147,0.2085632718191526,-0.7791104679865081,-0.2901574717528609,-0.1262416978821087,-0.9413082909100258,-0.4382255413690646,-0.2535812806836277,-0.7617985915563446,-0.408596903912952,-0.2701148484917872,-0.6004540225745,-0.3379652979834155,Backward,2026-07-28 14:54:37.223,sess_20260728_144941
0.0,0.0,0.0,-0.0550887584346581,0.2488780453480484,-0.2931478587124853,-0.2261070281954795,0.5389999638577605,-0.4980537242294143,-0.3475375779887562,0.808039979765305,-0.653337861163555,-0.4294945419972776,1.0372675633206945,-0.7732611555270975,-0.849887970691929,0.2689130983945722,-0.4727018910332869,-0.6189156112193905,0.2339233715889064,-0.6268680022387874,-0.361086482344605,0.215794560407037,-0.6566966967565467,-0.3401175019404946,0.2195806529710774,-0.6768569478916389,-0.9089072533405508,-0.0096187800080258,-0.4168873755537496,-0.5537543046805473,-0.0260954242708696,-0.5329790325998569,-0.3018635878572768,-0.0034687587949957,-0.5126208477252522,-0.3266690439591216,0.0050615855787816,-0.5144844238727228,-0.8515690879195217,-0.2511573623217233,-0.3770958961873532,-0.4944053723857558,-0.2545583438059162,-0.5042772408390553,-0.2713178133898857,-0.189716490326662,-0.4655200152448791,-0.3059956446060166,-0.1563999633990085,-0.4487695026624553,-0.7305433626068157,-0.4597405368191888,-0.3667509192816938,-0.4687195709891419,-0.4698674267318581,-0.4731846494246272,-0.2768007779074516,-0.3856923252691476,-0.4649893528899154,-0.2641603694226581,-0.3314190538412808,-0.4545500875483428,Down,2026-07-28 16:24:34.631,sess_20260728_161633
0.0,0.0,0.0,-0.3039138499076272,-0.1954563969645341,-0.1381152133582904,-0.4493082496525508,-0.6335505343234121,-0.1873195153413259,-0.3101553768909837,-0.9978446142968294,-0.2399685963870286,-0.0608988821677358,-1.1397807338372643,-0.2770596999598061,-0.3444131102521538,-0.9811534638636248,-0.0447418282861874,-0.4833550764827599,-1.4005517028033498,-0.1540485486058535,-0.5703588009260203,-1.6635159860972486,-0.2241725444413175,-0.6165202105955786,-1.8747790134656783,-0.2692971942124386,-0.0877811346252701,-0.9945791602160244,-0.0557383751816248,-0.0210199407179076,-1.4706085479115245,-0.1657298998014597,0.0231049619256942,-1.782366928031994,-0.2306477914538224,0.0757584210804889,-2.019038323348504,-0.2585295070534212,0.1230111395212253,-0.907633037489142,-0.0896665789208956,0.1792980032441882,-1.2159070107432983,-0.2706571058927737,0.0850396337082308,-0.966044869707174,-0.2688383683795982,0.0357517808379019,-0.7395291728949853,-0.2054995305167155,0.3225753860867719,-0.7567025306301268,-0.1349219744120488,0.3362890436901516,-0.983065253944096,-0.2853219491109333,0.2528554423895893,-0.8223930993735891,-0.2614034871850386,0.2104027407645813,-0.644491925918836,-0.199104746049685,Backward,2026-07-28 14:54:28.441,sess_20260728_144941
0.0,0.0,0.0,-0.223596120799895,-0.2636141197375993,-0.0916338312634117,-0.3197184899126997,-0.5938488814208162,-0.1533388749674794,-0.1681467394040278,-0.7792403492211829,-0.2369300449938332,0.018797383694361,-0.829211113991792,-0.3141132320077645,-0.0854124941193224,-1.0281048818799554,-0.0426739297311727,-0.1786226594405276,-1.3944447298890346,-0.1725959244825198,-0.2257384149247832,-1.630422025006815,-0.2636090832661931,-0.2629196302275267,-1.8295534355323988,-0.3149899425732984,0.1591522031494036,-0.982329562776241,-0.0984845486791207,0.2616053267362394,-1.388480899618528,-0.2218914714191884,0.316808271795182,-1.663918502924783,-0.3015332775309149,0.3575813233024506,-1.8869133899795127,-0.3348910064724241,0.3471129913776201,-0.8243673457372243,-0.1745103093188349,0.2680662846964843,-0.9827204569026088,-0.3546431448154227,0.0925635447398877,-0.8179150396426209,-0.4019394902657153,-0.0199268067452562,-0.6699004824174417,-0.3748125938417689,0.4810949317013272,-0.6127483854965216,-0.2593591024789834,0.3688035731259416,-0.7418228741611835,-0.3685091069278955,0.1845672712226005,-0.703841467661983,-0.3585536462515941,0.0435183877590742,-0.6444671177759206,-0.3200086628978497,Backward,2026-07-28 12:40:20.085,sess_20260728_123245
0.0,0.0,0.0,-0.2288698751171733,-0.3758277387199735,-0.1664236021469684,-0.249331048026275,-0.6988080532388752,-0.1592171439604428,0.0235793372566634,-0.8891466482034517,-0.127299546818922,0.2477809308362429,-0.9467880837142012,-0.0757362602900355,-0.317014365333649,-1.0019441837302314,0.0874244295661649,-0.3765515374079107,-1.4202851953844624,0.0721931903015247,-0.4020326612171193,-1.6799178347365746,0.0205043750939397,-0.4228380235022932,-1.8978036797649984,-0.0281416823481405,-0.0791094365947281,-0.9867070113513464,0.1419541150927251,-0.0870989421117882,-1.423525019511486,0.1646177590093075,-0.0721070692882376,-1.6743263248725588,0.1247753637334286,-0.0512942270166229,-1.879553392848124,0.0839343558927801,0.1250658132875149,-0.9060206176152402,0.1599658261920776,0.1327994592683833,-1.2682675609537388,0.1431884916051147,0.1497794684879487,-1.502256496791358,0.087343834087264,0.1933136495715597,-1.7066616462568518,0.0398968982214815,0.3396188843574098,-0.7525128158858106,0.1559444122318775,0.3659845165632298,-0.9642243721066486,0.1329733876224981,0.3927932279658599,-1.0888213662440134,0.1187826708466554,0.4291789620077857,-1.2016316617476626,0.1045436435333875,Right,2026-07-28 15:05:21.879,sess_20260728_150120
0.0,0.0,0.0,-0.2699986603354952,-0.2781265157580653,-0.1493780876965044,-0.4322510081882994,-0.7254893002288167,-0.2249096720432562,-0.3584770956073976,-1.0924357603273145,-0.3049498531725773,-0.1669918936667927,-1.2909640834026526,-0.3612423172447723,-0.2397738996017165,-1.0678020024218398,-0.0603662836217804,-0.2583320782794664,-1.515952311637297,-0.2501924431660102,-0.2940794796193994,-1.7537716960422645,-0.3341993699227724,-0.3196562133314342,-1.9904312383276963,-0.3844355351288651,-0.0149944832208844,-0.9970259595415716,-0.0755936602708666,-0.0838188299651109,-1.207597511319569,-0.3287889380008387,-0.1363885733523322,-0.8333332730288646,-0.333690051231609,-0.0831622908625507,-0.710998120024908,-0.2730601853893452,0.2042011793448907,-0.8806862438966634,-0.1280699404690609,0.1146503935161154,-1.0160137429349516,-0.3804968794277565,0.032262035498432,-0.6842965810906985,-0.2723786522931934,0.0779957580321601,-0.6129405164699228,-0.1344363863533254,0.4067615646774485,-0.7330079364964119,-0.1983054284587226,0.3193262825479516,-0.8698691052401591,-0.3367741539856612,0.2319159692418614,-0.6482192489672829,-0.2551438464261822,0.2620999542761251,-0.5763195083529747,-0.1600429215642649,Forward,2026-07-28 14:54:14.536,sess_20260728_144941
0.0,0.0,0.0,-0.2229420042500977,-0.2698024769147665,-0.1208265523385923,-0.325627003921345,-0.613631667615131,-0.1934620132823585,-0.1854635451351413,-0.8327637885944068,-0.2803012650011665,0.0227276788600211,-0.900610021558493,-0.3552432532915499,-0.0600627314564789,-1.0314510283550666,-0.0568744134366994,-0.1260097179144051,-1.4104657558547586,-0.1894854881566846,-0.1693796300413897,-1.6481187535540525,-0.2811770493215281,-0.1923215090404589,-1.8490606317059324,-0.3356001592625424,0.1731560544278625,-0.9801235177832354,-0.0968239159670331,0.2927337566455075,-1.416581612779076,-0.2254609472930146,0.3481169902341582,-1.6945513005347297,-0.3037529569419634,0.3926059161599285,-1.9101326666241,-0.3368142500802114,0.3517530138647926,-0.8210935195710906,-0.1592281859726944,0.2727612547586472,-1.0169684728680457,-0.3409423882474363,0.0934784277420697,-0.8891985645200235,-0.3837382788053399,-0.02316050868309,-0.7664400535167297,-0.357212581527103,0.4802337059829349,-0.6059918099230743,-0.2332929167235175,0.3691756798275942,-0.7742482339177575,-0.3506542446995971,0.1870971771409605,-0.7612908656837363,-0.342226481695481,0.0453479412544488,-0.7227267725553259,-0.3060102451502656,Backward,2026-07-28 12:40:12.472,sess_20260728_123245
0.0,0.0,0.0,-0.2036798374431045,-0.3200175769951415,-0.1958951158600196,-0.2533783372238077,-0.6739010038956786,-0.1878061531353982,-0.0237110307472082,-0.8816574119152376,-0.1465320071727084,0.1940002959865711,-0.943992828033385,-0.08200190217823,-0.3095219810513026,-0.9814278880262778,0.0791894827954828,-0.3940237239715593,-1.3484021204410443,0.0973175108557514,-0.4422429193351281,-1.5768441112333276,0.0755932735514429,-0.4781563091789346,-1.7503502928765295,0.053341614375852,-0.1232990874201837,-0.9788882063569893,0.1630190617582686,-0.1680311305945506,-1.363522984887782,0.2358722849806957,-0.1747037333769673,-1.5890853398606972,0.2395546588740496,-0.1772014606320898,-1.7479682487487027,0.2316144003827264,0.0592497100880231,-0.9073507887317852,0.20443815867946,0.0596137263285803,-1.22891060176531,0.226786018015658,0.0576461876995348,-1.4379569023615777,0.1712015478644681,0.0639882966409485,-1.614660257154894,0.1238674184004772,0.2560013107447491,-0.7887082299662317,0.2206566889063835,0.3157032647384136,-0.9629671231577046,0.2216185041340817,0.3403924091805879,-1.0615184533512176,0.1980552007404301,0.359935145485077,-1.145602091742066,0.177411893723892,Right,2026-07-28 12:42:59.366,sess_20260728_123245
0.0,0.0,0.0,-0.2831703173176615,-0.2082072902762683,-0.1300701271459671,-0.4792923668885809,-0.586572996409885,-0.215904899265607,-0.4725515593534002,-0.924328204515418,-0.3219705048153663,-0.2964141022721878,-1.1406586356435815,-0.4141631799557497,-0.3023290121911849,-0.9644991704023962,-0.0752535985023244,-0.4874593662958338,-1.389905543626256,-0.2466229265916527,-0.6070549417620597,-1.6340101148755015,-0.344353414845478,-0.6871840491073182,-1.839236995444773,-0.3923376324931211,-0.0478439254881033,-0.991387462364,-0.1219092213959109,-0.030393190040139,-1.5462325014401987,-0.3008323771021389,-0.0307158975041128,-1.8765417731861893,-0.3893679113369352,-0.0103432830111579,-2.145954466287451,-0.4122412128670859,0.185799591485327,-0.8998518175693277,-0.1937271818022667,-0.0482324996674079,-1.2062713499882882,-0.4398444939397773,-0.2044543073837028,-0.953933833734165,-0.4648188648066859,-0.245883603621527,-0.7291459585929428,-0.3990089052863089,0.3713222272370897,-0.749698424715783,-0.2769694380344301,0.0894234136133404,-0.9639988988950576,-0.4379003214854062,-0.1139717412113848,-0.9427565282305612,-0.4290172680560992,-0.2284682074411892,-0.8968159536097827,-0.3768924399241116,Backward,2026-07-28 16:18:33.035,sess_20260728_161633
0.0,0.0,0.0,-0.3408970619472229,-0.0757707445813426,-0.1195631537089128,-0.6570642441127416,-0.4801114192670557,-0.1856752943473178,-0.7429447696254824,-0.8552786297344696,-0.2646325911790113,-0.5990060006209602,-1.092327574635055,-0.3408800644981216,-0.3660255205482015,-0.9628079068762618,-0.0700769598288116,-0.4388857287115406,-1.438359470571157,-0.2534687116202109,-0.4680007726629006,-1.7746523777574488,-0.3762930808427502,-0.5110923814909326,-2.0499431382928,-0.4642841666132953,-0.1368034109818739,-0.9849329032545148,-0.1057922626204651,-0.421227320461738,-1.0877557616983162,-0.4267811737598864,-0.4244937308255221,-0.6855050065815521,-0.492793997097503,-0.3677119644723823,-0.3851767772956802,-0.4490382420768974,0.0947405910262202,-0.9366039687412184,-0.1663858303942557,-0.1956404774865172,-0.9239621873904648,-0.4700045413576042,-0.1604360602139474,-0.5367526581164856,-0.4081691941548858,-0.0764688269133858,-0.2831970838741378,-0.2727577627594959,0.3425327155418619,-0.828034514760783,-0.2392011272656373,0.0607422732607743,-0.8927445832276016,-0.4376643684201707,0.045483309503003,-0.6228242737031529,-0.3830608922541962,0.1178889100530441,-0.4477030893515263,-0.2805575516738743,Forward,2026-07-28 14:53:50.458,sess_20260728_144941
0.0,0.0,0.0,-0.1978423542953494,0.3896657969562619,-0.1525012665082596,-0.485308784604481,0.7615521765075819,-0.2776039487697447,-0.6549597031200644,1.116272956804029,-0.4013982202683231,-0.7398945307369059,1.3807046412263642,-0.4996019334509667,-0.927347041515772,0.5187759542535735,-0.1526376475343039,-1.028328447480071,0.6786069118175408,-0.3290570556632175,-0.7307457639695045,0.6150978163425462,-0.4158583362123353,-0.6557213285601955,0.5367188406481866,-0.4674243692307549,-0.9526734027715924,0.2526255488923916,-0.169096776132525,-1.0646224033153626,0.4343843918419268,-0.3512009294397904,-0.720568294605655,0.4062121567035084,-0.3665999567457122,-0.669359054681458,0.3276234045903445,-0.3588092023980326,-0.9005953150022471,-0.0102323606091145,-0.2123804242639693,-1.091632510224123,0.1001458768791363,-0.3857263179653638,-0.7616446407725825,0.1358764633082925,-0.2989126134718444,-0.6753525913506627,0.1048041030633893,-0.2184591402489574,-0.7938306382156608,-0.2454238024542945,-0.2733104594744681,-0.9410855521799524,-0.199550721947195,-0.3679247257020809,-0.7216116800454867,-0.1030961495430238,-0.2936816058023638,-0.6344053036122458,-0.0901053720902347,-0.2270089787754133,Down,2026-07-28 16:36:33.229,sess_20260728_163307
0.0,0.0,0.0,-0.2542392547647538,-0.1684188604830371,-0.1850114302786853,-0.3250533763182038,-0.4696683487238217,-0.2450703002636393,-0.1613485292410046,-0.7104837560362028,-0.2830241259235223,0.0089355855131329,-0.8211964478201763,-0.3061818816156679,-0.4155569818222165,-0.9331540201849992,-0.1001097873884951,-0.4448677689054662,-1.3421125444715212,-0.1885243184418762,-0.455416385058971,-1.601755171414354,-0.265862955068852,-0.470919035467064,-1.816635927460656,-0.323333334529045,-0.2129834202677421,-0.974823961993016,-0.066002316741862,-0.2715739954316354,-1.389399702370833,-0.1405418725960149,-0.3328630583747755,-1.6695886650600753,-0.2055416145606412,-0.398873613848192,-1.915981137374662,-0.2497930229130667,-0.0304685752282057,-0.9457008418874484,-0.0560135954705475,-0.0816661342943665,-1.3200535558074649,-0.1276849378555891,-0.1423923931235242,-1.5549678355284913,-0.1757915519285562,-0.2083315032766484,-1.767870067932265,-0.2048805608300654,0.1451369365637859,-0.8612906562004807,-0.0670068443417903,0.1414272908423866,-1.1570164174054487,-0.1292587399962344,0.1092054513905908,-1.349776285192014,-0.1515116569444516,0.0613335440516416,-1.5322579662192382,-0.1603377987567168,Right,2026-07-28 14:56:14.298,sess_20260728_144941
0.0,0.0,0.0,-0.3253774036928648,-0.2441173732492219,-0.1085450525982333,-0.5361710053908745,-0.5845146881196513,-0.1623224481799587,-0.6343055558629607,-0.8924590866380666,-0.2184713186009587,-0.7357313877467447,-1.12415312477688,-0.2710341834615162,-0.3126532710623437,-0.9652694011349368,-0.0203670242699217,-0.3690328854253507,-1.327106821183429,-0.1062541106632972,-0.3910957872309592,-1.5437725558496966,-0.1909131641267047,-0.4016928706135305,-1.731063667963022,-0.2569487764150852,-0.0967575073756063,-0.9943989686744306,-0.0425285300203115,-0.1002020585956435,-1.3904080470870688,-0.116118590863991,-0.0992467504069514,-1.6360024642529665,-0.19306227627646,-0.0998130094683086,-1.8397816091258683,-0.2530152415024775,0.1060178306776072,-0.9371426686757124,-0.0889449857010129,0.144316201333834,-1.3059528490942485,-0.1657658178532025,0.1663185019356842,-1.5363587141234347,-0.232368075690209,0.1753524982930365,-1.7252309346112018,-0.2794323088791418,0.3026616696776729,-0.814183179609813,-0.1484646379649168,0.3701820114581329,-1.100979524815508,-0.2122839003612525,0.4036285755359108,-1.2944047861803964,-0.2468912955148126,0.4266476689296831,-1.4680482598554898,-0.2712543045248761,Takeoff,2026-07-28 16:28:27.322,sess_20260728_162716
0.0,0.0,0.0,-0.1628497681668559,-0.4431132001311005,-0.1574142577929711,-0.0883104895746566,-0.8761149148201434,-0.2418483037570622,-0.0054795909250121,-1.1693763128788506,-0.3113421441007494,-0.0212550559327457,-1.4384866887783685,-0.3530067432875493,0.4509194863571611,-0.9759917994663738,-0.1458164204319133,0.1200239026964971,-1.0386438795081834,-0.3201984970211899,-0.0565912759219292,-0.8166372264873489,-0.4211267790718273,-0.0454204088153027,-0.6973409150886896,-0.4810814757681451,0.6142706251172654,-0.7733625364094231,-0.1567864356263881,0.1820258455881941,-0.808303364916739,-0.3024491454734115,-0.0017572878925736,-0.6098675444833235,-0.3220569871173552,0.0441155623319078,-0.5241583541660555,-0.3273975017841612,0.6614515974190545,-0.5196703810565453,-0.1958046449583461,0.2436191581392934,-0.554014027848669,-0.3435955525273911,0.0733842905303061,-0.4157476602374665,-0.2926906052754373,0.1261595677855884,-0.3596742693614284,-0.2457197827956039,0.645899350488157,-0.2648542875424041,-0.256437201930339,0.3094448792331798,-0.2891303964441311,-0.3457841269517913,0.1505617188114109,-0.2349015743901296,-0.3138007161775502,0.1685081519262645,-0.2079086333040547,-0.2776557315788822,Up,2026-07-28 15:06:09.095,sess_20260728_150120
0.0,0.0,0.0,-0.2205823452362962,-0.3083046907094193,-0.1667146142258342,-0.2059085492525638,-0.7079405272171709,-0.1533971426074074,0.1053119022732442,-0.9311378255808604,-0.1120506073132227,0.3720244110832972,-0.9860279817878256,-0.0686809647093146,-0.236927195943034,-1.0080817120006194,0.0411333077276035,-0.2919483562399067,-1.4250058516481263,0.036833972998378,-0.3174586990479322,-1.6750504034939513,0.0028066484018463,-0.3263486923354659,-1.89398187421173,-0.0372151585533445,-0.0153679504209775,-0.9971881923338218,0.0733453145733463,0.0117787728360437,-1.4324823386787706,0.0918604570784789,0.0283432644424559,-1.6777685989934756,0.0512361724178429,0.0610704274510027,-1.887020818591845,0.01243332629084,0.1881006894668779,-0.9065772902978736,0.0741060581107593,0.3280788382649827,-1.277218744163119,-0.0088075374806837,0.3751216822472343,-1.514026977243233,-0.1295756655039725,0.4456079032308798,-1.7328879844845682,-0.2155838224606579,0.3692085478537654,-0.7362229165676359,0.063968515662359,0.4023518021504265,-0.9457028045503376,-0.0579486044621624,0.3044271926338468,-0.8310116783967824,-0.0944920803648226,0.2422935694370087,-0.6802501648602447,-0.111802682073073,Left,2026-07-28 15:05:09.625,sess_20260728_150120
0.0,0.0,0.0,-0.4301288552567293,-0.1556680338114671,-0.1698593945563784,-0.8121907553791389,-0.5031669648782161,-0.2538639189483634,-0.8893665105007601,-0.8585127144427649,-0.3302889706470424,-0.6357494468602563,-0.9546930140969004,-0.3559912524162761,-0.5412968821101182,-0.9196608469735968,-0.0516343150079731,-0.7204814575069581,-1.1009112783574782,-0.2474917165273051,-0.6925908283984769,-0.7951746612892626,-0.3038405479767925,-0.5969668417626541,-0.7545693848708338,-0.3239540100921502,-0.270472233311702,-0.9618097391845972,-0.0420332798748477,-0.4719950958630794,-1.0349062850475033,-0.2531461420999132,-0.445419372088445,-0.6408182064409769,-0.2162301478815896,-0.3455370915894341,-0.6425516051652966,-0.1341044497908877,-0.0301264896070981,-0.9455379430065846,-0.0812868417462048,-0.2435669291354621,-0.8869848291043243,-0.2816407097634641,-0.2403592289910853,-0.5465696291243475,-0.1853025535933249,-0.1427518264195775,-0.5658706701556331,-0.0689765676080103,0.1918208282413755,-0.879426865442956,-0.1421022248331082,-0.0516328244876427,-0.7524802442891345,-0.2375246963379438,-0.0515957849007738,-0.5322531095842288,-0.198301279700742,0.0510047697452488,-0.5593854160829057,-0.1419362434319995,Land,2026-07-28 16:28:53.306,sess_20260728_162716
0.0,0.0,0.0,0.2032705717341614,-0.3637970131532932,0.0599337237436414,0.2929642148065235,-0.8264211970027439,0.0664372484837466,0.373186949869862,-1.1758361541039155,0.0609939736340044,0.5508668350270641,-1.3514663039485342,0.0542842411483202,0.2459550839456749,-1.0548055104857343,-0.086251841248237,-0.1950552312347213,-1.2742129433389824,-0.1043684259116753,-0.2414364075152667,-1.081846249417129,-0.0948542349886735,-0.1686213499329588,-0.939886405780017,-0.0868909848995439,0.0104979109842093,-0.9897365357227544,-0.1425180119159984,-0.4115451351769252,-1.1572086570270437,-0.1502410439678671,-0.4299546589011135,-0.9704472606143,-0.1242157239066592,-0.3448235944156171,-0.8502002790301614,-0.1262391414138763,-0.2476869129813424,-0.8859682371062296,-0.1845781568829503,-0.6155389821268112,-1.105215179391416,-0.2099877470645222,-0.6300581256519177,-0.9288843887113478,-0.1808114330010111,-0.5341968274865613,-0.7946915540187234,-0.1787308103006278,-0.51073565173606,-0.7504390344370786,-0.2153738540891788,-0.8020271431338977,-1.0549498580429586,-0.247220576608149,-0.9953015184111488,-1.1908408691454837,-0.2372163940585755,-1.130399045012719,-1.339862981079357,-0.2351586299469508,Hover,2026-07-28 16:25:56.007,sess_20260728_161633
0.0,0.0,0.0,-0.3608143405445355,-0.3244823306589576,-0.1408157741412616,-0.6075111983780125,-0.7177189222958585,-0.2369494785607643,-0.6708910369596033,-1.1097530635758257,-0.3415906801985484,-0.518845485264718,-1.3577002419843036,-0.4043403032325411,-0.3243537413490459,-1.0500611300871632,-0.0106954509824887,-0.366252067177539,-1.3790160660084878,-0.2395576213642709,-0.3999011989450243,-1.062444660292006,-0.336656828878132,-0.3730851281323438,-0.8471236766118315,-0.3628400017603054,-0.0790528781162402,-0.996531826895788,-0.0259800008714755,-0.147818281300113,-1.3373058783904848,-0.2667691785863026,-0.2118829941395004,-0.9276706832757808,-0.2919757990199043,-0.1759879237960741,-0.7463775838298341,-0.2442710633444312,0.1677948534390072,-0.9001399431212999,-0.0853087603479821,0.0858243680664275,-1.1889863628932642,-0.3177980675985372,-0.0152225642756648,-0.7951603072952662,-0.2280857505753183,0.0018471301385255,-0.6306117974549464,-0.100913172147592,0.4019018439208001,-0.7418111777005131,-0.1598329094979146,0.2876648507342908,-0.9821981630487168,-0.2849268062409298,0.1699364679535051,-0.7255090574725732,-0.2112967778494058,0.1698598756045975,-0.5848201372701295,-0.1174643000443402,Land,2026-07-28 15:11:07.775,sess_20260728_150914
0.0,0.0,0.0,-0.2920362635946638,-0.2063643607465135,-0.1594225794675542,-0.4831879710896529,-0.5674362747503265,-0.2698590026343564,-0.4918576923971291,-0.9118486269744044,-0.3944957393463189,-0.2752742910985422,-1.0912604722215558,-0.5012660543641851,-0.281533676191274,-0.9715939260811776,-0.0978980539453386,-0.4185006405987302,-1.425325732902366,-0.2740666582003951,-0.5044175170988533,-1.687681987366097,-0.3818574148003162,-0.540005466617386,-1.88829766315622,-0.4484224254744993,-0.0351064236538202,-0.9921859992170126,-0.1197266970060427,-0.0278360147046043,-1.5238952203186191,-0.2887606786205869,-0.0561970159156769,-1.8411606872181816,-0.3804745317677023,-0.0652148735057294,-2.078008703011001,-0.421989031550711,0.178375406690125,-0.9000879367027493,-0.1690529275811048,0.0705047404067681,-1.3172867882171937,-0.3776297771139547,-0.118517470833611,-1.1176656693621978,-0.3915573337768157,-0.2079077398687946,-0.9058459453954338,-0.3391088734039937,0.3593838665861373,-0.7376707062105298,-0.2351086479581043,0.1250261906807754,-1.0016130485240802,-0.3956885760605286,-0.0785493202340414,-1.016719606679554,-0.4166476585257923,-0.2069370186143539,-0.9774543454902486,-0.3914038304893687,Backward,2026-07-28 15:12:55.662,sess_20260728_150914
0.0,0.0,0.0,-0.0642201456244443,-0.4127866568735709,-0.1589224734703932,0.111321062481118,-0.846599095961828,-0.2340728491738878,0.2220971096788215,-1.154792557405077,-0.3017564943590566,0.2174378489816474,-1.4116665174317269,-0.3344431096443686,0.5815304619815005,-0.852711214101424,-0.1036395111488672,0.4744080461951051,-0.9757322104135474,-0.292303727020739,0.2447062261075018,-0.7698963672324056,-0.3910615742883128,0.2376215910376764,-0.6768214808398311,-0.4488077964489658,0.7479912053941957,-0.6544974124769077,-0.1101920764572955,0.5224508334400892,-0.7417484695793863,-0.292361391835821,0.260955797602978,-0.5431457739056912,-0.3116337339159074,0.3016033981533576,-0.4755217485736234,-0.3001394489489515,0.8092156691590136,-0.4249550953109242,-0.151413137213618,0.5686917449238776,-0.5010120626536121,-0.325955250439666,0.3280869419988037,-0.3588676241840363,-0.2628841740076327,0.380645127323494,-0.3087846931209137,-0.1964595380807705,0.8157568388854755,-0.1986508847189195,-0.2151100723930935,0.5811336773284251,-0.249695201324632,-0.3065970628162963,0.3964405663840051,-0.2047452489997486,-0.2711562216731781,0.4401635298030006,-0.1861528726652512,-0.232567100027223,Up,2026-07-28 15:06:06.465,sess_20260728_150120
0.0,0.0,0.0,-0.2928439974960415,-0.1946654804449798,-0.1449879639363686,-0.4237071891657539,-0.6068812087014168,-0.1986048689556935,-0.2642622926699448,-0.9619562657887856,-0.2521318977518746,-0.0435354787659196,-1.1458838765526842,-0.2906985442365747,-0.3841172161967474,-0.9919164911543378,-0.0642125818042552,-0.530178620499877,-1.395639206476213,-0.1761199554463779,-0.6295927372495853,-1.6426065141375732,-0.2578209714860799,-0.6884468478658051,-1.850262489991888,-0.3088202152222742,-0.1180981862180339,-0.9908688155443516,-0.0650523542521268,0.0454946833181808,-1.4232300819001362,-0.1713391893693384,0.1937107483847672,-1.701130537773761,-0.2438696093632724,0.3193650272889315,-1.9252142149928,-0.2791913085045898,0.086775546738573,-0.891183873986256,-0.0864711704272369,0.1942444395324478,-1.1810985863937142,-0.2851771905013365,0.1342999239067027,-0.925068193077112,-0.3073954360812112,0.0856583292676961,-0.6959226452834001,-0.2557042555663379,0.2722241725361775,-0.7382022018313801,-0.1154398498915378,0.328989848221042,-0.9279381686222108,-0.2956604128573372,0.2777215798063746,-0.7578850117991331,-0.2858411068367479,0.2386464439927908,-0.5722844171393097,-0.2251453212029194,Backward,2026-07-28 14:54:30.138,sess_20260728_144941
0.0,0.0,0.0,-0.1693945188360664,0.3201114296823346,-0.1860121675327471,-0.4248622404850363,0.6498382991036478,-0.3151385976065045,-0.5924849512540565,0.9566568963622132,-0.4258136967991606,-0.6978156657005796,1.182428455931036,-0.5089574394607234,-0.9469925796901544,0.3746499280157922,-0.1748937428586638,-0.916479056740119,0.4446215296410972,-0.3143500818242881,-0.6430289341243128,0.4157789050584732,-0.3845530984091297,-0.5641552650683566,0.3838270917595598,-0.4315125162816736,-0.9808213057051234,0.101209041985765,-0.1665721948442192,-0.9267023023091262,0.1880167073111909,-0.3180420798603419,-0.6170478807875543,0.2117388766241602,-0.3501194529971878,-0.5645873833397149,0.199271025253547,-0.3578631755996111,-0.9053435828681188,-0.1494132437351182,-0.1798820764659055,-0.895567157136168,-0.1015748877541594,-0.3315349420948865,-0.6107671564009677,-0.0348124608862009,-0.2812803145170426,-0.5558487265058027,-0.0199460221318919,-0.2289822847644775,-0.7722433811633886,-0.371892807160777,-0.2108109956184618,-0.8098154259941459,-0.3715880383158459,-0.3030654178490707,-0.6067226094314638,-0.2652912154826191,-0.2493333889114373,-0.5467570011804904,-0.2179440149504558,-0.1952028205403294,Down,2026-07-28 16:35:42.889,sess_20260728_163307
0.0,0.0,0.0,0.2189877494315942,-0.355955514408025,0.0609278691654482,0.3357076455105118,-0.7922656242362827,0.0497006415592885,0.4570223318330668,-1.1102328457355632,0.0264636010769515,0.665208030357149,-1.2617993401245786,0.0010688551846173,0.3573525967824922,-1.0317425483537366,-0.090507972722743,-0.0729427399745187,-1.3184070166666786,-0.1112817783785698,-0.1428719814681497,-1.1398842905709978,-0.1065306499907191,-0.0924717203227158,-0.9975372400980168,-0.110162238278059,0.1528114744294365,-0.9749491924618348,-0.1616252622603221,-0.304337274094287,-1.2214885080153963,-0.1716643837977369,-0.3322714944096377,-1.0233766878820203,-0.1427374172337114,-0.2701634539616379,-0.8777966504634068,-0.1505455820416585,-0.1016182850939532,-0.8831856841258214,-0.2212493385231504,-0.4818689366604007,-1.1435102988070442,-0.2507131891904883,-0.499873489546725,-0.9535411370936432,-0.2176692279013831,-0.4278634014729816,-0.8002086773552212,-0.2206554934109665,-0.3610372487465176,-0.7488588984347383,-0.2714998376680097,-0.639157449679142,-1.0634510109193922,-0.3321237778879218,-0.8121433722965242,-1.188308072404187,-0.3384910709414069,-0.9341343182843366,-1.3313322335727786,-0.3503474710902101,Hover,2026-07-28 15:07:49.566,sess_20260728_150120
0.0,0.0,0.0,-0.146634934379184,-0.3556964881562724,-0.2048253789414036,-0.0801389027577602,-0.7432102977907351,-0.1950871532399007,0.2199818993231569,-0.954122755787664,-0.1648049928705778,0.4648581995024549,-1.088186854746589,-0.1145635816616975,-0.1809471056394596,-1.0486643364597692,0.0539419342462041,-0.1814456922315598,-1.474909443027078,0.0210913827055735,-0.1715617082220823,-1.7450868297086577,-0.0110686920960711,-0.1754230388136145,-1.970139574043055,-0.0291825612251961,0.0542253917592871,-0.9929367955189002,0.1055278493726164,0.1658086877069986,-1.4338008613693185,0.0715449987095364,0.2780747980990814,-1.7025508016660609,0.0290045346892106,0.366463062015243,-1.9129898579767053,0.0213265394424393,0.2340051530538936,-0.8409832136936579,0.1140914428138674,0.3555333453414289,-1.0262039795454554,-0.057361212902454,0.2815802388164575,-0.8061473241805098,-0.129160311138933,0.2250282516141533,-0.6685390221121704,-0.1050311547109199,0.3726869816995423,-0.6681047555332331,0.1093391229671497,0.476315255092134,-0.8335994039706667,-0.0579641131913983,0.382993092417923,-0.685989233365414,-0.0918321608839645,0.3022440014558198,-0.5763405428467253,-0.0677488883726261,Backward,2026-07-28 15:04:24.124,sess_20260728_150120
0.0,0.0,0.0,-0.2709374099833054,-0.5986891288114145,-0.1446750858908211,-0.411974255566004,-1.2377417912217747,-0.2254400454052882,-0.418187435515487,-1.7089118683965288,-0.2842938453581127,-0.3285145916914067,-2.0629102029537343,-0.3240622424262542,-0.1526931794769725,-1.277133560895894,-0.2254675946660636,-0.8921215251906378,-1.2343870645719086,-0.3617099022331055,-0.8694762261613661,-1.0496807740972105,-0.4064120094158562,-0.6638417772483263,-1.0314309837906794,-0.4311320577737378,-0.1292001365284002,-0.9622119677992388,-0.2396986728060035,-0.9534079973679892,-0.9152115756193054,-0.3454175352367065,-0.817661769823051,-0.7890554874104828,-0.3418834725655994,-0.597844526474483,-0.7759449392035569,-0.3601513632197801,-0.162037985396077,-0.6350775457406456,-0.2702578353172776,-0.9200096902056594,-0.6040597847015332,-0.390954892507336,-0.7721457994785499,-0.4979945507316245,-0.3610485024803307,-0.5451467538380415,-0.4900878162249983,-0.3491408661625447,-0.219200574895526,-0.3175331663540948,-0.3133467399534801,-0.8111370415666234,-0.3165671056095691,-0.4051497216199398,-0.7022858040197337,-0.2565048839154496,-0.4005520158227181,-0.4989757394035585,-0.2360909783449162,-0.3923922872713041,Up,2026-07-28 12:57:28.104,sess_20260728_125637
0.0,0.0,0.0,-0.2983203022091714,-0.2909809626433531,-0.0997518396766612,-0.4135867505003131,-0.7254393591726777,-0.1416759936344678,-0.2628656777863863,-1.07793868123556,-0.1945270616271872,-0.0581126533739364,-1.24052405393515,-0.2415760525714407,-0.3003342751839274,-1.0851378941890724,-0.0026377010060014,-0.2718251734608032,-1.5368277916602229,-0.132587246431593,-0.2383644378153697,-1.818574836300568,-0.2246362583999818,-0.1913963852611173,-2.051458787179945,-0.2978222638953344,-0.0348259057455094,-0.9987488196094076,-0.0358880428251536,0.0726807305889906,-1.2766285918794762,-0.2622477590269817,-0.02191010084412,-0.9510844840271638,-0.319607069890439,-0.1143066642953595,-0.6989287739221595,-0.2957041909158285,0.2069901448523776,-0.8497564687347497,-0.0889636350223829,0.2971121035321279,-1.1017481733199348,-0.3247573707700237,0.1396514405573654,-0.7802051707846586,-0.2686119506487728,0.0322198654398933,-0.5470515178258498,-0.1612888024311135,0.4168607523389629,-0.6557943966706355,-0.1501376996995968,0.437168745085977,-0.8456220857943842,-0.3198904699478243,0.2989174600048114,-0.6434541845050001,-0.2720435023723619,0.2173482225866078,-0.4697553090978364,-0.1917653340839717,Forward,2026-07-28 15:03:13.006,sess_20260728_150120
0.0,0.0,0.0,-0.334708458118383,-0.1568390148880925,-0.1273533966825429,-0.5215992433478902,-0.5881723494869544,-0.1941778567251663,-0.4177246960438911,-0.9536081072439602,-0.2714142595606647,-0.1907615048751343,-1.1329042811961507,-0.3348836794126273,-0.3123410217094186,-1.0025563318603417,-0.0785056145211846,-0.3569752325328296,-1.464342479004101,-0.215154918152524,-0.3761073342286618,-1.7514650115226382,-0.2904699113319465,-0.3859735143832635,-1.985606516906638,-0.3330676738041511,-0.0656665460229329,-0.9905886945739264,-0.1200913940119873,-0.0228510756428442,-1.5556828516746728,-0.2752985028391546,0.0121918435633373,-1.8958408069419328,-0.3524697463526781,0.0586796200664592,-2.1629691375324267,-0.3718159680537983,0.1574745001814992,-0.876233657974305,-0.1803495281343036,0.0813120092825295,-1.2256397709014106,-0.4249042559128033,-0.0505379414590162,-0.9379094527011188,-0.418374875353146,-0.1079274220045115,-0.6875685921853951,-0.3280380365297154,0.3598628166866355,-0.6921490641991481,-0.2478301979986169,0.2326350880981443,-0.9465991018868944,-0.4374308532973912,0.093625590631859,-0.7443445664771641,-0.3997800808887694,0.0327142449700924,-0.5389830579604713,-0.3140091115664275,Backward,2026-07-28 14:54:33.769,sess_20260728_144941
0.0,0.0,0.0,-0.0670527927737135,0.3032171524690384,-0.2316282629681289,-0.2655451437913585,0.6491731359427425,-0.411867092825188,-0.3864579721118962,0.9463658221248508,-0.5610338858719629,-0.4629802425069778,1.1999128402819343,-0.6824981533278995,-0.8796962540632057,0.4071980667885449,-0.3600320230078009,-0.5883219652321441,0.4063604207977525,-0.5266352479795304,-0.3363146981750545,0.3792871742505757,-0.5984075291256479,-0.3220865824260264,0.3678333848078433,-0.652962065453545,-0.9348139284928536,0.0918337104282909,-0.3430590163874589,-0.5437809920250214,0.1107818577160178,-0.4679610459968977,-0.2881122827559846,0.1463569938032195,-0.4749622924101617,-0.3237842695717705,0.1439645551842664,-0.4980479462763109,-0.8748025764382272,-0.1871339081506801,-0.3425898042727044,-0.4857581299940279,-0.1627842645342591,-0.4793610619764343,-0.2617815863159687,-0.0891998552822628,-0.4482132325769992,-0.3089633504848851,-0.0683701799489771,-0.4396067626341934,-0.7463312130858506,-0.4307654673762541,-0.3675290549022472,-0.4253904608499424,-0.4019592696561869,-0.4681370736584703,-0.2425194053457399,-0.2866673768474859,-0.4573599022911016,-0.2708517949285572,-0.2217900068668986,-0.4520010236255464,Down,2026-07-28 16:24:47.962,sess_20260728_161633
0.0,0.0,0.0,-0.2916479959756617,0.2680675943077618,-0.1589792958750795,-0.7427181940966086,0.45952433068408,-0.234892531122488,-1.1213316009819774,0.5951947964633869,-0.3211188612135988,-1.3881317471805976,0.7003367203410356,-0.3807172968535515,-0.9980220571621649,0.1012831824119286,0.0214511701750468,-1.3112477326048504,0.099022562463497,-0.149880594884215,-1.0827145002531156,0.1739264072958265,-0.274959418978237,-0.8479797579613396,0.2043129166994511,-0.3315883197623433,-0.9936667777607516,-0.1104593135067324,0.0206173430438194,-1.3624894750936092,-0.1620583764916703,-0.1648471094179953,-1.1114634133415748,-0.0463364390397806,-0.2472220875719999,-0.8570207022686006,-0.0061665776229573,-0.2514338949568183,-0.932419741485966,-0.312556267322449,-0.0202801330263942,-1.3230118941474942,-0.407601727905198,-0.191742322465959,-1.114000932682569,-0.2651549044404302,-0.1969249411684177,-0.8633615576053614,-0.1967465512276305,-0.1442655288113359,-0.820128784562025,-0.5003205106322094,-0.0805766451985952,-1.122935992402332,-0.5763501549472629,-0.1960428041941443,-1.030364584386681,-0.4387648095886116,-0.1904860386229919,-0.8376054355948365,-0.3466974250051718,-0.1493877037288769,Down,2026-07-28 16:36:28.209,sess_20260728_163307
0.0,0.0,0.0,-0.2392841862549873,-0.315664862970841,-0.1339453809969538,-0.2327492243703052,-0.7539796054761956,-0.1531222298717519,0.0322478473770021,-0.9988582646779416,-0.1588692782431608,0.3114599218831254,-1.0247968440666466,-0.176603774582408,-0.038184280772829,-1.0092397930997157,-0.0288285556182214,-0.0855936774316683,-1.4058990631652406,-0.0805971999642002,-0.1113137929449115,-1.6553904757159623,-0.1385591113757843,-0.1077964854687797,-1.8743159000811864,-0.1980258258499304,0.1862758223120587,-0.9815845722566872,-0.0423443683342061,0.2876086690755335,-1.4515228400620304,-0.0979136374415881,0.3262593839008919,-1.7289281909612473,-0.1672025857037471,0.3682605295032367,-1.9491775884822784,-0.219564278011741,0.3758713966636733,-0.8606902199647051,-0.0770230720955937,0.537477410556056,-1.2835834255439451,-0.2299019377930488,0.5824479452921397,-1.5684897277449694,-0.3656379353667646,0.6559870283792207,-1.795255914395389,-0.4559336666761086,0.5357631139733836,-0.6654796550393879,-0.1138224619011886,0.4831815166708924,-0.9492620797988026,-0.3000077868229761,0.329279187775122,-0.8682239017666377,-0.354148992456429,0.2315023388700164,-0.7172565705537284,-0.3795196732422171,Left,2026-07-28 15:05:06.017,sess_20260728_150120
0.0,0.0,0.0,-0.144551655904706,-0.4330962241366097,-0.125331307447882,-0.1155415242573933,-0.8470630841748231,-0.1016507126914436,0.1778850985691235,-1.145547292237721,-0.0830733033926406,0.4354965187664269,-1.2789716523478876,-0.0576633964491605,-0.1179444257779299,-1.1007843716962158,0.2291479628371783,-0.0461595622443828,-1.462746042913303,0.207557965450857,0.0357841371814749,-1.689719436829523,0.1690207072737714,0.1179670188308307,-1.86954384485293,0.1378020639727376,0.1075033939652524,-0.962357171054774,0.2496231071143139,0.3635608900529457,-1.266139341402464,0.1218299975518936,0.330454029640216,-1.0912896412146529,0.0287632724728049,0.2413570220805343,-0.9218914926231804,0.0270306219042235,0.2937629117293097,-0.7855143942915933,0.2382332485451376,0.5053170901429637,-1.003719619893815,0.0272952756224582,0.359876267262075,-0.7811782660617851,-0.0372275659849301,0.2322689665511857,-0.6127359774007314,0.0023368915709942,0.4307204777277328,-0.6046563540979745,0.2233245627193285,0.5435949355383649,-0.7692617341019704,0.0628967454593823,0.4147198169743112,-0.6104408273632602,0.0439004346193401,0.2956148903444958,-0.4658926473128466,0.0818919361510686,Forward,2026-07-28 15:03:32.172,sess_20260728_150120
0.0,0.0,0.0,-0.2939131908174615,-0.1390798134488998,-0.1928171979558202,-0.4060632075053513,-0.6106122007974256,-0.2714533806099941,-0.279087655704662,-1.0019905965780436,-0.3246550456956568,-0.114297772450387,-1.2518603491483191,-0.3661142992887471,-0.2987993677951464,-1.0560224131604252,-0.2130198809000656,-0.2739625285501549,-1.5933738317420592,-0.381828698305207,-0.2214127808687102,-1.919588445389895,-0.4765328125404955,-0.1754617485617069,-2.174241208851373,-0.5437532996078671,-0.0313258649321787,-0.9793922843405668,-0.1995230401743555,0.0834452413513127,-1.227315021663507,-0.4856659002174289,0.0256068105245954,-0.8366734199928562,-0.535582722627587,-0.0710150792474286,-0.5443767774465167,-0.4875864482844922,0.2078229089362869,-0.831288094361872,-0.2031064540780169,0.3074634551737734,-0.936740982497971,-0.5139354581882652,0.198572815819806,-0.5508750293690804,-0.4627869333553421,0.0772573264368682,-0.3126674247033162,-0.3347066097640373,0.4214356067513771,-0.6580516392175437,-0.2149278477370701,0.4853499329478665,-0.7802051317167,-0.4754727274151634,0.3539836250509221,-0.4950078443068489,-0.4412804389012348,0.2341937263054954,-0.2881599341029773,-0.3441073980583347,Forward,2026-07-28 14:53:21.592,sess_20260728_144941
0.0,0.0,0.0,-0.2077293696845663,-0.4711166019866288,-0.0815168060275734,-0.6455289734723292,-0.9248021177248352,-0.165529766598315,-0.9506123854224032,-1.266964859478687,-0.232646763636878,-0.9722670358294414,-1.6084539730209682,-0.297680471448958,-0.7407452394571787,-0.9155639759893024,-0.2719161460344725,-1.4671800129900476,-0.7056723165050833,-0.4014926126326576,-1.3475753456694577,-0.566872329909625,-0.437365679877579,-1.1283673973253938,-0.5894329933978997,-0.4527462267141151,-0.7359646919525441,-0.6108147046907613,-0.2919954943706062,-1.444938107508836,-0.3731503798272988,-0.3793534500548837,-1.2721317005578163,-0.2851229911981238,-0.351537063416091,-1.0555450124135104,-0.3153409212271609,-0.3509615715406298,-0.7256918822911181,-0.2815425367425319,-0.3114412340488297,-1.318636272764757,-0.0802000081378044,-0.3971210213685683,-1.1480935000946035,-0.0446063785573973,-0.3291558915333418,-0.9410011117333124,-0.1034667925893378,-0.2959647307696512,-0.6910261469867546,0.0207048749361872,-0.3332566618816239,-1.1249071660510463,0.144941363444826,-0.4059435849230219,-0.9802080175615226,0.1656696002581761,-0.3621789742846631,-0.7903381448868714,0.134117904467457,-0.322437295345765,Up,2026-07-28 16:23:29.407,sess_20260728_161633
0.0,0.0,0.0,-0.2520011538216681,0.316507865086945,-0.1839149973889373,-0.6927796468702113,0.6030144166874589,-0.2644867864462635,-1.0318913484216794,0.8250802721769783,-0.3474898132771294,-1.2578492632071263,1.0063819979851196,-0.4030777338293419,-0.9938483725233308,0.2607566661842349,0.0202041610535734,-1.2099418441734138,0.327885541085103,-0.1808154946602278,-0.9294990419072066,0.3667458536715145,-0.3340118713364396,-0.696165970129804,0.3502436291322536,-0.4105970097884201,-0.9993520031497838,0.0251230998744365,0.0257760286548085,-1.2909604248376096,0.0468673056379361,-0.1941616017962651,-0.9807204151690898,0.1512266421789191,-0.2901750718382729,-0.7428125518511025,0.1569616191012279,-0.299749550088169,-0.9362069766315227,-0.1993061372391689,-0.014315383266154,-1.2854250899934287,-0.2465539586578098,-0.2196082932290318,-1.030715718230908,-0.1054099093960509,-0.2124464472970508,-0.8002924615116059,-0.0600252402586823,-0.1456395999232169,-0.8191156433260509,-0.3970790350485499,-0.0746252884214399,-1.0758452547631283,-0.4246408833051451,-0.2042827252760803,-0.9222645499799282,-0.2777112541918571,-0.1826597156460223,-0.7440313884064238,-0.2098516182519527,-0.1283013599263017,Down,2026-07-28 16:36:21.381,sess_20260728_163307
0.0,0.0,0.0,-0.461869118442175,0.0099436349191658,-0.3208105288563869,-0.8835386477017074,-0.0090509635342995,-0.5749431063706892,-0.8411489892539493,0.0808291400681384,-0.7740443663850259,-0.5034895846500171,0.1802003785718203,-0.9304000744722044,-0.614460253689744,-0.7991238928683102,-0.5317780431987331,-0.5896354554523615,-0.20280207061217,-0.7182164783713907,-0.5973909474581273,0.0020301820727462,-0.8030683705677807,-0.5967384921321578,-0.1106353875236803,-0.885785865063627,-0.2294885914647964,-0.8392644393708791,-0.4929200616682056,-0.2446809569026184,-0.0880211741971812,-0.6377616766003263,-0.2824339830892545,0.0671004166635953,-0.6345825220469942,-0.2895244984829013,-0.097703788458925,-0.6719814366295667,0.1182265617281316,-0.7613663397551432,-0.4717279774955208,0.0745933469305667,-0.02993955099424,-0.6084529094752587,-0.0106858582350678,0.0797865985198224,-0.5423314165945818,-0.0521001084917879,-0.0803121072677541,-0.5221759985974814,0.4162341352596644,-0.6216331206192196,-0.4891325170843913,0.3632209360548281,-0.1196857731524653,-0.6180483563218855,0.2661613196094967,0.0023932993710788,-0.6048050735495959,0.2064297761624079,-0.0913562669218663,-0.5954489277448013,Land,2026-07-28 16:29:03.640,sess_20260728_162716
0.0,0.0,0.0,-0.3526493607472679,-0.1525943216519014,-0.1582974383764717,-0.5837380854889285,-0.5658522852748777,-0.2162684257636943,-0.6520653327277819,-0.9684675468733376,-0.2649664801264292,-0.560633410056534,-1.2475792819993867,-0.2691908105735605,-0.5362981951736521,-0.9313417483911396,-0.0402137496433424,-0.4743789059480894,-1.2370903924661605,-0.2003076924209764,-0.3736137819971593,-0.925972775577236,-0.2511135153886604,-0.3715155772727068,-0.678359404225073,-0.2483952985188832,-0.2806613999278126,-0.9595906849659386,-0.0203689940144641,-0.2297493862704842,-1.2356631611428184,-0.2031738925573608,-0.1541056518913446,-0.8391273659267132,-0.2355909223811652,-0.1877450602510806,-0.6292544897395655,-0.2026751085253538,-0.0288799155665605,-0.9400127102266936,-0.0316654164170361,0.0243324089510007,-1.2073656147621905,-0.2268904982608587,0.0542484642648998,-0.8282922006872476,-0.1687352678534938,0.0010261806651686,-0.6124615802331546,-0.0704892581692784,0.2003644820056441,-0.8771188141543419,-0.0549718818238722,0.2441540920644966,-1.0771062737635555,-0.1995214584518168,0.235158511574406,-0.8112664383548652,-0.1571479350291164,0.1828069363015252,-0.639347150075034,-0.0810696072497729,Land,2026-07-28 14:52:15.686,sess_20260728_144941
0.0,0.0,0.0,-0.2982916004134153,-0.1797923267150053,-0.1692324372743348,-0.3819733669878016,-0.6749666772327416,-0.2350523788350327,-0.2324645270547307,-1.071785742862669,-0.2828524630610144,-0.0684769119727102,-1.3259306583850372,-0.3210271398298543,-0.2498196014111506,-1.0629616397225932,-0.1819632399455859,-0.1902511258007382,-1.5927832589190565,-0.3597755969099739,-0.1191143883850549,-1.9216734860500773,-0.4696592656402432,-0.0632513961966566,-2.2017863761308334,-0.5443918163007967,0.0244978763490846,-0.9840301823135164,-0.1763078397304348,0.1390212824787952,-1.2330108900930912,-0.4547169814163074,0.045122712479372,-0.8674006649235794,-0.4957289116655527,-0.0728994127248875,-0.5792956300364437,-0.4413664867618104,0.2632071305563273,-0.8369617349984925,-0.1884910659575632,0.3582449388208537,-0.956979931403281,-0.491426853919893,0.226747622306213,-0.5807309592857076,-0.4296431054606215,0.0967603513166645,-0.3305370367303087,-0.2905560070049441,0.4712803074374117,-0.6615761890271361,-0.2074533840388647,0.5483601327831421,-0.8284189275404331,-0.4464537589334542,0.414079819935178,-0.554763169668597,-0.3911450357516328,0.3063025167593908,-0.3371954775190278,-0.2784805668657021,Forward,2026-07-28 14:53:19.203,sess_20260728_144941
0.0,0.0,0.0,-0.131675928570828,-0.4427542460663621,-0.2142235385300238,-0.0370722617389299,-0.8970121764700705,-0.3325205886277983,0.0498460014221538,-1.2106089656469643,-0.4209930350694757,0.0895826435982556,-1.5028315904587943,-0.4746862593345659,0.5498382121440801,-0.928613091712584,-0.2675035736198227,0.1360089858382416,-1.0061771970904316,-0.4685818558608,-0.0865410488405757,-0.7824080360223467,-0.5794297732325202,-0.0725068368017922,-0.6338324267432416,-0.648136993014247,0.691231833872795,-0.6758278724759527,-0.2558422143147617,0.1595069417914803,-0.7521900853906696,-0.4065287863401642,-0.0617534851499229,-0.5597246895830547,-0.4124154472718215,-0.0100663130718002,-0.4469859091136351,-0.4191295298634911,0.7079745544735219,-0.4038997026926121,-0.2711226208263526,0.2011495170903787,-0.4711603932704648,-0.4209069813620621,-0.000246298307613,-0.3489086401379395,-0.3504103313438665,0.0606245470646982,-0.2762582903279146,-0.3008627550597258,0.6607950201073995,-0.14110381355377,-0.3146594403183246,0.2729760388617606,-0.2014200820025071,-0.4087754179534257,0.0873995765780319,-0.1593127316731774,-0.3669798625792466,0.1148822017313107,-0.1261861889155749,-0.3295296909801887,Up,2026-07-28 15:06:04.545,sess_20260728_150120
0.0,0.0,0.0,-0.2695451176676544,-0.1375758258652169,-0.1513518085161526,-0.3685179073448384,-0.4473574889182898,-0.2215198938749923,-0.1327274351895225,-0.6650559029727128,-0.2734290110636471,0.1624754854171946,-0.7162554511156384,-0.325273470939672,-0.4392048098313257,-0.8646893207948403,-0.1966052475286965,-0.69622925728722,-1.1253436212178898,-0.29533817998573,-0.8437380906378098,-1.285845645559268,-0.3837938368821962,-0.9358962907358156,-1.4438977144043366,-0.4629256181254395,-0.2304280429983908,-0.94894586632877,-0.2154174082507536,-0.3513573256121733,-1.4006834043183702,-0.2680937636696739,-0.4146604486351607,-1.6678812645682657,-0.3215219080748884,-0.4794268308720792,-1.8963578385410167,-0.3840877150729518,0.0014305109273753,-0.9082090531851286,-0.2522588880707466,0.0877867834202225,-1.3304444271404643,-0.3723703027811155,0.1339936565956409,-1.586536507584354,-0.4735404476773469,0.1528417342407668,-1.8194054626191687,-0.5502537885117612,0.2337843998150631,-0.767072844567333,-0.2972009614445361,0.4617315203181418,-1.0270398420390687,-0.4265272678398462,0.6372642545669819,-1.1783093844809176,-0.4904226004632279,0.7561223108226987,-1.3421323454210825,-0.5414749183387717,Right,2026-07-28 16:34:14.066,sess_20260728_163307
0.0,0.0,0.0,-0.3275499819720573,-0.2706509778765228,-0.0573864880092262,-0.5165320783173905,-0.7296689981355632,-0.0585675669065202,-0.4275928394369658,-1.1411825576048653,-0.0875633448375669,-0.1772644387385661,-1.3280877473067851,-0.1150284867223311,-0.5128768545672522,-0.9224547532839416,0.1090174896946665,-0.7238829067370232,-1.3004455035852134,0.0198128980479643,-0.8510272137763302,-1.5214768846018532,-0.0375808221588661,-0.9373680357362896,-1.727655287549463,-0.0781295835952492,-0.2721796474755232,-0.9607616538096048,0.0534348581838942,-0.3567823837732353,-1.4605966916884288,-0.0654570466762651,-0.4267711604973681,-1.7535542863277462,-0.1373353572202589,-0.4522503967870025,-2.004412824297726,-0.1665484857236129,-0.0357440065238424,-0.8836912986753194,-0.025793699273244,-0.0630254388860395,-1.2290712484555686,-0.2427669251482641,-0.1518393326106757,-0.8989054264172347,-0.240546806166768,-0.161502919736015,-0.6668198205887024,-0.1671037533456742,0.2007258040924392,-0.7388509959781367,-0.1077616710926636,0.0670148318065689,-0.9717181060168474,-0.2875594859792246,-0.0217400262104153,-0.7271409504253651,-0.2645640840528326,-0.0193955135798803,-0.5351006690982542,-0.2017874113202765,Backward,2026-07-28 16:32:18.933,sess_20260728_163042
0.0,0.0,0.0,-0.3081432143931616,-0.1322061900426372,-0.2122131381583588,-0.619968849850571,-0.5021343650423717,-0.3220939986769195,-0.7649055816963608,-0.8568851993306736,-0.4182680290838357,-0.6286995789083181,-1.1148355565295232,-0.4624400763566139,-0.4581022809910668,-0.9698276805877686,-0.1226492976836653,-0.4839188857940141,-1.254869457104655,-0.3386782122253631,-0.4381109893081365,-0.912518686676065,-0.4144548450383492,-0.4274923178120925,-0.6773636019582508,-0.4243184657717563,-0.1888595422856455,-0.976663093729486,-0.1022803726743597,-0.2007320371349442,-1.1981898659093533,-0.3349593555526777,-0.1948790236526328,-0.7766326662505456,-0.358739884085394,-0.2267606792435122,-0.6208874124640177,-0.3118728639150505,0.0781364113984705,-0.920132167787937,-0.1232024911898941,0.1193107081925372,-1.1578117718550012,-0.3616116543792341,0.0886548434539815,-0.7763149424307514,-0.2772466139142943,0.043840041491609,-0.6199111905832531,-0.1518320445341354,0.3214299555572044,-0.8114291040887079,-0.1612402367690041,0.3714428600381936,-1.036742588864723,-0.3176078353259059,0.3085391236480171,-0.7872969735952617,-0.2520551438462684,0.245348685186707,-0.6490463253601632,-0.1547913001448623,Land,2026-07-28 14:52:30.519,sess_20260728_144941
0.0,0.0,0.0,0.1113073134981586,-0.4505041531484371,-0.010988155904086,0.0433528755340706,-1.0316860182966945,-0.0714580471531569,0.0439413131397178,-1.4669674960100771,-0.1220715916824141,0.2378724231443211,-1.729357531484004,-0.1714545548865592,-0.0136255113145462,-1.1234555300835896,-0.2753165464429675,-0.5608212944706518,-1.338637984697545,-0.3515221983216018,-0.5258346034869155,-1.1493968151816445,-0.3484803221376232,-0.3793514938454355,-1.041028956260006,-0.3502655560193393,-0.2373326078464603,-0.9143883039482535,-0.3279744850677173,-0.769356325840182,-1.1287833588044274,-0.3898139223408286,-0.6862575713902153,-0.94404111948463,-0.3417111360440565,-0.5236608467181938,-0.8260899445124634,-0.3369636481135573,-0.482930014034174,-0.6828525188715013,-0.3714598294701482,-0.9363156394500166,-0.9701763968226096,-0.4522096791619309,-0.8626167284581645,-0.8094387506445557,-0.3989319303607092,-0.708139432195258,-0.6746273141641865,-0.3863069866218126,-0.6833557224827493,-0.4367973009373895,-0.4086969795343783,-1.1077163979380609,-0.6520640783951722,-0.5116809739750126,-1.3317007327394148,-0.7379594024456261,-0.5363853307559038,-1.499218912977248,-0.8311967778037028,-0.5631261504807192,Hover,2026-07-28 15:07:51.475,sess_20260728_150120
0.0,0.0,0.0,-0.3633053416553734,-0.2335405626743783,-0.1461357248875354,-0.6302015216373025,-0.6124925199694616,-0.2250847357634623,-0.6311242098774111,-0.9839575342439564,-0.3058452366810384,-0.4678427038826132,-1.2142870941233794,-0.3512682039028856,-0.4533961169575971,-0.9955240295301946,-0.0342290386726543,-0.4346619440066013,-1.3007328475348203,-0.2130467701917467,-0.4370287114896334,-1.0426829311133965,-0.2973395133652898,-0.4525461439586741,-0.8205884859158245,-0.3253914911732455,-0.1923611262679331,-0.98050009495192,-0.0402089654207658,-0.1926990249043181,-1.280361871547368,-0.2357422337260966,-0.2257065179946921,-0.9152015811319804,-0.2775513102697937,-0.2460620135890015,-0.6974242625271201,-0.2562040753606402,0.0581828729996556,-0.9185340411032288,-0.0806714785466941,0.0481988431497223,-1.2022098594809845,-0.297807248473339,-0.0194999553347332,-0.8339425831508067,-0.2471581857395675,-0.0644504723196105,-0.608714167866911,-0.1546391332454103,0.2912431742295149,-0.800423015697895,-0.1334744817621717,0.2434963017507878,-1.0014984387253372,-0.2927103929408658,0.1694140140307375,-0.7569418010552275,-0.2547668983847512,0.1400797767958878,-0.5914967894000245,-0.18504579246799,Land,2026-07-28 15:02:50.707,sess_20260728_150120
0.0,0.0,0.0,-0.2847450918306063,-0.2312346026619255,-0.1498067170454487,-0.3862385091382577,-0.6460137458440129,-0.1924200518832957,-0.2276847752761841,-0.9702392692514424,-0.235753698156497,-0.0374999651241709,-1.1242293947999624,-0.2642082715002143,-0.3118868011095504,-0.9940689965936989,-0.0476332175235989,-0.3464711326497078,-1.425061073850092,-0.1495087156452581,-0.3620028686129363,-1.68121624998695,-0.2138260967513102,-0.3635152049381712,-1.9000244982858912,-0.2575527664599547,-0.0782823067576291,-0.9950604595839322,-0.0610455749528018,-0.0605804474191403,-1.4992459894555068,-0.1822021257639466,-0.0377775273927524,-1.8030050531669872,-0.2533536920513227,-0.0070631262287516,-2.042993479696284,-0.2822396620190752,0.1226906300454647,-0.8938807687131022,-0.099211144098502,0.1933649796165521,-1.212618083535858,-0.3078530024951768,0.1245407415239324,-0.9687059813929704,-0.326455937176705,0.0721574448434129,-0.7593659131511659,-0.2719105333597291,0.3042951496814846,-0.7316235325236735,-0.1483767635153069,0.3392280054223617,-0.948847207254523,-0.3261392046503322,0.2731110697984795,-0.7975075417541317,-0.3220695059594399,0.2276613642151321,-0.6367996259007828,-0.2716099471779924,Backward,2026-07-28 14:54:32.456,sess_20260728_144941
0.0,0.0,0.0,-0.1056184499165844,0.3078369193722232,-0.2248589745943926,-0.3323442427753026,0.6078769948390316,-0.3781077545796928,-0.4991632202308146,0.866866006723597,-0.5003162632246643,-0.5980042445535998,1.0998987301543717,-0.5918046094401448,-0.8964053444960299,0.3930888570579836,-0.287345662331668,-0.7611475728855405,0.4254166684568222,-0.4413807202014732,-0.5058512905557414,0.3845267874589145,-0.4977992864085223,-0.5087778620789063,0.3698533544956219,-0.536822776009938,-0.9573074493047746,0.1266694100813057,-0.2598409283681851,-0.7376610849477564,0.164322288313104,-0.396245121365476,-0.4390637465141712,0.1663975234097989,-0.4000102376384736,-0.484051513845239,0.1699263852469418,-0.4046637600947271,-0.9150431157049064,-0.1157358456793968,-0.2534811528812737,-0.7171930970547444,-0.0763367730592769,-0.4024753391712258,-0.4357012883538685,-0.0355542973929021,-0.3597238776406344,-0.4560534798738215,-0.0091610780834724,-0.3286140352426756,-0.8056789048511112,-0.3269204786472382,-0.2700255270502413,-0.6340238158757396,-0.2985145281771029,-0.3773117244402587,-0.4329558141535938,-0.2189417779234586,-0.3606081069498864,-0.4355442826435374,-0.1691557519931931,-0.3402614721640995,Down,2026-07-28 13:05:51.451,sess_20260728_130400
0.0,0.0,0.0,-0.1699534690446567,-0.430213769420087,-0.2027223098124297,-0.4023277418561081,-0.9506205369724492,-0.3311701043847282,-0.5404152187786712,-1.3910013907115069,-0.4124932633428662,-0.5386014429034839,-1.7373278999825037,-0.4740160356635431,-0.5438231631195534,-1.0001244627255756,-0.3986037243008792,-1.1972587139797983,-0.6991092749063782,-0.578360280062229,-1.0583631556643558,-0.5590286256888706,-0.637513752030534,-0.8751649085519496,-0.6191678125662958,-0.6636549668259379,-0.5544776482869613,-0.7454684326293098,-0.3699072228321055,-1.189361242016727,-0.4288425662753444,-0.5082206871959352,-0.984507656002393,-0.3391591312071434,-0.502722233101658,-0.811786932123446,-0.3923125190829217,-0.5122024986053529,-0.5953836417464342,-0.4513150529310941,-0.3528475215545065,-1.125113104807225,-0.1762715473524575,-0.4782445696174938,-0.9632149715381586,-0.111714356366944,-0.4467398048207232,-0.7978528587807192,-0.1557602488849946,-0.4323761286805664,-0.6456863306881383,-0.1724023938725269,-0.3508595540223252,-1.0342639707756411,0.0478010449039098,-0.4629421053808721,-0.9162436245821528,0.0890027864152333,-0.4804980639983846,-0.7724584854679405,0.0564488421827463,-0.4827027847153171,Up,2026-07-28 14:56:57.529,sess_20260728_144941
0.0,0.0,0.0,-0.2657596301023512,-0.3022708431651667,-0.104452801679516,-0.3794880475761444,-0.6747486647173987,-0.1322186378471935,-0.1930519270993888,-0.9706712646581018,-0.1780534015593139,0.0441447517244861,-1.1173937383771435,-0.2123782881695589,-0.3175760219713505,-0.9995947583264604,0.0567628383800787,-0.4407716830534625,-1.405106484263246,-0.0594935545969271,-0.5135332480673515,-1.6541652351857823,-0.1479425673853844,-0.5608983468704603,-1.8736126347529096,-0.2038415859468434,-0.0889073323978352,-0.9958392032116627,0.0199941889723358,-0.0586784770529049,-1.490970247464474,-0.1084651559142813,-0.0469930203565878,-1.7888490214038189,-0.1930762313172697,-0.0164561035554987,-2.0344181151931,-0.2297085323548755,0.1237639337313291,-0.8812674756256182,-0.0445829170517759,0.173298867300405,-1.17322947110676,-0.2631067770916206,0.0568063050441547,-0.9039368017990046,-0.2766633496788266,0.0036510806863638,-0.6908001938921825,-0.2119392071687217,0.3181282091331415,-0.7016868192861763,-0.1184343906210409,0.3010064263656792,-0.9177620345221592,-0.2827988054641963,0.180960108745976,-0.7556081352925901,-0.2564015457200774,0.1311041153470637,-0.6003579972825305,-0.1908076901511885,Backward,2026-07-28 15:04:00.302,sess_20260728_150120
0.0,0.0,0.0,-0.5467190971029138,-0.2188945258583556,-0.2193074184248146,-1.0019237682389408,-0.6043596076800474,-0.3317388825403091,-1.2767429612159993,-1.0105458131590712,-0.4445945838849728,-1.4702841885139244,-1.291241811056346,-0.5080898283668823,-0.5138781928626316,-0.9591340388798708,-0.0944501437625885,-0.3923429140873659,-1.2863404026249472,-0.2846488102447742,-0.3848618804220378,-0.9645752287707748,-0.3714251149577695,-0.4645585098733151,-0.7804968261176475,-0.3930199879459604,-0.1955169939307481,-0.9790064963951078,-0.0576141050478077,-0.1114826158270113,-1.2370832633071764,-0.2848803094563538,-0.1270190772269949,-0.8675258521724535,-0.3699943052458885,-0.2250828442669714,-0.7470286230911264,-0.3835434716042395,0.099299853438214,-1.0028973026569767,-0.0596491909575512,0.1820386684122784,-1.353507924522055,-0.274516297320063,0.1795564185268676,-1.043479273270555,-0.2728662835404395,0.1149846232992711,-0.8813251110668059,-0.2094207946851494,0.3402382304102702,-1.0218687369810835,-0.0778888656937426,0.4118543489381286,-1.4411551580763426,-0.1760137798521787,0.4546986260177411,-1.679057045271532,-0.1824073641810689,0.476639734637729,-1.9465844786015305,-0.1595925199219191,Hover,2026-07-28 14:58:29.588,sess_20260728_144941
0.0,0.0,0.0,-0.3110196805578233,-0.1020172699298453,-0.1903819743461018,-0.4708115239873667,-0.331189791868552,-0.2942735844091153,-0.3417205094464715,-0.5310954434194244,-0.3771604579593976,-0.2567053938910244,-0.6968319434343563,-0.4504385064491902,-0.5596372444464155,-0.8717696681135034,-0.1871056425075516,-0.6395108504874335,-1.2687097964510283,-0.325462073209731,-0.6600806892681733,-1.534746291141594,-0.4372141078722598,-0.6785981376160934,-1.7573194548060511,-0.5149391380399361,-0.3376432023786896,-0.9236997069314672,-0.1810412088508722,-0.4208033479143788,-1.3142024963876406,-0.2997031887287438,-0.4704603371799732,-1.6028624148047157,-0.3958790731473601,-0.5194435125495016,-1.8604099403257144,-0.4618070934176931,-0.1222064934477791,-0.9016846160729286,-0.1960236182884226,-0.1877144523799241,-1.2594101873565418,-0.3038073180418646,-0.2359513829317628,-1.5135339129856693,-0.3698344828870741,-0.2808243478313325,-1.7403484663604476,-0.409487018973429,0.0965627980224329,-0.813326710322059,-0.2291666560520181,0.0619862089783475,-1.1212759496371325,-0.3213281082208738,0.0206063257217676,-1.3318421949012498,-0.3465754425308871,-0.0197205400730634,-1.5260858550676135,-0.3543499843640768,Right,2026-07-28 14:56:25.190,sess_20260728_144941
0.0,0.0,0.0,-0.0953772805649764,-0.3375202739988177,-0.2364654585738581,0.0141309315297858,-0.6894904536340919,-0.2316290403020795,0.307137280455422,-0.8841152970256942,-0.1965331481335535,0.5507885386933568,-1.0138381381891888,-0.1436200054021195,-0.1113162841638051,-1.075585893501927,-0.0026585415684561,-0.1107334701988722,-1.4894329088469636,-0.0673884845114737,-0.0960168851720465,-1.7555245160700572,-0.1082248309862995,-0.0841810054676298,-1.9763869910705536,-0.1242847143542709,0.1273726550897172,-0.9902004531656377,0.0572649044874934,0.2344379230618782,-1.4210037344867852,-0.011368097809711,0.3401728702419755,-1.65799120243911,-0.0574993111155251,0.4342633695071936,-1.855077446912008,-0.0585210805105657,0.3029875409089225,-0.8131620152501935,0.0729516408003181,0.423212857057999,-0.921940940848844,-0.1459481407343795,0.3089321013746327,-0.6891527859410512,-0.2226679206497229,0.241752557769148,-0.5880010802091006,-0.1911446922838961,0.4295599211998565,-0.617986539257536,0.0764163949883417,0.5407162450549753,-0.7126577228386067,-0.1145679020361318,0.4341516812443238,-0.5586443408946589,-0.1438487799967081,0.3536287030133556,-0.4825865269017271,-0.1121924485633723,Backward,2026-07-28 15:04:12.606,sess_20260728_150120
0.0,0.0,0.0,-0.1082125235288117,0.2901258360304201,-0.2453360259818479,-0.3062566017096822,0.582408145143286,-0.4446080579770886,-0.4119038799846261,0.8584077811490578,-0.6131311474826202,-0.4601600897410403,1.1154426338409895,-0.756627488252858,-0.8793068750585037,0.3152112298785304,-0.3842852866723206,-0.682031519908285,0.2856908365850477,-0.541654407432926,-0.4575028154631444,0.2631812347551115,-0.5904239639310417,-0.4777315094027299,0.264232849221916,-0.6293674658594968,-0.930964331249166,0.0409128549990139,-0.3628106286172208,-0.6466609895522597,0.0440443083979414,-0.4924669779264464,-0.3803318008153543,0.0745976041570399,-0.4850414179456423,-0.4430362271259638,0.0702684976274853,-0.4923785637208299,-0.8842631738460829,-0.2036575084283761,-0.3588272688369027,-0.6109969359412244,-0.187538055004378,-0.5002967596602017,-0.3601896924085419,-0.1116124090902461,-0.4617644964851435,-0.414209708858378,-0.0937150603896698,-0.4442819588291002,-0.7753109308884617,-0.4236507640035813,-0.3797113506181221,-0.5223131924529902,-0.383724286630864,-0.4747837965849298,-0.3385900892182321,-0.2907460538152743,-0.4610865691875324,-0.371181802343186,-0.2627377603269396,-0.4548575991554696,Down,2026-07-28 15:07:13.581,sess_20260728_150120
0.0,0.0,0.0,-0.279735269811399,-0.0689965127848385,-0.2194760376729079,-0.4402631564525833,-0.2852285784280188,-0.3544954556761172,-0.2459169846634134,-0.4880977572221802,-0.4655872323172507,-0.0121321025991963,-0.6032672817915242,-0.5771948100992076,-0.5329941592926587,-0.8128195676409088,-0.2989139127245728,-0.7672481095985597,-1.157267879247272,-0.4485896904566985,-0.889553853733875,-1.39430236143238,-0.5604696121484449,-0.9790732174811628,-1.6063768626828816,-0.6549376723123512,-0.29361327722504,-0.9047217042876748,-0.3086581948174665,-0.4215354386497885,-1.372362097101863,-0.4491597108348726,-0.4798874371717854,-1.6658394103258474,-0.5547364382307415,-0.5309494059063721,-1.9182104503430395,-0.6416693855552793,-0.0477790203798439,-0.8684772406024992,-0.3379160900813254,-0.0389049116746849,-1.2979584820192052,-0.5007605446815406,-0.0172624372419192,-1.5777383673815624,-0.624623522784452,0.0003056543338524,-1.8405123927297984,-0.7146007630758953,0.1914382209212094,-0.7439747477293279,-0.3807489851101993,0.300987849700537,-1.042458530727443,-0.541197206526071,0.3849866817831626,-1.2476012121310238,-0.6284970978523453,0.4520375028287574,-1.4503165807037464,-0.69219158174285,Right,2026-07-28 16:34:03.538,sess_20260728_163307
0.0,0.0,0.0,-0.2004284582672236,-0.5355125681852638,-0.2264323487032213,-0.2021686576583458,-1.082363144749155,-0.3625780211289914,-0.1665256553146478,-1.4786707888012716,-0.46022736690077,-0.1329293312671839,-1.8367988042367351,-0.5137102648543256,0.3831851375324341,-1.1324817617810723,-0.3146318965468183,-0.3468052169280576,-1.1867922193216165,-0.5466762823322038,-0.4077785486805411,-0.9750719526596004,-0.6786030929625049,-0.2316400646305569,-0.8856958975116018,-0.7581096527983054,0.4738418638372775,-0.8227983269262167,-0.3138101357232327,-0.3935962943835055,-0.8767148488021257,-0.5004197843193416,-0.375294066219364,-0.690306279456649,-0.5315847153903642,-0.1778929426953765,-0.6317121518099782,-0.5533952904751197,0.4415570109358817,-0.480984609486253,-0.3392704857655377,-0.3658321954559004,-0.5379090735195909,-0.5178928843785248,-0.3392069356360001,-0.392811084781699,-0.4511815336460602,-0.1447221147953322,-0.3539299008549577,-0.393503990863871,0.3324689626849049,-0.161810405112613,-0.3928855907716008,-0.3014269463856905,-0.2158408108992926,-0.5435050717133824,-0.2716022901543617,-0.144289774205863,-0.530821750225219,-0.0747154504010489,-0.1196151803701116,-0.493526765743483,Up,2026-07-28 15:06:01.068,sess_20260728_150120
0.0,0.0,0.0,-0.0379247458598157,0.3891189198778182,-0.2513564691233222,-0.1648063041069878,0.7645749416205936,-0.4805209159939848,-0.2188603204602856,1.1097033844848416,-0.6751811141203601,-0.2451767768734466,1.3790990313723734,-0.8457990032832772,-0.8174552455059311,0.424152900723543,-0.5016882217005746,-0.3144958103490402,0.5197850620424493,-0.6817897937558318,-0.0981881113659086,0.4901077290736888,-0.7516121755218598,-0.1618658063433994,0.4555673555566367,-0.8144599797168917,-0.8700614318743538,0.0437283031884639,-0.4909999391700645,-0.268465213715833,0.2087517475284934,-0.6253796394455396,-0.0642012594347977,0.2288234153098867,-0.6294827870772987,-0.1667730972908501,0.1887793494478684,-0.6676748464656628,-0.7895598721953418,-0.2873524001268157,-0.4857189673075913,-0.2223437667055912,-0.1147936610450299,-0.6187094302174319,-0.0412429384020671,-0.0609032341098621,-0.5770068065294103,-0.1537037614790405,-0.0831687231185911,-0.5785947301452514,-0.6350852530990921,-0.5594409579206939,-0.5098725875627395,-0.1496102079603735,-0.3949506721510634,-0.6276003829290008,-0.0116124012094084,-0.3025257836791713,-0.6327733231200756,-0.1127106616138184,-0.2966895280467197,-0.6439200671976254,Down,2026-07-28 15:07:38.788,sess_20260728_150120
0.0,0.0,0.0,-0.3180474327947118,-0.2523253942990511,-0.163392660822808,-0.4316077252224443,-0.5982112140081097,-0.1955677999393148,-0.2334281284369658,-0.9001006168575141,-0.2251884340352333,-0.0434968315066286,-1.0962773305458628,-0.2414186596340441,-0.5435977086288744,-0.929695778955802,0.0070878671110585,-0.7290512040446878,-1.3254597547116445,-0.0985692225597945,-0.8436486288099276,-1.5596851631013633,-0.1731112026673484,-0.9414718540791002,-1.7523223616942198,-0.2099985328072748,-0.2791776357172369,-0.9601221551062936,0.0150098297585394,-0.28452834052483,-1.4489896456199425,-0.0771669335497261,-0.2845944091881547,-1.745971372182361,-0.1408103531369671,-0.2672647958900916,-1.998782726779356,-0.1557021205928253,-0.0475486143963553,-0.8585323733363387,-0.0087237006864925,-0.0557313597411939,-1.073728892690345,-0.1942940500964829,-0.1111929605301881,-0.8172537693508797,-0.2159127279039172,-0.1215273505798496,-0.6436398898026643,-0.1555809947100635,0.1342656630837866,-0.6942774498629153,-0.0445680225500132,0.0860807843227288,-0.8452017565510789,-0.1853286781600179,0.0318466381815456,-0.6856134572895018,-0.1569181139128546,0.0226519539972768,-0.5727726363238624,-0.0853992464593401,Backward,2026-07-28 15:13:28.783,sess_20260728_150914
0.0,0.0,0.0,-0.2868362268738073,-0.23978728761133,-0.1216076549746222,-0.4430798412838551,-0.6325326095094919,-0.1596791820382208,-0.2599750992761789,-1.0001474614510963,-0.2079151357252588,0.0068514467024407,-1.142669359800487,-0.2460361685124862,-0.4733806381094832,-0.9549186730021522,-0.0265743145206578,-0.6576461390758508,-1.3909646589375924,-0.1508665215508353,-0.7768145117314584,-1.6590771345358135,-0.2391949459344328,-0.8503871397080174,-1.887598121532457,-0.2976542219070457,-0.1910129952744093,-0.9807332609386384,-0.0409427224908534,-0.1810938834681223,-1.487322796191132,-0.1541141141323943,-0.1770876523012668,-1.8072843305047992,-0.2304132572715514,-0.1562374542681574,-2.065511660634656,-0.2708672299059167,0.064647951297925,-0.8938138299814683,-0.0775707523818898,0.0524582283023763,-1.1903142927908512,-0.246492895977013,-0.0411968044666862,-0.9031231732981412,-0.2439980171220573,-0.0672916788591815,-0.6744147297614748,-0.184248597821675,0.287514184711846,-0.7429137964311563,-0.1257161380800423,0.2186793903091427,-0.9985740585432809,-0.2529487888461987,0.1363745900880221,-0.8559275884356642,-0.2184527428888379,0.1112100682360156,-0.7079058811835978,-0.155386846503571,Backward,2026-07-28 16:18:23.050,sess_20260728_161633
0.0,0.0,0.0,-0.3299133550120746,-0.2659318484973813,-0.1588543779263435,-0.538550295835024,-0.6378582212300437,-0.2408266789483298,-0.4871820090839592,-1.011099307971768,-0.3269752339782483,-0.278611565316298,-1.2233350678070172,-0.3990577584275998,-0.4438535078999546,-1.0073878651404933,-0.0159837221015479,-0.4779165637249982,-1.4567583607639116,-0.1605842024353868,-0.4845579267487206,-1.723431477288088,-0.2534387040328285,-0.4767356942760627,-1.961534672625688,-0.3215991373968967,-0.1976793843427268,-0.980020965588749,-0.0219492143908783,-0.1985453849701844,-1.2791156488137292,-0.2661271885816295,-0.214259667773793,-0.9497371860709896,-0.3249906087093937,-0.2335202442055912,-0.7029689627567097,-0.2948171446475452,0.037248313370471,-0.8934777614700457,-0.0577302010867647,0.048822202788838,-1.148144231247712,-0.3060910076139612,-0.0297097665691254,-0.8104280421122384,-0.2582209235939148,-0.0797464923105192,-0.5797265116960366,-0.147394226010886,0.2602306776999522,-0.7594700770202364,-0.1085436049418705,0.2233402011020314,-0.9344959962027516,-0.2776953678387323,0.1349826236148585,-0.7252528468410622,-0.2428848276056594,0.096929946960504,-0.5602839390605443,-0.1675214004097067,Forward,2026-07-28 15:03:23.071,sess_20260728_150120
0.0,0.0,0.0,-0.3323037926553828,-0.2000581774383341,-0.1228579865612577,-0.5781473551611739,-0.5109362923904416,-0.1907699538575497,-0.7219034197522309,-0.7939229232439112,-0.2575695224080188,-0.8633363021598558,-1.0037235221758218,-0.3221877585004665,-0.3256482608122261,-0.9454149409304484,-0.0766996761134841,-0.4555096683461531,-1.313412528604854,-0.1886108558790538,-0.5312128210941705,-1.5477645352840057,-0.2874283711865056,-0.5942625635991301,-1.745605782056166,-0.3594285532281763,-0.090168500265566,-0.9908038248278624,-0.1008832110231281,-0.1148582851437101,-1.423557367413864,-0.1962859809683708,-0.1230202317758573,-1.6919708851154898,-0.2809016709538046,-0.131458274358056,-1.904558644355764,-0.3413284361021001,0.1322311323584384,-0.9335815238094316,-0.148194118378265,0.1547833131368877,-1.3285095920825107,-0.2468285571866483,0.1611815767461862,-1.573182149638489,-0.323501946256994,0.1516601505087667,-1.7771152817291662,-0.3751582213868106,0.3415377999805647,-0.7990994918982612,-0.2085660955307498,0.4591159659712764,-1.0599908761624344,-0.2821581247694177,0.525624149281184,-1.2323679001078565,-0.3189831297926629,0.5671969315971529,-1.3842941402279985,-0.3443991312833468,Takeoff,2026-07-28 15:09:39.392,sess_20260728_150914
0.0,0.0,0.0,-0.2410936216220572,-0.2200713638825383,-0.1569697628929215,-0.2951604054475443,-0.56747267812524,-0.1737119872500738,-0.0546663116871856,-0.8127368082507643,-0.1666849649378107,0.1957594373213551,-0.9049368125357042,-0.1615299755556607,-0.335366670827968,-0.9757770069953366,-0.0158707035101899,-0.4552763313598804,-1.347079881695582,-0.059877994938884,-0.5201610242077266,-1.5747119703330612,-0.121890311515965,-0.560748375396296,-1.7737241722545902,-0.1776418172491647,-0.1177029206767992,-0.993032934800886,-0.0056225318932266,-0.1503926579747259,-1.4170911675635331,-0.0223159163376798,-0.1519225257913639,-1.6777583904940865,-0.0777754926907939,-0.129122456902798,-1.901556307305395,-0.1210904622364154,0.0897089693343328,-0.9039711152428096,-0.02164006289439,0.1524332183414507,-1.276203666947908,-0.1176111206326669,0.1736348040794098,-1.53152254005437,-0.2346304569013638,0.2242393310773398,-1.7659397018454033,-0.3165926611126882,0.2796495832534338,-0.7218624831557726,-0.0472765568229804,0.2691144224430331,-0.9063555257211464,-0.177925449394572,0.177862215798648,-0.8100671082518036,-0.2097155910478278,0.132169927959471,-0.6859873811831487,-0.2197904849491079,Left,2026-07-28 12:41:49.943,sess_20260728_123245
0.0,0.0,0.0,-0.3193421409067576,-0.1893211835330563,-0.1241956097909287,-0.4831418732052533,-0.5373629028521295,-0.1661843244669802,-0.3146075548595618,-0.8233353271681595,-0.2033909620610657,-0.0640106323562243,-0.8708500658073588,-0.2357249195316566,-0.4748939739448714,-0.8861888489703743,-0.0643759333331967,-0.6780059066406119,-1.1974827171763351,-0.1531142229005668,-0.8057318249529114,-1.404240999860188,-0.2348488759386272,-0.9064012999180934,-1.5846099269967773,-0.2993607642078205,-0.2598276279636037,-0.9628127003372612,-0.0740358549358234,-0.3304361227860803,-1.365087539228374,-0.134095449770663,-0.37387512870135,-1.6217163824255585,-0.1847898982254584,-0.4046677873070844,-1.8189794092394704,-0.2259483349110177,-0.0427562583304604,-0.9350593727605572,-0.106003604289388,-0.0664441343794367,-1.291545381226719,-0.181184518328229,-0.0946288914115725,-1.5333686355194651,-0.2429000521253883,-0.1160752762960315,-1.7292728309020378,-0.2864113120028541,0.1831054388589716,-0.8381233047642889,-0.1537900568569117,0.2459565807546582,-1.0973499587313922,-0.2148470467186535,0.2906095293918308,-1.2712386859804834,-0.2425607488516632,0.3263691481181743,-1.4141412206249668,-0.2643400588603516,Right,2026-07-28 16:22:06.437,sess_20260728_161633
0.0,0.0,0.0,-0.2923222267776983,-0.3326767979295583,-0.1654516321021862,-0.4516562654886883,-0.7520908158317292,-0.2740138691274314,-0.3359164553338819,-1.095155773288525,-0.3828544299633529,-0.0793154114461456,-1.2424161631348034,-0.4514049719599591,-0.2381677790732765,-1.1146827429919066,-0.0829492085831773,-0.0948732676361154,-1.3995838801552034,-0.2964542898854335,-0.1927018629546645,-1.1025451109533688,-0.3931233099970629,-0.2579237222695074,-0.9215277257986464,-0.4303176036184939,0.031949530557197,-0.9950478672664312,-0.0941220980732028,0.1706233545122834,-1.2817293901598428,-0.322159889426083,0.0293573732864988,-0.9095675452216,-0.3607473747210392,-0.044043788234452,-0.7530464896040824,-0.3373743752407869,0.2788351967922897,-0.8415968058057883,-0.1407371576851179,0.3816786830421415,-1.1086021847422352,-0.3776892265010301,0.2014090862541763,-0.7594488808217252,-0.3003361454468998,0.0997597129450556,-0.6085128134034211,-0.1911747101924273,0.4857608547807831,-0.655481016101492,-0.201428972347473,0.5034513636129437,-0.8356291167503943,-0.3451150212682859,0.3471332808352413,-0.6163815455972499,-0.2759399543694797,0.2553394730315293,-0.5035844821637316,-0.1905375144650735,Land,2026-07-28 15:02:33.999,sess_20260728_150120
0.0,0.0,0.0,-0.3435384526099382,-0.2680825235734877,-0.1058736130307785,-0.441122832255384,-0.7031590382977114,-0.118566317611461,-0.2029695123094,-0.976218001931918,-0.1324557864071227,0.0522837083159062,-1.0056249535327388,-0.1473285668572192,-0.2922153692826822,-0.9562379038679392,-0.0200727446054445,-0.4340760471798338,-1.2988404758133183,-0.0966730494832129,-0.5156319763488624,-1.5357011145232111,-0.173547511118087,-0.5721424555845956,-1.7417718455527915,-0.2377735536972276,-0.0567767952662039,-0.9975532711352004,-0.0407905230018071,-0.0120358069959762,-1.4159071312736582,-0.1012876889937762,0.0113451677468778,-1.7027249875907515,-0.1613849287794562,0.0295698866840302,-1.9210419572199129,-0.2092050781970653,0.1448291579974205,-0.9383360144811094,-0.0868731110407901,0.2251073993131756,-1.331222093595431,-0.1801561722476432,0.2375174117866123,-1.6098189627797932,-0.2676457457729327,0.2413211176737824,-1.8249415030781089,-0.3257777646028562,0.343425006174911,-0.8067538771741518,-0.1453919565261928,0.4885935598379352,-1.0804165603766456,-0.2336533091895887,0.5751604243330466,-1.280201499145304,-0.2874040099229474,0.6415343476374648,-1.4492236860808525,-0.3265320733045148,Right,2026-07-28 15:05:34.990,sess_20260728_150120
0.0,0.0,0.0,-0.1993425347889561,-0.3475392413330571,-0.1235842984717294,-0.244981910388654,-0.7448146632286688,-0.2037013907192338,-0.1234568216657953,-1.024615046155969,-0.3070196954512147,0.1257112092425233,-1.1111412833683112,-0.3978002415033771,0.0972349277734506,-1.0002785669628156,-0.0028964587734389,0.0910457616940633,-1.397617960470544,-0.1619758083990264,0.080150312478455,-1.6470768349924212,-0.2663802650227315,0.0808849373028454,-1.853599833669837,-0.3248855596895411,0.3122326793768254,-0.9487005807645212,-0.0497791320357097,0.4898989752360639,-1.4142719908845296,-0.2244839934198526,0.5603261270302423,-1.7228234185985192,-0.3228355622874553,0.6162998893458356,-1.97146097452658,-0.3561511170576926,0.4768503394366666,-0.8069221845169801,-0.1261461452395481,0.3781361992223841,-1.1463455956166513,-0.3699475084666178,0.1468269100300044,-0.9432530309425424,-0.3908056623402898,0.0235272208212937,-0.7408606582852094,-0.3217755954972073,0.5885674963499026,-0.6151982142879882,-0.2145350531455434,0.421217059909061,-0.8945844422018714,-0.3771054686800498,0.2102100182724914,-0.7962233693550095,-0.3568082462167216,0.0867287265911323,-0.6540838655920768,-0.2937175765084501,Backward,2026-07-28 15:04:10.952,sess_20260728_150120
0.0,0.0,0.0,-0.4054200506293075,-0.2183839063449383,-0.1397304413987774,-0.6319367107559994,-0.6592665549846687,-0.1850453956105132,-0.7251706469715302,-1.0706305618370462,-0.2481052375235511,-0.8982408448144513,-1.2988407025161453,-0.2777784043714166,-0.4405018228167507,-0.9722554009374148,0.0992171845374866,-0.4229308875420309,-1.2593366037722795,-0.0835359624942529,-0.3428339968156538,-0.9936087293241096,-0.2020636161395561,-0.3079436265000877,-0.7670756372402134,-0.2367803097963402,-0.1920445439810703,-0.9757833269343544,0.1047176776099711,-0.1646876174525648,-1.265626163613767,-0.1326680375423325,-0.1189955174915981,-0.9092311615983192,-0.2406024705269653,-0.1309838474539855,-0.6642396564029314,-0.2435657571981737,0.040082260201046,-0.9534826505705192,0.0681947619166299,0.0748881885143133,-1.237786167973012,-0.1520701090479813,0.0384582350973766,-0.909888439886482,-0.158155914521985,-0.0184021184432925,-0.6538380753450004,-0.0787602109740427,0.2638135514338954,-0.8956580606522498,0.016538146767619,0.4103557237006054,-1.1771438016897475,-0.0649658919513433,0.5279943875408524,-1.355077402421819,-0.0645948083391018,0.6139213518980102,-1.5577867430715893,-0.0342816343502214,Hover,2026-07-28 12:59:44.850,sess_20260728_125902
0.0,0.0,0.0,-0.3671156782595503,-0.1842814244749738,-0.0787010512715013,-0.5564176863433494,-0.5448379799753287,-0.091688983467745,-0.5925323915923095,-0.8390090818820799,-0.1092471414907181,-0.6673349946608882,-1.0346164953486208,-0.1293792377566986,-0.3196469693920397,-0.9398536593321594,-0.0180713670283376,-0.4333012916636347,-1.3116414373635308,-0.0943099934576413,-0.4910537094789057,-1.5489901919686362,-0.1711626952246431,-0.5357976371944392,-1.750597568321563,-0.2306019371599304,-0.0928542168476389,-0.994636526687187,-0.0455661518373053,-0.1166585700932908,-1.4095146520863922,-0.1094655007833848,-0.1320327859506492,-1.6707411567496235,-0.1782503769736694,-0.1443738709814028,-1.8764931876736188,-0.2319936260520095,0.1112225997916466,-0.957821833319261,-0.0925685653561226,0.1407219264940725,-1.3515796483734233,-0.1638427035028013,0.1447244691298774,-1.5927657272751428,-0.2309863265363702,0.1417313591989633,-1.7849446336701051,-0.2786191021984313,0.3072761329784519,-0.8555146053983755,-0.1504822182987962,0.3996460214771105,-1.157150434973789,-0.2094638061896367,0.4470111290825692,-1.356666228704576,-0.2460645199100849,0.4790930872461467,-1.5332648493849357,-0.2736985141954896,Takeoff,2026-07-28 14:51:16.232,sess_20260728_144941
0.0,0.0,0.0,-0.2958053155776203,-0.1802771412660384,-0.140548670446878,-0.3994144158113262,-0.6006350093513505,-0.1913146515577458,-0.2010862358305172,-0.8990541454764932,-0.2215870598430018,0.0782512619952356,-1.018499383927228,-0.2643583269642844,-0.1788954755749575,-1.009262038846542,-0.1147865805034877,-0.2505213422808404,-1.4818466305979192,-0.1982678033314429,-0.2816827526147566,-1.769406550856604,-0.2597590354580613,-0.2821487953966052,-2.008661825214964,-0.3149720659364767,0.060771664466012,-0.9886259518144384,-0.1375700992113701,0.1318716990222401,-1.5026430788505591,-0.2292307825563729,0.1628833740307744,-1.8047152031711904,-0.3015876472431779,0.2358061237572445,-2.0398339362742823,-0.3411220571756935,0.2554363426015495,-0.8614455106726816,-0.1760683066444798,0.4205153109261934,-1.3436142108719715,-0.3614049454392797,0.4995023787457573,-1.6371552379884555,-0.4964353414567029,0.6400030529359623,-1.8718767721374607,-0.5785515857387847,0.4030111690757678,-0.6475630031871819,-0.2118750103793112,0.3283997251524486,-0.8725946189182148,-0.4336831448283296,0.2125907877519946,-0.7321258224134735,-0.4870331453406262,0.1934341695445424,-0.5437897628054372,-0.5006360870643831,Left,2026-07-28 14:55:39.944,sess_20260728_144941
0.0,0.0,0.0,-0.3164232428857822,-0.2439561910475596,-0.1056768243265006,-0.5174898615948119,-0.5920764190348136,-0.16474686932465,-0.6290984252633364,-0.885783609370114,-0.2274433583554958,-0.7472290281970887,-1.1059837358227118,-0.28987681618152,-0.2335899557069668,-0.970306475308202,-0.0486182378289075,-0.2973946869694949,-1.328136548902536,-0.1465771225582064,-0.3266464248226451,-1.545413203491342,-0.2384431761479243,-0.343831999053152,-1.7338498779072948,-0.3098191391301799,-0.0194762686053454,-0.9970441224207748,-0.074321550760191,-0.0220510765462197,-1.3967036322370905,-0.1539249962437608,-0.0214259653704355,-1.6277146785256376,-0.2253250793638237,-0.0199321075863624,-1.8112456024817407,-0.2834871933105002,0.1795105560041195,-0.929760571568507,-0.1230482874855681,0.2292503624746338,-1.3094217751842476,-0.2029961372968006,0.2622536873400698,-1.5239012987502842,-0.2585348580428955,0.2874763176442236,-1.7005765454920536,-0.30099398606278,0.3647269955735162,-0.7911094715126865,-0.1858124988103688,0.462411924601728,-1.0648000714905042,-0.2481140193867579,0.5191953862854756,-1.2388441628896083,-0.2769288732182009,0.5652211706782314,-1.396350215200009,-0.3005039553250301,Takeoff,2026-07-28 16:28:07.982,sess_20260728_162716
0.0,0.0,0.0,-0.2360511161056702,-0.2815347593438703,-0.2028112025037416,-0.3132724193693397,-0.6673456597634454,-0.218188431913255,-0.1035953192433675,-0.9667507695779324,-0.2148344635158147,0.1078069873597786,-1.1640750583562451,-0.1951722993426803,-0.4666332860573121,-0.9632947377363849,-0.0036826058841938,-0.6030373917119168,-1.3839871696230055,-0.0851571478435805,-0.6842842114401481,-1.6405436861889158,-0.1453193209727169,-0.7468617581807697,-1.8557338511387789,-0.1773628331567414,-0.2081272237401153,-0.9774181228726808,0.0365632577634633,-0.1856395006865918,-1.4486485951403685,-0.037034559114099,-0.1555748122980345,-1.734275985434794,-0.0968873097501057,-0.1136666542811042,-1.98099299808668,-0.1153795877909315,0.0151199051864705,-0.8774885032061747,0.040960726351274,0.0636918553150521,-1.10597326743041,-0.1483490717747372,0.008028037112992,-0.8429059173488346,-0.1911368457720529,-0.0113678412322836,-0.6829834390534681,-0.1480905899568777,0.1937930262803722,-0.7251619279767735,0.0324583289938174,0.2048318504510862,-0.9142705712417116,-0.127872090917578,0.1596539162979245,-0.7346836526036276,-0.1213391850602979,0.1445867662190491,-0.6121942008312047,-0.0671715191385913,Backward,2026-07-28 15:13:23.196,sess_20260728_150914
0.0,0.0,0.0,-0.0238026935315465,-0.4174162677317425,-0.0601416735962977,-0.2184514143626399,-0.8720813693901177,-0.0976021872048169,-0.412620400900008,-1.219138280295063,-0.1243984042778906,-0.4829764118876286,-1.5021468743168405,-0.1540375206251412,-0.6066090073429354,-0.8811946480513111,-0.1340310383651194,-0.9599627383750092,-0.7520301011453846,-0.1878262525069608,-0.8926188683097762,-0.6283100218363091,-0.2214632038387733,-0.7927494559616198,-0.6015742082311671,-0.2441598269030584,-0.7119143750794491,-0.6884117245964295,-0.1388064119318962,-0.9903042349317908,-0.4498628383693911,-0.1494661940446289,-0.8524803610153284,-0.3691684795467132,-0.154390715773237,-0.7055735178043325,-0.3731309372023327,-0.1802657384448838,-0.7661093924011536,-0.4430249271624578,-0.1419495941217468,-0.9733613481723784,-0.2424942210586357,-0.1650459588614983,-0.8390700407808404,-0.1873628608026138,-0.1519947997015793,-0.6949115092324418,-0.1985542992207082,-0.1602683588355634,-0.7973552004024871,-0.2103084290627044,-0.1500935634920284,-0.9394053612343594,-0.0535613744258486,-0.1787627063008836,-0.8103888185084868,-0.0043745863165675,-0.1598659478692831,-0.6823303666715803,-0.0158378249642556,-0.1424668091947793,Up,2026-07-28 14:57:38.264,sess_20260728_144941
0.0,0.0,0.0,-0.232137332504319,-0.3725185245910379,-0.1014067240626156,-0.2548167313765365,-0.7539387441423134,-0.1115882142613428,0.0084589785683344,-0.9775524876616476,-0.1145049668626791,0.2040619250891186,-1.0238962306965629,-0.1064866077042766,-0.2743863124775675,-1.0184019561501212,0.0031274646560712,-0.2963266388184873,-1.457192070676184,-0.0474338002988914,-0.2898016099884102,-1.734173239284192,-0.1045852748001482,-0.2814801622748106,-1.9669675309205128,-0.1579968144166694,-0.0270113091705603,-0.999633668865876,0.0017079949181574,0.0450673237426329,-1.44245518254017,-0.0366683363282894,0.1233539581681913,-1.7099212207931995,-0.1018967166858338,0.1862543801579264,-1.9279484485281737,-0.1603213741155562,0.1947829551557716,-0.894880862675836,-0.0213228283900338,0.3015214409674964,-1.2825366106854772,-0.0987715773126282,0.3852866647740393,-1.5583512080970354,-0.2010740698075477,0.4548083040919515,-1.7680528331076928,-0.2759176286335941,0.4261586741956529,-0.7230184008891395,-0.053501450093777,0.6355475307745833,-0.9253692925649712,-0.1315270200022189,0.7815458818497008,-1.086236245615834,-0.1983479153384481,0.9012371980708004,-1.2260306463140354,-0.2504519574809645,Right,2026-07-28 15:05:43.570,sess_20260728_150120
0.0,0.0,0.0,-0.2512672171776199,-0.321021107095331,-0.1107048828832306,-0.3041237856935583,-0.8088945031775983,-0.1121610188748747,-0.1097906698026766,-1.1728901817204236,-0.1191752832256799,0.1525106054485334,-1.293552912267656,-0.1149472229367349,-0.2898633808150562,-1.0063895669351832,0.0184477326851935,-0.400189401791015,-1.4324249425851356,-0.0681355447543648,-0.4532886063064401,-1.6835516820789116,-0.120218646023011,-0.4779585195559301,-1.9060919328985788,-0.1539193903747275,-0.057443852882099,-0.998335059735606,0.0052261141169783,-0.0093342460996063,-1.5051910228387095,-0.0958608976266357,0.0330272954553502,-1.7983864287162847,-0.1456137373159718,0.0864638544085713,-2.0335651111570874,-0.1624919290331494,0.1500248864323612,-0.8822587335690429,-0.0322693886053418,0.2071575444453527,-1.153070268505513,-0.2182186302271568,0.0808297073027856,-0.9039383761212654,-0.2170144100819959,0.017204036344744,-0.7159651553702423,-0.153333920027796,0.3338765751380319,-0.7040543117528427,-0.0791777476936647,0.2929428500416438,-0.8745364608916776,-0.2257162466085913,0.1632339486451021,-0.7011010804448802,-0.2049620487978994,0.1136979653802989,-0.5508848371675561,-0.1516908671179849,Backward,2026-07-28 16:32:24.108,sess_20260728_163042
0.0,0.0,0.0,-0.3932707654634009,-0.1450820295398747,-0.2233089156570377,-0.6535078894959565,-0.5852273061222751,-0.3659510932724059,-0.6141051330488599,-0.9601073437105454,-0.4961274439375324,-0.3946320934702428,-1.2020414420832042,-0.6190644270978245,-0.4561285075394553,-1.0093226032508371,-0.3321206274383552,-0.5169077545210683,-1.6591569550935623,-0.6079291849724903,-0.5310085640929831,-2.036988812213593,-0.7745480341776496,-0.5214130884275398,-2.3347836277111345,-0.8878845165725985,-0.1131658186247638,-0.9355279682756856,-0.334635500311839,-0.1718248527014457,-1.1801699318019458,-0.7177033456044452,-0.2048691511374792,-0.7287889110962134,-0.7968957911909298,-0.2300321966663714,-0.3631148565245421,-0.7691234388357181,0.2176255094531592,-0.7842635488476553,-0.3600399402623373,0.1644883964740172,-0.9718103273113616,-0.7359379635364593,0.073236754073058,-0.5328045158345628,-0.6518717399263151,0.0089346276220049,-0.2175485211301647,-0.5004742501641433,0.5327586262430242,-0.6036658198530577,-0.3999564657675948,0.4888904522490383,-0.792052264066074,-0.6976677982375541,0.3543537370688918,-0.489498204897308,-0.6470092920807315,0.2799841548146283,-0.245407295722334,-0.5370950923440194,Forward,2026-07-28 15:12:31.327,sess_20260728_150914
0.0,0.0,0.0,-0.2324713895833349,-0.0982559337222646,-0.2043385222447048,-0.3054465899817972,-0.397622010830006,-0.2576030544265698,-0.114826378968109,-0.6586304766519647,-0.2692847161845914,0.120921199148469,-0.7988544473295602,-0.2769218639845372,-0.4215552728155647,-0.8982392736718222,-0.167211489297031,-0.5780459123193472,-1.2624303710655744,-0.239580302209353,-0.650109875764039,-1.4988228856282622,-0.3037879160757393,-0.7059500461488553,-1.7170183526761282,-0.3642956143792751,-0.2077731020839138,-0.9667101648249348,-0.1493378561335842,-0.2984505018094786,-1.416806759918413,-0.2181272810005178,-0.3394704720354561,-1.672977325495131,-0.2820804325013949,-0.3701765359097869,-1.9040365377936463,-0.3304366586452221,0.0079167402566892,-0.9273126431338462,-0.1524799252083764,0.0817224105572051,-1.2925784499940438,-0.2989539157252811,0.1247464190229832,-1.549862216306425,-0.4161259083330518,0.1641399715903873,-1.804719001943615,-0.4920141686002381,0.2059480436307178,-0.7846003088217545,-0.1640390633489435,0.231712271602398,-0.98748012753925,-0.3147565201486033,0.1588680522855201,-0.8798563234802487,-0.3378581814933842,0.0854821860435281,-0.7493986123910583,-0.3425044792156524,Left,2026-07-28 16:33:46.344,sess_20260728_163307
0.0,0.0,0.0,-0.2683985085588634,-0.2648642940528984,-0.107312752775071,-0.3165903702269387,-0.6531247484741574,-0.1375139733365997,-0.0528030939869752,-0.8944019963959364,-0.1600766669055383,0.205303925953857,-0.8714764903023511,-0.1781408815017386,-0.2260518851489142,-0.9634468118852536,-0.0794884043229126,-0.3511381701460681,-1.3384620900919773,-0.1484150420795905,-0.4254808142909663,-1.5825537717010598,-0.2161488018304275,-0.468893573153363,-1.7901796037675657,-0.2784901504345333,0.0149391969970834,-0.9960210755774624,-0.0878569143471211,0.0347566471953979,-1.4281786882529397,-0.1357056877689332,0.0674593496113847,-1.6975410246406553,-0.175065993294682,0.082377319288011,-1.912697786039808,-0.2140836556089713,0.2167922055252499,-0.9262581586461022,-0.1140757955458215,0.2940846411128975,-1.2969833685184355,-0.192458809912598,0.3389739750732873,-1.556057104815904,-0.2539695388412256,0.3607198870300836,-1.7555437373385654,-0.2998133632964694,0.4183963976136289,-0.775553856610558,-0.1521776182181302,0.6017982967602399,-0.9975624746129272,-0.233513236983492,0.7229657228307423,-1.15185889606024,-0.2772398713358743,0.8043789455896421,-1.2803052777955592,-0.3103476897735262,Right,2026-07-28 16:21:25.533,sess_20260728_161633
0.0,0.0,0.0,-0.4217781074844856,-0.1521377049657953,-0.1745938110435954,-0.7744255067698844,-0.521525628696086,-0.2838339032094424,-0.8768916899466321,-0.911557731227972,-0.3901985540239342,-0.673045163207255,-1.1268555825308908,-0.4504254378989715,-0.5678099204461393,-0.94235024434523,-0.11496332420922,-0.5922342664705498,-1.2557141690184774,-0.3396606556667314,-0.5689666884420254,-0.9196363917882632,-0.4083669389756488,-0.540662892749388,-0.7220400342854109,-0.4173601909790874,-0.2822475009569842,-0.952546123584686,-0.1139834665525023,-0.3357677843270831,-1.2305731048792148,-0.358510899659626,-0.3179520098192813,-0.8008911292633646,-0.3636320498466966,-0.3053976430237397,-0.6441984477075585,-0.3056825029873617,0.0085943933154724,-0.916999636760014,-0.1510703116570901,-0.0473032226895973,-1.2012953730340048,-0.4076290417583799,-0.0748372660660244,-0.7717979581677878,-0.3104382056010954,-0.0842898884786202,-0.5954043890984416,-0.1747243866933945,0.2888635932160838,-0.8279533541051322,-0.2005004457069072,0.2024058291031302,-1.0769952209490683,-0.3580475311546043,0.1352658268632604,-0.7823600197657666,-0.2867233162849939,0.1093756276156507,-0.6218322782114932,-0.1891151653647799,Land,2026-07-28 12:37:30.230,sess_20260728_123245
0.0,0.0,0.0,-0.2602064094310418,-0.2149275118555541,-0.1392800937421086,-0.3516531276783993,-0.5223463323613226,-0.1854954743698286,-0.1431265808612279,-0.7514551267386808,-0.2260866229636156,0.080001350048552,-0.8308892145687237,-0.2582686550498517,-0.3448816453369086,-0.927742937992842,-0.0482093459300518,-0.45619596082747,-1.2490191511250028,-0.1235610620595602,-0.5045904790401419,-1.4582096267376146,-0.1991153060402779,-0.5346501907435847,-1.645685513880406,-0.2623138897260369,-0.1321662741729246,-0.9899581837679032,-0.0501484831495605,-0.1362625715468064,-1.4159994949408456,-0.1086367433647707,-0.1074876837487021,-1.668562284800785,-0.1628113315059272,-0.0892051909164004,-1.871604402199343,-0.2068637576709274,0.0673973021410339,-0.9439356131572764,-0.0771995272537895,0.0986170127676508,-1.293454115366266,-0.1634555403196735,0.1314036772337837,-1.5116571912399408,-0.2302971006236609,0.1615855754904674,-1.7060874766328538,-0.2737631473329966,0.2749671455325867,-0.8210334088158975,-0.1204092881226037,0.3995793247571858,-1.0699178648355288,-0.1922608724032418,0.4936015590450669,-1.2275241436278166,-0.2252185571027736,0.5738480100425626,-1.369329781401549,-0.248926637839684,Right,2026-07-28 12:43:03.046,sess_20260728_123245
0.0,0.0,0.0,-0.2311422954225273,-0.2459208641277146,-0.1287132825467379,-0.2913316824449913,-0.6179513479654722,-0.1250812057670021,-0.0649854984299632,-0.846392669902981,-0.1068070324095142,0.1587062347163097,-0.8886456209814855,-0.0935213463962116,-0.3600446608432036,-0.9602950791435636,0.037226792251935,-0.4948334102281452,-1.332271865235186,0.0128852536711382,-0.5546186754197815,-1.5605953761693208,-0.0372885010233484,-0.6003825795634772,-1.7561648821516198,-0.0841800072049258,-0.1539396339236045,-0.9872069081893744,0.0415344378876474,-0.1757398773033717,-1.3783419854053336,0.0415535329913378,-0.1699878534323455,-1.6273835681155502,-0.0088540435985597,-0.1510794188465988,-1.838769374892679,-0.0458908886337947,0.0439674599340917,-0.9101355978582604,0.0201466541723362,0.1041316182741042,-1.253010751558448,-0.0573597876423688,0.1226225065924894,-1.509169368733795,-0.1801307984475164,0.1688545300963504,-1.7439442472456257,-0.2663544209093696,0.2218984135900003,-0.7486153234975053,-0.0100978301203299,0.2183172136888091,-0.8880079602461304,-0.129420380022785,0.1403760924526265,-0.76562315876261,-0.1686143099560899,0.1152080514213949,-0.6262453351853324,-0.1845331456713414,Left,2026-07-28 12:41:34.570,sess_20260728_123245
0.0,0.0,0.0,-0.3138349958871022,-0.0870009609300018,-0.1410924873257446,-0.5350099103750627,-0.4061167301758568,-0.1644029982971547,-0.4270753155418954,-0.7341433889047847,-0.1705811663893878,-0.1937275188916253,-0.8729395830864668,-0.1753544741794468,-0.6083057262421853,-0.8074427794800553,-0.0639088993077625,-0.8514936935056892,-1.1361938170680992,-0.1207164989569009,-0.9854911279752984,-1.346532361276134,-0.1785473141295598,-1.0888230715853937,-1.5449783519348277,-0.2347377225434007,-0.4095824097253678,-0.9094456466007144,-0.0717695306001751,-0.5861797841833273,-1.3328189228903513,-0.1429540165938291,-0.6977820295763691,-1.5830069551434824,-0.2043079658127083,-0.7814580114695663,-1.8010243299242916,-0.2464744903116511,-0.1916957977686133,-0.911349536160353,-0.0998440372469185,-0.2836139127445507,-1.3172550725788243,-0.2467579467942488,-0.3648059014398476,-1.56428377777073,-0.3461216247627612,-0.416028466446214,-1.7846861263337397,-0.3994520521756926,0.0394962353859082,-0.8256659266770615,-0.1347206683563626,-0.0226005918067528,-1.1523810964806418,-0.2633374253112521,-0.0822934992640295,-1.0436981007496036,-0.2676337061724977,-0.1036576710165432,-0.8571475234067699,-0.2588696120795234,Left,2026-07-28 16:33:16.865,sess_20260728_163307
0.0,0.0,0.0,-0.3304691965226322,-0.1400906215564965,-0.2207587939138244,-0.6221066582120399,-0.5114275517606113,-0.321917677530574,-0.7219754653015104,-0.9085098746789424,-0.400936353329522,-0.599779142024002,-1.1891743345037993,-0.4286376391228896,-0.5266084000131636,-0.9182364830256856,-0.1114522923735282,-0.5197117702215989,-1.2188432695130813,-0.2953877829251221,-0.4163697993477873,-0.91362443210081,-0.3586429070725758,-0.3990334163344111,-0.6726220488205049,-0.3650751238955749,-0.2716360201892951,-0.9596989496414028,-0.0720541365426669,-0.2708238442913641,-1.2395384445926767,-0.2869675031293486,-0.1906398832049897,-0.8364849155271018,-0.3303313046287993,-0.2152494569177235,-0.6224741362131347,-0.2989809382862446,-0.0284864256145048,-0.953913958270278,-0.0683728709110496,0.0076953787839419,-1.2207552669394606,-0.2890705453725325,0.0505532107383619,-0.8533156935268199,-0.2457681674093482,0.0089298035216859,-0.6434549823783129,-0.150897981576483,0.1942767519531979,-0.9020724936614996,-0.0814032650587822,0.2143811431884275,-1.12070224999642,-0.2511505035019317,0.2254642335274735,-0.8736482814012348,-0.2257157978387358,0.1857072269379999,-0.7107735984902579,-0.1559053667748353,Land,2026-07-28 14:52:23.002,sess_20260728_144941
0.0,0.0,0.0,0.0469016136864652,-0.419209963897561,-0.0552305525340802,-0.0884773820840367,-0.9205340751362656,-0.0987473828234516,-0.2253289920336273,-1.3074718140908477,-0.1248250554021525,-0.2744946270292795,-1.6051722085717002,-0.1487063928077933,-0.3876614189514996,-1.013181349575076,-0.1862452120473961,-0.8377303573471189,-0.9322251230266436,-0.23592230579002,-0.7247931489272067,-0.7521533528442017,-0.2574813855712901,-0.5631921094524008,-0.6801265306357082,-0.2642605354268463,-0.5519433377803972,-0.8107415047451068,-0.1950814300836304,-0.9416846192745896,-0.6937058208384601,-0.219623230028946,-0.7956194954009542,-0.5443706899449895,-0.2228265348419499,-0.6354466292987189,-0.4920164680787135,-0.2469028542363363,-0.7120568401484643,-0.5748836493074267,-0.1969447051901283,-1.0630767321316352,-0.5068501861392538,-0.2398591503914243,-0.9426100867712142,-0.3856860169023567,-0.2321891140542788,-0.7742801188319819,-0.3183906646941035,-0.2378454160968068,-0.8545757188525235,-0.337734714645697,-0.1955858988328979,-1.2323699668512649,-0.5470430419118526,-0.2328155080420933,-1.4559379714280831,-0.6615779875196113,-0.2212526374409948,-1.635950705852789,-0.7710588163122792,-0.215276824858246,Hover,2026-07-28 16:36:55.989,sess_20260728_163307
0.0,0.0,0.0,-0.1950021455706904,-0.569847688694929,-0.249148089624531,-0.2177715980528304,-1.1637905755392426,-0.3861253211368322,-0.1627279673295205,-1.587428198202797,-0.4758681247383748,-0.0287952859027072,-1.9336747467922164,-0.5216861909932735,0.2811330322162906,-1.1907467982689977,-0.3936386155777743,-0.5589093781838269,-1.132704704388507,-0.6249705890806575,-0.59448563074556,-0.9259460214142916,-0.7170836022946276,-0.3781920166827766,-0.8895024691181638,-0.7615612529586233,0.3774243339521028,-0.8428010484336571,-0.3837150829716497,-0.5698636135678088,-0.7725133331461426,-0.5811420500829587,-0.495000093774012,-0.6422876851714396,-0.5884374161004694,-0.2656774237970953,-0.6446270836167737,-0.5935496464877794,0.3794924902691469,-0.4585781785334272,-0.3991347738786433,-0.4822900546068081,-0.4197386252546642,-0.6007753411864408,-0.4040304691231682,-0.3352533665054598,-0.5342063866351412,-0.1962794242335183,-0.3554390083628495,-0.4729180420373888,0.3130366109701161,-0.0763305121596277,-0.4391423819638521,-0.3362981766435313,-0.0709195173093768,-0.5934237620986289,-0.2759858363472229,-0.0539204078959496,-0.5774837432799317,-0.070704358429055,-0.0820567156350323,-0.5402905535574529,Up,2026-07-28 16:22:33.708,sess_20260728_161633
0.0,0.0,0.0,0.1205117036218976,-0.5041280660050035,-0.041409420565152,0.0195206706434582,-1.0219117904413544,-0.0744251289882516,-0.0956451827645211,-1.4162253133914509,-0.0964156337408888,-0.1801020168274703,-1.7334614925398946,-0.1192625856286726,-0.4756918856801536,-1.0273624304491735,-0.1053564059154211,-0.6474787837438942,-0.983472036814928,-0.1257225847166111,-0.5089806337843908,-0.8433157996668453,-0.1570696549801805,-0.3983483413956359,-0.7571021471319839,-0.1857203701561058,-0.6469043471863207,-0.7537940507689161,-0.1153659161833724,-0.7310706719277054,-0.7128249063784972,-0.0581390251455721,-0.5722448726763505,-0.6287260480140566,-0.0558369687711856,-0.4561811629614554,-0.5514890138412557,-0.1030449999876887,-0.7352032493030299,-0.439527738541698,-0.1182354062998762,-0.7721981603535909,-0.4160590133077503,-0.1011634397750352,-0.613910970171388,-0.3664226085763807,-0.0852905628163621,-0.4844578025080104,-0.3054668118037427,-0.1089856500863679,-0.7675565932941143,-0.1732605372639115,-0.1204387874882497,-0.7961756508824103,-0.1822277312761993,-0.1100590349077999,-0.6621201094871824,-0.1402325295033854,-0.0609622536721203,-0.5570266420934056,-0.087711525777305,-0.038362235175144,Up,2026-07-28 16:35:00.547,sess_20260728_163307
0.0,0.0,0.0,-0.1908309143372641,-0.2099717287587449,-0.1869003041572645,-0.1813213578621383,-0.5019546103866749,-0.2524229627656334,0.0722182946167168,-0.7154622982007712,-0.2894814868103249,0.3331290062195763,-0.8005857606875691,-0.3154691117200661,-0.2651141240317233,-0.9519568275728464,-0.157789392437901,-0.368315568157488,-1.3194990801215516,-0.2458569729085763,-0.420841682544025,-1.555777273599959,-0.3227830042345411,-0.4511857489566261,-1.7510055808824203,-0.3874954307870268,-0.0452380608788241,-0.9901237723275984,-0.1326967720771306,-0.0810603977183302,-1.434465567873337,-0.1877138569390411,-0.1005697249966796,-1.6903663692416988,-0.2406505508874423,-0.1247117280480473,-1.9004417547724792,-0.2938959971576739,0.1628546132038744,-0.9305940089423084,-0.1302419912484736,0.2293960454542258,-1.312093234827435,-0.2129477773193317,0.2687232643671384,-1.5416659178371022,-0.2882324928811283,0.3016652662220007,-1.7502777780149374,-0.3487465946074394,0.3572064493471618,-0.7869227154513491,-0.1438450378598744,0.4935852784039387,-1.0371347249022125,-0.2233271133576802,0.5942201648143738,-1.1937961968461213,-0.2660460089186406,0.6681707505536941,-1.3456140705331023,-0.3017681475534567,Right,2026-07-28 16:33:54.701,sess_20260728_163307
0.0,0.0,0.0,-0.2554092164850585,-0.2227824915989283,-0.1366871338040947,-0.4150544662297554,-0.6488085461590618,-0.1993898485484901,-0.3874801429888685,-1.0115431379125304,-0.2622233117663949,-0.23494912576536,-1.219642662331727,-0.3049736803806401,-0.3228334177627365,-1.0425271431827572,-0.0732183262703049,-0.4254988553971444,-1.475863037724806,-0.2411340961570451,-0.4897171428261545,-1.716935534719235,-0.3158949303925807,-0.5207711803971352,-1.943872582224132,-0.3627162075333564,-0.0869323190339755,-0.9931083213743288,-0.0786042869342257,-0.0778727540776919,-1.2545185815619315,-0.2922425200847354,-0.1163868554957011,-0.8956869790312234,-0.2882879226355869,-0.1042693521942455,-0.7691108817753989,-0.2233320476870418,0.1454739930145887,-0.8772221010654686,-0.114359601806635,0.1206011178935135,-1.0174850580317982,-0.3414360269136569,0.030523257683934,-0.685129579000783,-0.2526131480317692,0.0324240392499407,-0.6105545885074682,-0.1286597437846528,0.3575427916879373,-0.7274487410022106,-0.1623868959554315,0.3137250550320868,-0.8554964325730474,-0.3088344295504191,0.2095224875051477,-0.6367075308428015,-0.2498386489775503,0.2010644841905373,-0.5666942162535369,-0.1683887723845005,Forward,2026-07-28 16:29:27.601,sess_20260728_162716
0.0,0.0,0.0,-0.3884771289556619,-0.6048662190308212,-0.2729212137912737,-0.637951410024267,-1.2293089147086498,-0.4573367670175919,-0.7199776789982116,-1.7103111232455537,-0.5938784927425926,-0.6036022344613923,-2.115238744893522,-0.6906741083403254,-0.1582317088909928,-1.2733208733253485,-0.4897877213951854,-1.0856463808313537,-0.9478792218958356,-0.7431316270749996,-1.039184180797229,-0.7909482023316148,-0.8359044921775616,-0.7705901302635401,-0.8648438561875094,-0.8796980404425166,-0.0234235443098184,-0.8710448010750935,-0.4906447717972921,-1.052924487389689,-0.5368237807824198,-0.6933231009050973,-0.8914107140975231,-0.4831275617151859,-0.673168723194723,-0.6115489848816688,-0.5754115035407572,-0.6776945447758294,0.0359522529989022,-0.4529971605063568,-0.513976326939714,-0.909174680281311,-0.1891733647830147,-0.7270992049779397,-0.7703506970631637,-0.1554508973834412,-0.6203863162209048,-0.5257639442091715,-0.2241456121245624,-0.544407468521014,0.0407343260592914,-0.03814476565579,-0.5665049256301715,-0.6966095895539763,0.1500640481045408,-0.7217481513602251,-0.5934752441823489,0.1204606953927908,-0.6825311636056446,-0.3573405855749615,0.0396984109882751,-0.6400754639728828,Up,2026-07-28 16:23:24.844,sess_20260728_161633
0.0,0.0,0.0,-0.3486960700343132,-0.1867636968237235,-0.1043528139911756,-0.5963775767230138,-0.5096605117838218,-0.1675135163032946,-0.731512137011776,-0.7878706070372882,-0.2359155719506845,-0.8853955517251466,-0.983101501798574,-0.3072332768017223,-0.3253499541096128,-0.9477063460022596,-0.0554092803427132,-0.4459040832390745,-1.290525453342842,-0.156208869682751,-0.5190895159051588,-1.4994105547467027,-0.2528429650509114,-0.57982274157086,-1.6834100997450994,-0.328536888038124,-0.1074808603042208,-0.989902486662134,-0.0924171605730693,-0.1534052989667743,-1.395077054627827,-0.1813228163437325,-0.1889323202835261,-1.6426292422596898,-0.2640817649404121,-0.228291012260419,-1.8404357817166168,-0.3294530643471335,0.1019934377178362,-0.9357156683234072,-0.1518867466922252,0.1121231322690131,-1.32246636567843,-0.2430180718690649,0.1193380207024635,-1.5645757970719056,-0.3179002407606728,0.1193610076981974,-1.7663915025841763,-0.3738797350616086,0.3012734848953083,-0.8080043247198513,-0.2240356138208944,0.3654461570035239,-1.1083363063168383,-0.3002986025992012,0.4030484773303324,-1.3063612910565778,-0.3422502827535464,0.4274440115512901,-1.4861986757136534,-0.3755142205756311,Takeoff,2026-07-28 16:27:56.695,sess_20260728_162716
0.0,0.0,0.0,-0.3371277030755623,-0.2479835536546383,-0.1127155425070156,-0.5498580653076757,-0.6997727370374464,-0.1679428343535887,-0.4989454213622342,-1.096942756708899,-0.2453204290982957,-0.3194211732366835,-1.338301987426319,-0.3211408335773262,-0.3457031491734735,-1.037550288799517,0.0259422453971655,-0.4205396707883637,-1.4899537115845682,-0.1050954980712318,-0.46461782231463,-1.7707977451740204,-0.1909166849556794,-0.4703326559099054,-2.005098950133044,-0.2573681124333603,-0.0946665766737129,-0.9954763838417052,-0.0080627832863126,-0.1553488643224807,-1.316176005088301,-0.2652353571015501,-0.2102773888787229,-0.9787224231082512,-0.3457932074783677,-0.2283776959776342,-0.6932093400085045,-0.3312646817521691,0.1576387322129782,-0.9055137189146298,-0.0668163838542427,0.0824302637384325,-1.1717303881875831,-0.336249338258028,-0.0247745992415554,-0.8043894939955505,-0.3095791049152931,-0.0640950515708255,-0.5300497576439053,-0.2121755729213081,0.4090190297620211,-0.7706435132576108,-0.1349935075944265,0.3304639526091458,-1.0271727971039435,-0.323748632612478,0.1935149616021568,-0.7968544366365197,-0.2944038016995974,0.1308622105520579,-0.5793432997271636,-0.2248980480429314,Forward,2026-07-28 12:38:58.048,sess_20260728_123245
0.0,0.0,0.0,-0.0589084747964843,-0.4671408336228601,-0.0964308374256075,-0.2816729590898389,-1.00300775613864,-0.1574168692112231,-0.4767409269844542,-1.4090429346508682,-0.1969840768934289,-0.5634972874991668,-1.7431499004862416,-0.2403652798868119,-0.5253424532254178,-0.9952972215709424,-0.2687225256903019,-1.103344572066668,-0.8974619522231314,-0.3477017351856524,-1.1257499634393564,-0.7360808659776279,-0.3547823490042558,-1.0346277257704453,-0.6856402373825976,-0.3532497055796613,-0.6026357898314376,-0.7500821792531168,-0.272409304505434,-1.1652732251900977,-0.5916954618192538,-0.3186098192038366,-1.1083767299965894,-0.4608188974821788,-0.3023550562204727,-0.9596017318321152,-0.4213119701318893,-0.308082646889912,-0.6675507898901292,-0.4499365827498912,-0.2711150793849423,-1.159762079859029,-0.347615108102205,-0.3384066765798256,-1.1144781807959414,-0.2299841730339539,-0.2984972021721395,-0.9748702690572424,-0.1660935317110663,-0.2767811108726078,-0.7157133218527594,-0.1538140153799942,-0.2727094563799274,-1.0917977204448273,-0.0902714537364842,-0.3501371884800556,-1.0888882207600892,-0.0243279096151827,-0.3289112454531547,-1.009707476153115,0.0260887696097901,-0.2983160705286958,Up,2026-07-28 14:57:34.376,sess_20260728_144941
0.0,0.0,0.0,-0.1747602143775492,0.2727253868052504,-0.222399860697731,-0.4489856272252669,0.5080741559308347,-0.3637347027668238,-0.634535463618562,0.7315431598836419,-0.4716421209760002,-0.6883384264314991,0.976589698241724,-0.5485368341342777,-0.9722194662254748,0.2530380151450767,-0.2427412284967471,-0.9002703597866519,0.1704381938206089,-0.3537432197503097,-0.605318293501674,0.1892769070268496,-0.3849951442495701,-0.572533817321175,0.2410021610987217,-0.4091237828952936,-0.9777305318160784,-0.0134895492183517,-0.2094302729228383,-0.895843795586565,-0.0630420820721698,-0.30868911950866,-0.571187144750339,-0.0027334358764518,-0.2985387694759659,-0.5680441679136946,0.0577585249903438,-0.290701201789123,-0.8865796730439143,-0.249150410609781,-0.1960040653558125,-0.8722056487023913,-0.3019932045988059,-0.3226773880647291,-0.5583557161440773,-0.2226753954630496,-0.2587546561580477,-0.5081969925744992,-0.1487474821597934,-0.2062487653853366,-0.7412020351197115,-0.4483017767386167,-0.2015408394506485,-0.765372730570364,-0.4968444761269295,-0.2896620054933472,-0.5513785605914067,-0.4039376388973416,-0.2373947144294938,-0.4956507296211707,-0.3295760147932552,-0.1889112749599148,Down,2026-07-28 15:07:24.535,sess_20260728_150120
0.0,0.0,0.0,0.1251131848791928,-0.4386880388445928,-0.0157007193898659,0.1045367810760163,-1.0093937286924224,-0.0837611926992741,0.1335516593434243,-1.4486156102590684,-0.1422258712756925,0.3566144572431904,-1.684301081727227,-0.1935135607779145,0.0219579286165578,-1.1143699149610695,-0.3156301586367253,-0.5350640940500769,-1.370476750275662,-0.4023242617811728,-0.5174178100889311,-1.1681820132352012,-0.3918266957866891,-0.3820813115150699,-1.051000528179868,-0.3883637858702261,-0.203966567029877,-0.9074180392781778,-0.3674100454894968,-0.7590318681473971,-1.1528897501109632,-0.4526340134476137,-0.7035713236988574,-0.9541389016646626,-0.4006998761238151,-0.5442467903823202,-0.83716223176072,-0.389033420135382,-0.4568147812555866,-0.6807360884793534,-0.4078247967353323,-0.922063450439342,-0.9909517935080696,-0.495068269154242,-0.8712338788209412,-0.8169011711091339,-0.4279575471608361,-0.7137723814152542,-0.6867799399841547,-0.4052776902490959,-0.6777667199188845,-0.4491763189832773,-0.4428073223386963,-1.0846332963712686,-0.6756958612920123,-0.5478963298755747,-1.3314105158213796,-0.7723213939836617,-0.5725776458603202,-1.517041765833083,-0.886560428181976,-0.5997438117434344,Hover,2026-07-28 15:08:27.107,sess_20260728_150120
0.0,0.0,0.0,-0.3021898231625115,-0.2198725331003756,-0.1404440779539673,-0.4515019550262997,-0.5495497406420334,-0.1746890995387948,-0.40777321273446,-0.8577482383059895,-0.1964525764165011,-0.3971502930639455,-1.0751738147443195,-0.2070783598218697,-0.3536186595466982,-0.957240952773598,-0.0337970662625131,-0.4161439097130084,-1.3392655571156944,-0.0993214216883525,-0.4421804980761885,-1.5812185336490916,-0.1644566256691205,-0.4598756554340854,-1.7806308686191448,-0.217369889492011,-0.1243748684486265,-0.9920631304332138,-0.0184834340272396,-0.124795977166563,-1.4206765798672931,-0.067310401409392,-0.1144982660199683,-1.6884011445190787,-0.1162864052365431,-0.1123255294320015,-1.8994748173566216,-0.154986219583,0.076001427612195,-0.930886350147229,-0.0300106456424045,0.0866392945817041,-1.3149983378092016,-0.097890855165243,0.0952867959804188,-1.5720561886013622,-0.1655034255290831,0.0944711204773399,-1.7815834446176884,-0.2146589802930472,0.2805401273598622,-0.7907516503245481,-0.0571025792328901,0.3645794300828054,-1.0200687809737614,-0.1207778765046424,0.3974891916374118,-1.1815597485473333,-0.1617337202150056,0.4162554556779354,-1.324806629684511,-0.1915523768451699,Takeoff,2026-07-28 12:34:35.241,sess_20260728_123245
0.0,0.0,0.0,-0.3447247456813332,-0.1226755703219035,-0.1368176302651482,-0.4714112456171026,-0.5481377713481986,-0.1699489281284338,-0.2142299718865746,-0.7974980953658068,-0.1728389669239292,0.0977135281339159,-0.8050273310805504,-0.1830745760399949,-0.318489832347239,-0.9676129423589934,-0.1054057470024081,-0.4728063995214238,-1.373909423416262,-0.167887859361546,-0.550720368496514,-1.641912882086693,-0.2244966426125541,-0.6025195470724868,-1.8731523810455664,-0.2757069247035507,-0.0461910826545117,-0.9923253641251012,-0.1147029014331783,-0.0223492994217132,-1.4495769464554908,-0.1831002181967344,0.0045540102739866,-1.748143098738253,-0.2450027626691365,0.0435095931741114,-2.0000987950288605,-0.2788351299647121,0.1801711678036623,-0.903446340200604,-0.1384007692101184,0.3290859251524499,-1.3318275193560982,-0.3035854175680123,0.4109720847841812,-1.6118269120120248,-0.4245160345284242,0.5094168279683461,-1.838067385202529,-0.4852528373850046,0.3689351234288405,-0.7130782333075718,-0.160568287338781,0.3239131944513295,-0.9554949553837128,-0.3372256754796282,0.1936888121444835,-0.7880853099728579,-0.349040528965783,0.1347842746526295,-0.5684040820948436,-0.3325573554119327,Left,2026-07-28 14:55:26.535,sess_20260728_144941
0.0,0.0,0.0,-0.3430396697068544,-0.2308190540547024,-0.1880045093958875,-0.6211272212662321,-0.6292198494862209,-0.3162519491928519,-0.7074179019490142,-0.9959704979942126,-0.4348167499255064,-0.593582301460222,-1.2527710924021118,-0.508423505290562,-0.3343307149976856,-1.0439147623498772,-0.1668930293835025,-0.441908051486639,-1.353123599818964,-0.4166426521273685,-0.455940949071235,-1.000959269551908,-0.5127948956505028,-0.4030014342337737,-0.7747780704448779,-0.5377958207064972,-0.0715491696087314,-0.9841680830358426,-0.1621539412467537,-0.1849419431688596,-1.2761661859851667,-0.4153298789655046,-0.2268791148380857,-0.8605007152239296,-0.4289897110600115,-0.1864655450411464,-0.6737648634423873,-0.3803069623613339,0.1787922388158743,-0.8843719343920741,-0.1964464721630378,0.0714763947170864,-1.1358784191099411,-0.4481900403012018,-0.0130361979816315,-0.7215482847404308,-0.3579811926002351,0.0127458517783189,-0.5397888493589963,-0.2354577127396835,0.4153315801610603,-0.7340515535465997,-0.246748725877961,0.2777710636506812,-0.9328397108823572,-0.414606687896823,0.1714107855204498,-0.6495320299058203,-0.3602190958546465,0.1805762030334253,-0.4970482911012582,-0.2761188377063387,Land,2026-07-28 15:10:22.229,sess_20260728_150914
0.0,0.0,0.0,-0.2913975181273727,-0.4210373564014818,-0.0116791872776973,-0.2749762711483395,-0.899091126968326,-0.010923919226203,-0.2151139762065152,-1.2544719891042189,-0.048486540285794,-0.201982739296116,-1.5292611545282673,-0.0659627830654566,0.1658884074697366,-0.9773102239878094,0.1741453897990643,0.0785210677725292,-1.2624215627491473,0.0823834852184599,-0.0748055112272952,-1.1542155310978366,0.0201424047811482,-0.1285626543981157,-1.051116366879319,-0.0045463683011786,0.2644133342067946,-0.9595098998081352,0.0970893447491969,0.0615912710740074,-1.260566610613065,-0.0669594559251291,-0.0836326583376138,-1.0296500403292697,-0.1438651882576831,-0.1035687674537028,-0.8647573620606023,-0.1487304306952908,0.3481695682679626,-0.9150005722351456,-0.006229351964821,0.1238777717356044,-1.2116141318367974,-0.1794837709697686,-0.0064919840484953,-0.9827964131434672,-0.1942748404527433,-0.0144757036170373,-0.8066214881138201,-0.1465231406331228,0.4009947832378446,-0.8682635522170579,-0.1136320409980757,0.3630367498663845,-1.279002234800109,-0.197782501748765,0.3561690832297408,-1.5155337576657972,-0.1907183024803473,0.4117220232404057,-1.724568365757915,-0.1620394528865458,Hover,2026-07-28 14:58:54.409,sess_20260728_144941
0.0,0.0,0.0,-0.2800759708993376,-0.1953558640492387,-0.1828271244293208,-0.3608989626605324,-0.5776908296100199,-0.2066291334001738,-0.1126823200934144,-0.8609980805242707,-0.2044669659911253,0.1473195299534894,-0.9712047847478684,-0.2040963569091925,-0.4381290115670647,-0.9363129736348316,-0.0548484305379751,-0.6220885363520874,-1.3110584459700712,-0.1190932334877204,-0.7257369850864362,-1.538871863300166,-0.1914818987758573,-0.8117427842660817,-1.741962853664918,-0.2531477411759717,-0.1994667356624472,-0.9793056803749532,-0.0342550105753494,-0.2438501430829917,-1.3999663474501864,-0.0577952915480581,-0.2680748803294823,-1.659797632256771,-0.1128070959202992,-0.2737899891578561,-1.8748343491516355,-0.1580583713287366,0.0212810569188232,-0.9144225456295692,-0.0429866941893462,0.057001202062235,-1.293749300591195,-0.1459793677890448,0.0687110997820002,-1.5600052338931063,-0.2698428590226823,0.1036913466989176,-1.80321234748669,-0.359118326395791,0.21725201178311,-0.7652237181786966,-0.0641459914687786,0.197301891713729,-0.9265818086944244,-0.2156107205733633,0.17924177530041,-0.862836753282558,-0.2736939229632971,0.1853907768746873,-0.784695434280818,-0.3027660935411352,Left,2026-07-28 16:20:08.382,sess_20260728_161633
0.0,0.0,0.0,-0.2101328737664388,0.3396532081714776,-0.1565356792180394,-0.5971004530233449,0.6339465965079245,-0.2331651385502165,-0.8536682256983672,0.9262422233073436,-0.3122280445434724,-0.9089552517768535,1.2109478382717551,-0.3648394477134216,-0.9670937103856674,0.3862345221008738,-0.0364480516211677,-1.189837916981375,0.3776918305786151,-0.1609184990373164,-0.8736654821080226,0.3546145020847902,-0.2242958924289471,-0.7368159153044364,0.3671297723760137,-0.257292860902195,-0.9911757673210936,0.1279123582221989,-0.034771063968152,-1.209109035237506,0.1167678539246084,-0.1731413410354472,-0.8464083618798022,0.1220798623016542,-0.1990876004401355,-0.731953954561486,0.1595343423422202,-0.1866305502071117,-0.9520647441639548,-0.1238652327810519,-0.0642222584799606,-1.2358990111996275,-0.154292952429481,-0.2097875923056368,-0.9093541434311164,-0.1261793936069579,-0.1598712410496544,-0.7551760910819928,-0.0740464506201127,-0.0918381513075795,-0.8700655474225165,-0.3455525282646309,-0.1087050612680686,-1.0855962251970992,-0.3825395515680169,-0.193406697632603,-0.8865596459043249,-0.3062398719827937,-0.1411134123424776,-0.7601889307183416,-0.2315115201864813,-0.0816911160787977,Down,2026-07-28 15:07:19.034,sess_20260728_150120
0.0,0.0,0.0,-0.1763836873990148,0.2682323836928438,-0.17937394886036,-0.4978341095008254,0.4934166896960447,-0.2730426328148085,-0.7189666149028143,0.7082444932218589,-0.3427020581781176,-0.8381358181051266,0.9188879220287444,-0.375093376463577,-0.971255953588294,0.3035026476980398,-0.1452315061518096,-0.892351696385658,0.3335381827013896,-0.2756158059431594,-0.6426340445716041,0.3180630774299028,-0.3220258463392231,-0.6564572248127658,0.3115170734849591,-0.3528625398810524,-0.9910254826470284,0.0445272005814792,-0.1260389668023385,-0.7847823651763196,0.1053807683452657,-0.2638332564601277,-0.5213342755532288,0.144949287377783,-0.2808453330457678,-0.6002142902540201,0.1619509436509817,-0.2814668526639031,-0.895159995359556,-0.1894244359389529,-0.1320737231360046,-0.7161492662756392,-0.1260742207644912,-0.28134048779734,-0.4831862218059046,-0.055379452313208,-0.242979585544379,-0.536799076110035,-0.0273849774310999,-0.2046863575234066,-0.7563097779553803,-0.383531770197437,-0.1558999079019064,-0.613489801332257,-0.3370881569088324,-0.2591240348790569,-0.452500036548688,-0.2354918610858548,-0.2434733531228211,-0.4862974529690648,-0.1864552248819667,-0.2186636626076987,Down,2026-07-28 15:06:49.309,sess_20260728_150120
0.0,0.0,0.0,-0.218801641915776,-0.5578491249676961,-0.2069292711741291,-0.2146200032142721,-1.103882130898935,-0.3092704205668828,-0.1567620204252413,-1.4842837687660897,-0.3801594446235825,-0.0745564088739905,-1.8087216711384644,-0.4150435001096695,0.2950403457034316,-1.1726506853009628,-0.231865156208778,-0.3643210566727515,-1.175155457438479,-0.4028941955498303,-0.4601171173754734,-0.9602896980297202,-0.4956152195318788,-0.3277912242617384,-0.8669145167876817,-0.5568539538256885,0.3858696309467613,-0.8941538109735174,-0.2271422246843271,-0.3761532140150738,-0.9050610104298966,-0.3859247220957505,-0.3962491290163177,-0.7156320041231814,-0.4189547082999711,-0.2281602812550883,-0.6456043193391598,-0.4436503682994637,0.3772602683583774,-0.5840499594106974,-0.2474821892398183,-0.3344910414795072,-0.6096729213562208,-0.4104888679871492,-0.3237094342952101,-0.4703512014718529,-0.375310900265119,-0.1580269903955243,-0.4381028564973191,-0.3413878271673795,0.3133115127358394,-0.2912089178038435,-0.290550962323615,-0.216762720877849,-0.3282248342541527,-0.4168499068364137,-0.2069133916267871,-0.2692844714385338,-0.4105605468772078,-0.0455662251740206,-0.261380136326435,-0.3850054804265133,Up,2026-07-28 12:57:09.784,sess_20260728_125637
0.0,0.0,0.0,-0.3344214359963637,-0.0749712634602728,-0.1769103904944685,-0.5765070360016054,-0.4371919951388558,-0.251304796076514,-0.5896750089627408,-0.8059831489248406,-0.3049961621700814,-0.5113577523209094,-1.0764107340062246,-0.3548405117795798,-0.3955980181150476,-0.9102555188347388,-0.1466130180376694,-0.4090214820542968,-1.2147545199633765,-0.3172690582031885,-0.4098148548004013,-1.4730925283671412,-0.4492969972927794,-0.4334834840685491,-1.695246626995567,-0.5403295374039477,-0.0983619661626232,-0.9867844530970592,-0.1287686558855105,-0.1067453211156179,-0.9376773014139926,-0.3602061657218177,-0.1432107059425614,-0.5746946754924329,-0.4055260528431159,-0.1979278992194216,-0.308022533067837,-0.374461034162314,0.1762924378514771,-0.9390930327837548,-0.1350519225023343,0.1692648334113756,-0.7821501446367236,-0.3944898613474368,0.1073460454225803,-0.4365830291874381,-0.3438087558911595,0.042563285985576,-0.2028096999517643,-0.2325812536404063,0.4159658687788568,-0.8411623793476244,-0.1533615798559535,0.3981275161591132,-0.7889657556666699,-0.3487443848638508,0.3104618308920309,-0.5003829725231504,-0.2944627396029952,0.2532178867859236,-0.2994855630195787,-0.1948657859122054,Forward,2026-07-28 14:54:00.198,sess_20260728_144941
0.0,0.0,0.0,0.176013691609989,-0.4120921806616922,0.0976102755804987,0.220418517165041,-0.8370929028574879,0.0878063129578223,0.2733066583956709,-1.1696772933896442,0.0567604476471478,0.4441207074448523,-1.352859999799987,0.0144737569238738,0.1769494705240476,-1.0664736845188143,-0.1089766677061312,-0.2816650990514499,-1.2539238902328635,-0.1126023211640871,-0.3461136715082974,-1.08407844986236,-0.0842807657289987,-0.3100948043958141,-0.9505536143613856,-0.0770598557354011,0.0045811890108686,-0.978806935917324,-0.204733961294618,-0.4945949466191167,-1.1251220125936872,-0.2075384025734686,-0.5184232600205388,-0.9455532580507944,-0.1763900313299622,-0.4686225970513967,-0.8083263658697607,-0.1909428041655544,-0.2139718660383187,-0.8445460431605261,-0.2802793425192385,-0.6499739555641608,-1.0048325358857464,-0.306329303566314,-0.6538010178864246,-0.826454839978349,-0.2796610413621061,-0.5816175090567555,-0.6894902811286575,-0.2963423933793279,-0.4351516505834732,-0.6630050209147617,-0.3413981539225231,-0.8122356332259787,-0.9168320034970248,-0.4092547737947184,-1.0101612333833336,-1.013885452331551,-0.4221175974868453,-1.1627001629031863,-1.133359279197827,-0.4443635946070556,Hover,2026-07-28 15:08:22.427,sess_20260728_150120
0.0,0.0,0.0,-0.0638983338537733,0.3574328016044108,-0.2859092530268815,-0.2089676652399122,0.734355742903103,-0.5157425912466693,-0.2735523393240774,1.0351160789509044,-0.6962512848518633,-0.3332178449074552,1.2925115011187294,-0.8432682195192562,-0.863537221192675,0.4567952071834718,-0.5233307009052033,-0.3363291311531402,0.6614619806949114,-0.7508735352867908,-0.1547955321557928,0.5811037012857238,-0.8565021817936911,-0.2463169824379978,0.4766499693369965,-0.931693029554016,-0.8638373069142763,0.1097539659619965,-0.4916697816001137,-0.2679408104586523,0.3323621771698075,-0.6678394409844867,-0.1094155805057347,0.2955911073439398,-0.6754622338044962,-0.2337592070332119,0.2172113854883596,-0.6993816648069098,-0.7529878337618633,-0.1983146782810356,-0.4753983920404417,-0.1847723862951927,0.0216964739689783,-0.6482023920440588,-0.0471918323525327,0.0341920263444329,-0.6011331637688148,-0.1813317447946145,-0.0211716440565977,-0.5807189783941838,-0.5733657621666703,-0.4582832585751744,-0.4898541720085166,-0.1545572426629605,-0.2927740439279227,-0.6381110296986618,-0.0270265390952266,-0.2076134495192404,-0.6446303858230731,-0.1178771936727788,-0.2121762170874037,-0.6432194280908162,Down,2026-07-28 15:07:34.100,sess_20260728_150120
0.0,0.0,0.0,-0.1738424980843301,-0.3752019691080209,-0.1507640709724371,-0.2086893955972163,-0.7418847657593504,-0.1546413506477706,0.0429314551173205,-1.013692009064766,-0.1599987553853036,0.2908696376212759,-1.159116663363582,-0.1517183464915905,-0.2704783153565677,-1.0223659444111337,0.1133884752123685,-0.3425099481013844,-1.4087966661232167,0.0541411240072988,-0.3760636574005383,-1.657505794060118,-0.007418927730699,-0.4072444450204883,-1.8809827509771155,-0.0429941427427535,-0.0412618520786987,-0.9910228524895108,0.1271658971839107,0.0414167789121136,-1.4411657179638984,0.0720233795639946,0.1222277628275155,-1.691314845732863,0.0188450155261371,0.1897968469950259,-1.902264123801199,0.000855758101619,0.1548358446397516,-0.8574851029352272,0.101257284050148,0.2554215584172442,-1.0606208223998006,-0.0675805547442115,0.163869144662146,-0.8400170614817588,-0.1109699252177036,0.1002452026314578,-0.6931129788816345,-0.0725068540501516,0.3132054965750153,-0.6841162383130512,0.0631165672595294,0.3769015738508914,-0.8740075169017777,-0.0570467084176207,0.2753489199004028,-0.7297465352628338,-0.0396304168300361,0.211211670022707,-0.612685623315641,0.0118184867730949,Backward,2026-07-28 15:04:06.441,sess_20260728_150120
0.0,0.0,0.0,-0.0984678029957284,0.3117384663877072,-0.214555758989783,-0.2821003667786236,0.6298643335761464,-0.3769544341954912,-0.4061089451080552,0.9031447841657972,-0.5118536207594699,-0.4731933548899479,1.134914843994968,-0.621144073302789,-0.8821582349875975,0.410398891899303,-0.2863834186945566,-0.6478979207336376,0.5134498700991624,-0.4591770888551849,-0.4213755122110221,0.4499358164712062,-0.5508770973700025,-0.4270577968987564,0.3932529430157985,-0.6139498768322732,-0.9496696432367454,0.1554097863424226,-0.2719841300951131,-0.6392552777023313,0.2476045531855683,-0.4114279792896023,-0.3905172579205028,0.2137844294747629,-0.4275889049814159,-0.4133674418692724,0.1696280638575911,-0.4445063631596822,-0.909004580602258,-0.0778305511295393,-0.2798761258861162,-0.6076677300713893,0.0115597368626438,-0.4234649380376558,-0.3747976063943747,0.0169492703196151,-0.3898544961035161,-0.3915272934083293,-0.0145518278172113,-0.3672759480766892,-0.8016358199874706,-0.2941953429194621,-0.3125744938451956,-0.5773903654819003,-0.2215881863386997,-0.4027516551536429,-0.3978995834419205,-0.1707761640388716,-0.3840724803526531,-0.3994822374740265,-0.1784543424748337,-0.3660845038528208,Down,2026-07-28 13:05:47.684,sess_20260728_130400
0.0,0.0,0.0,-0.2109613524014179,-0.2673144676751288,-0.1571397468657211,-0.2181960738537867,-0.6088649903256997,-0.179534274143659,0.0221562693405948,-0.80150977114875,-0.1847667295737229,0.247584008944865,-0.8315512097566682,-0.1744512703148958,-0.2180927355718464,-0.9884620571505114,0.0211805263785915,-0.2640870214542895,-1.3497501916516688,-0.0085960411468881,-0.2887001445584596,-1.5782676625486278,-0.0643101495832112,-0.3016925722882609,-1.7730534486767424,-0.1167783175319753,-0.0366603666826228,-0.9979779989558192,0.0519223565993954,-0.0437091070066072,-1.3947323457323664,0.0364490027727005,-0.021351994714822,-1.6462064020727964,-0.0162457667392403,-0.000219038266962,-1.8470290050664604,-0.0612997884107993,0.1276299313165216,-0.9135702763295857,0.053201107071607,0.1693342895430421,-1.2562062676271497,0.0099344149143136,0.2074893111342119,-1.489575220849231,-0.0627777281091752,0.2401971274281608,-1.677244624525263,-0.1162941710835471,0.3051541269421786,-0.7694228179196841,0.0356365810553954,0.4346561617978555,-0.9976787485143672,-0.0082169442168608,0.514374007060039,-1.1644427760852265,-0.0448587233123228,0.5839215041790635,-1.314452251323282,-0.0731099850474004,Right,2026-07-28 12:43:09.063,sess_20260728_123245
0.0,0.0,0.0,-0.3134758076992502,-0.2178095469642024,-0.1075871647269661,-0.507541285832986,-0.5490114019028102,-0.1552870192317388,-0.6007210989328763,-0.8656542786285459,-0.2033467773793776,-0.7194881248099151,-1.0950945865286634,-0.2449965166073063,-0.3382643570559006,-0.9536587398477152,-0.0134746195156214,-0.442416497358069,-1.3127503421191833,-0.1003362635640934,-0.499984243428575,-1.5326438682916144,-0.1863324303969806,-0.5441221370345606,-1.7206134604554837,-0.2517456699539254,-0.1409939386545896,-0.9895673188597126,-0.0296180807525704,-0.1821059616128666,-1.3907501532317896,-0.0941873705419525,-0.1995634505506103,-1.6387820576621408,-0.160936499677066,-0.2119210071925074,-1.833638311296489,-0.2130204116198497,0.046588914793936,-0.927096100439525,-0.0698407003815443,0.0455907930951523,-1.2962962334934809,-0.1402583407601616,0.0413861166422669,-1.5127657566408022,-0.1926707545828735,0.0266750076704251,-1.6895955762855164,-0.2324197818874089,0.230667317660153,-0.791007617646635,-0.124567353787284,0.3085134296554497,-1.0158068764498849,-0.1823425037161946,0.3354689889559702,-1.168880495551091,-0.2085367518952088,0.3448989741155209,-1.3061665583210502,-0.2280835017185317,Takeoff,2026-07-28 12:33:54.325,sess_20260728_123245
0.0,0.0,0.0,-0.3306401925326855,-0.1002179938427169,-0.1319391241005376,-0.4618380737220323,-0.5291403883643703,-0.1721893729121679,-0.26784532319868,-0.8253112739063683,-0.2032013768903097,0.0337659973526066,-0.8185780848498493,-0.2317460209118066,-0.2608880540085773,-0.954251180643383,-0.0696922804394018,-0.2441450535645666,-1.3614704062401768,-0.1503622381451732,-0.2253645084775286,-1.6407411199893769,-0.2294842924328011,-0.1932384607882381,-1.8605432394419308,-0.296755309692542,-0.0692912850838794,-0.9944918577240204,-0.07864262668586,-0.0648227903948426,-1.4293150014427407,-0.1524317542363605,-0.050964002421808,-1.734246665254433,-0.2253375033113336,-0.0244779961103373,-1.980498453699498,-0.2761219346671875,0.0978238788871597,-0.9645812665054028,-0.1088373624648347,0.1095724475792479,-1.3802966218616606,-0.1777929214174368,0.1085361702935779,-1.6715954029960418,-0.2475924519357359,0.122959099291555,-1.906125170561957,-0.294341719427337,0.260366016155717,-0.8639761723652766,-0.1574845082148322,0.2565716699914864,-1.2200904432459423,-0.2303587317619408,0.2477385489315346,-1.466202026053926,-0.2789967931821984,0.2484518554804251,-1.6741161178345492,-0.3108991548070035,Right,2026-07-28 14:56:02.088,sess_20260728_144941
0.0,0.0,0.0,-0.2833614470116082,-0.2557900935329445,-0.1866620746913178,-0.5080954630945952,-0.5806022415923486,-0.3142396914891051,-0.6050782905133564,-0.8514837868556708,-0.4252518847498701,-0.5385343156054432,-1.037393991905687,-0.4927194926916651,-0.1312898443254046,-1.02213265233248,-0.1670818213746593,-0.3481907203078581,-1.1554182107589488,-0.3743695095212254,-0.3953592675723995,-0.8470342110617533,-0.471765158962617,-0.3270429753393288,-0.7211569825380002,-0.5200762064997226,0.1053228529316182,-0.9825447989604996,-0.1533388883682682,-0.1662332914089891,-1.0377701850706291,-0.3526228691408878,-0.2350076104461896,-0.6926719308104334,-0.3696372302106765,-0.1581575492947175,-0.6110577628001824,-0.3510383464290533,0.2981560026753849,-0.8741835324587636,-0.1737072962604272,0.0296360977270275,-0.8979942829522536,-0.3578418019308247,-0.0712687049897547,-0.5828062540119049,-0.2870303990192439,0.0085249514192713,-0.5068944713980068,-0.2088326193620281,0.4519026282271662,-0.7112461135157263,-0.2161707565362234,0.1904160678931752,-0.7130973051824178,-0.3259485452141414,0.0852148481344892,-0.5112340096342867,-0.2926102755321347,0.151493452554883,-0.4534102997907603,-0.2454174046526983,Land,2026-07-28 15:10:10.817,sess_20260728_150914
0.0,0.0,0.0,-0.3740384378940392,-0.20366734660295,-0.1801942120445667,-0.6705567952511469,-0.5678755428059004,-0.2995412096226812,-0.7564963999536353,-0.9017656133997592,-0.4174753359969158,-0.5652082412755335,-1.069334672147425,-0.4914946220802559,-0.4000263118479043,-1.0134675573072984,-0.1199161311174287,-0.4879443514494882,-1.2683083193220253,-0.3548631722056303,-0.5128560847195758,-0.9279545749428112,-0.4328508143716847,-0.4727666234325922,-0.7341232131732117,-0.4472474750410012,-0.1252097368968252,-0.984832327600921,-0.1201158120248118,-0.2235081180861239,-1.2092170509822466,-0.381834171221644,-0.2687964424903878,-0.7798286914917484,-0.3919122605453337,-0.2360819519676224,-0.6205882755638508,-0.3348212355232387,0.1478675972693514,-0.9170343003724744,-0.160696767934093,0.0421093399423994,-1.083267768104193,-0.4239285324281449,-0.0393378081409872,-0.6656630947740376,-0.3351789401541006,-0.025389034958046,-0.5138603585150526,-0.205682238596595,0.410490006608443,-0.797644694887581,-0.2165423459907386,0.2974002401343877,-0.9738901670019652,-0.360080584120215,0.1811391725914934,-0.6806053539582075,-0.289683726810865,0.1702388437990109,-0.5470198649530625,-0.1973616672200051,Land,2026-07-28 12:37:57.894,sess_20260728_123245
0.0,0.0,0.0,-0.3010581654301717,-0.2213546182586118,-0.1295541760606669,-0.4948377780566207,-0.6863325281308478,-0.2150428118295026,-0.4414245559231829,-1.0721502536477976,-0.3124002689375498,-0.2540844499633071,-1.309149558154807,-0.3956109985127991,-0.2018210536604356,-1.0438052284116854,-0.0924462066800177,-0.1951107419773647,-1.539069590098663,-0.2992061654228899,-0.2180987137702102,-1.8417296898962483,-0.3937336032983049,-0.2272350966083614,-2.1176471370209544,-0.4549344689244789,0.0411013437397771,-0.9907639249801125,-0.1292189014842142,-0.1553683530230464,-1.1832608288937088,-0.4254605964826627,-0.2187744117239958,-0.8096732582500688,-0.4246745279568215,-0.1270541110432595,-0.669220762278511,-0.3497636927873923,0.2621263291931133,-0.8879385371928267,-0.2008199203858147,0.0576269131344767,-1.0167816922184585,-0.4745742686216635,-0.0042051461825571,-0.6735858499352133,-0.3439317993991381,0.0994366004165978,-0.5883006739628543,-0.1886615885460573,0.4840805088818595,-0.7406946633115765,-0.2895841520676941,0.2802030022401555,-0.9001637623631662,-0.4436162543261834,0.1930033487320708,-0.6475473779443922,-0.3476402506202063,0.2785491416681224,-0.5583743095628488,-0.2379493476680038,Forward,2026-07-28 14:54:16.504,sess_20260728_144941
0.0,0.0,0.0,-0.0665046627298817,0.3320755790833954,-0.241789019466381,-0.2272334422248904,0.6541525360397766,-0.4384475433825704,-0.319001113001081,0.922729250632622,-0.6002090199374307,-0.3737934565277358,1.151522935482599,-0.7363306072509433,-0.8580238596979902,0.4130791176333176,-0.4011980906817047,-0.4781833065829215,0.4149179278122668,-0.5976320865062463,-0.2543618396421617,0.368777331555469,-0.6989186323359303,-0.2955735376673329,0.3443733747427372,-0.7738617479909219,-0.9190505656385796,0.0957774576110721,-0.3823254326002477,-0.4519994249834909,0.1242856968943789,-0.5281297755102746,-0.2201391474991905,0.1267919972241357,-0.547810529136753,-0.2816538239097245,0.1099359435577055,-0.5799693690468507,-0.8598665613056043,-0.1868071886929835,-0.3807197777368732,-0.3934280636841027,-0.1410381504505034,-0.5281027924907584,-0.1874465944765396,-0.0979402108705804,-0.5075711743155359,-0.2646730242564697,-0.104091311395722,-0.5064729470654308,-0.7220824895855728,-0.4397780261453916,-0.4057261350492532,-0.3282004503649566,-0.3958880706973834,-0.5191905764814899,-0.1594302170918425,-0.3057553506343277,-0.5282190581000208,-0.2149214024681713,-0.2796176155050085,-0.5351470126060909,Down,2026-07-28 13:06:39.562,sess_20260728_130400
0.0,0.0,0.0,-0.2312017772926453,-0.2421027316598071,-0.1356299067319021,-0.2723865835390766,-0.701968272597916,-0.1528830119546788,-0.0269335107652193,-1.0234335402456065,-0.1626028804681543,0.2771758270707364,-1.1068300772178714,-0.1599341982318839,-0.2160504127088984,-1.0007943860239583,-0.0301798362119277,-0.2848667363299311,-1.4333469071943865,-0.1061305666353024,-0.3177816291327517,-1.6900133912100943,-0.163429196005597,-0.3170049419860508,-1.9039125481529504,-0.2099573130703597,0.0321309567774416,-0.9992675909523764,-0.0207818018660663,0.1303679116418226,-1.469976095228222,-0.0880340241746636,0.1909106973799056,-1.749820189234888,-0.1360625081074944,0.2575294026150173,-1.9625807436612068,-0.1640861633903793,0.2551647579828876,-0.8885852175074735,-0.0334266070841352,0.3750974557126187,-1.2300456108789624,-0.1880239051462657,0.2800583134734354,-1.0965899034477131,-0.2185187295987301,0.2275608769582466,-0.9538776799810982,-0.1959001516212466,0.4577657824143427,-0.7042246371047911,-0.0556669266795021,0.4839576422798055,-0.9147962566977722,-0.2185374181140722,0.3446875035480107,-0.7739280422540605,-0.2300879022144559,0.2630648275956076,-0.6031083672221328,-0.2006777289887838,Backward,2026-07-28 16:31:14.325,sess_20260728_163042
0.0,0.0,0.0,-0.2841091901805936,-0.2223711853648513,-0.0941966661784696,-0.458077121499936,-0.5704689045966791,-0.1626449323965879,-0.504461712872938,-0.8925754847976258,-0.2562043520523022,-0.3503905015926229,-1.0640642196109673,-0.3319082686192228,-0.2311870276262368,-0.9541431813951646,-0.018669617058223,-0.4223128740710821,-1.3237131311490256,-0.1586912661798276,-0.5412954895335246,-1.5542012253292083,-0.2388532654681606,-0.6008632605518511,-1.7431168123560676,-0.283022773618307,0.0016785246299714,-0.9974352753190844,-0.0715545533436473,-0.0593300889965735,-1.4961486074337844,-0.225995652785373,-0.0774955016151563,-1.816842331067987,-0.3083599482270416,-0.0777233765625465,-2.073552229857357,-0.333968551558538,0.1993523074567177,-0.9319441111179148,-0.1486609313771489,-0.150299075604657,-1.1492090797645145,-0.3503566711457918,-0.2654460884711747,-0.9368651894079508,-0.3815529348278277,-0.2808239000013543,-0.7607838734295725,-0.3361808640835551,0.3241348107508809,-0.8167667999728778,-0.2380791245189135,-0.0908731483691881,-0.9641229559455642,-0.3662865093373627,-0.3160147126430737,-0.949896797928367,-0.376792517146256,-0.4568891100527303,-0.9257103200448724,-0.3501157200992512,Backward,2026-07-28 16:18:36.235,sess_20260728_161633
0.0,0.0,0.0,-0.2636387306375179,-0.3314493750339314,-0.115733694850068,-0.3681777285213957,-0.7161467266830069,-0.1397414701311045,-0.1625554238950032,-1.029817606843355,-0.1775088315003882,0.0937375623540698,-1.1851101426141684,-0.202760510052685,-0.3744106013627633,-0.9917340306901314,0.0711623398738712,-0.5121242526264641,-1.4072267391034603,-0.0366585939462918,-0.5866330361129964,-1.6613993603198658,-0.1190103400062776,-0.6317285826985476,-1.8848587901835967,-0.1699274602926391,-0.1331754860929971,-0.9897816810282268,0.0509559987129241,-0.1015475136838296,-1.479876069584565,-0.0639062955638174,-0.0755776707465816,-1.7689338032924664,-0.1401232698624038,-0.0327270729595731,-2.0167860436618987,-0.1723364520590584,0.0895963150740549,-0.8763545410718386,3.669356280900129e-05,0.1431159349613366,-1.1737125472819614,-0.2023214040919254,0.0437892823460856,-0.9065984131733968,-0.2109649612887682,0.0051575376230106,-0.7029674683566711,-0.1452774223073029,0.2927831797907549,-0.7005485628543535,-0.0611470299765393,0.2672681481984305,-0.9188508235498348,-0.2044914184035627,0.171839562721301,-0.7612234820757755,-0.1717213513791302,0.1464201451393119,-0.6234617474658367,-0.1046135344382644,Backward,2026-07-28 15:04:31.031,sess_20260728_150120
0.0,0.0,0.0,-0.137971103599281,-0.2426060793090774,-0.1742682360500896,-0.1180471409055738,-0.5799563924082285,-0.1992373516160199,0.1126822748272628,-0.8297630260110509,-0.2080046828056716,0.3094288488154014,-0.9626132994450256,-0.2005087534970093,-0.117794602975692,-1.0122237824977054,-0.0906396944506603,-0.1683782399601695,-1.4489502468674154,-0.1634943237700518,-0.2138514173713557,-1.718845090918563,-0.2280561290381594,-0.231857474543563,-1.935431541719205,-0.2814571335439351,0.11523745789953,-0.9912058624895378,-0.0650481857027952,0.1373007522685736,-1.479284789084198,-0.1314904315608886,0.1790510740038436,-1.7479849596209545,-0.2122911241003557,0.2023025953030526,-1.9493983000159,-0.2735819301966656,0.2999634880258126,-0.8815720745709373,-0.060391293547733,0.4634903463555552,-1.1861643969282578,-0.2117505219557835,0.478519669904394,-1.006604229628104,-0.3050984396169018,0.4367206717867827,-0.8337559842231448,-0.3358419195026051,0.4406500984441893,-0.727946795896717,-0.0667801563194834,0.5556124086546694,-0.8974413226442444,-0.2244545205315011,0.594694218235561,-0.8116238328602711,-0.2889638071596401,0.5710354409850553,-0.7000435502205614,-0.3072393362239161,Backward,2026-07-28 14:54:45.675,sess_20260728_144941
0.0,0.0,0.0,-0.270518754717157,-0.2233193827349539,-0.1614161784637034,-0.443329299230085,-0.6955904526897,-0.2467208219309158,-0.387287091668493,-1.089379129963231,-0.3308293824958004,-0.1799256292806504,-1.310832337740064,-0.4058307215435667,-0.2499590469901223,-1.0552996905859378,-0.0998780618130547,-0.3017454020779754,-1.5338844071384208,-0.2691520784839926,-0.3467631927840641,-1.829119775974626,-0.3545050135775247,-0.3552418599443217,-2.076409620677257,-0.4152029981181557,0.0113643296840172,-0.9926781122493968,-0.120253970711187,0.0133746163063924,-1.3648839977116454,-0.4056300692611836,-0.0898398638878854,-1.0313326578569342,-0.4541588985291223,-0.1231133485369403,-0.7574704790730902,-0.4023602483660252,0.2483861137585689,-0.8557765477660538,-0.1665750916681178,0.213123336119018,-1.092538211541226,-0.4659927411715212,0.0709456788365884,-0.7226135225565583,-0.4089426301798093,0.0340484925892641,-0.4876658423996959,-0.2791170069593303,0.4757488198094728,-0.6691458368390824,-0.2233876756067106,0.3964382241686256,-0.8708861079213303,-0.4357447232521465,0.2587243483195032,-0.6180685813969332,-0.3970115142550379,0.2251761900166983,-0.4372821295692686,-0.3117607035620017,Forward,2026-07-28 15:11:44.155,sess_20260728_150914
0.0,0.0,0.0,-0.2333503814771385,-0.1552817729470689,-0.1864731954495755,-0.41445196802283,-0.4214260520915253,-0.3058591324267818,-0.3818039227070289,-0.6386206763529948,-0.4197998591934055,-0.2054100887826571,-0.7983904198228823,-0.5212654931205836,-0.2839342517445972,-0.9714609610846208,-0.1764396408673838,-0.2495733110602034,-1.2766408156843316,-0.3279453599931948,-0.2140313677570142,-1.4870025918009828,-0.4230224267573193,-0.1580826064294295,-1.6729666816510482,-0.4939271089951024,0.0029475555956066,-0.9859471772086618,-0.1670313613375718,-0.0833694717459746,-0.9023227983712748,-0.3887463212938994,-0.1140982874491107,-0.5744817702497568,-0.4457284933653042,-0.1310391718872794,-0.3599146292675378,-0.4402352455453687,0.2518835320225308,-0.8998750212462324,-0.1800865517980385,0.140798902060448,-0.7926586900272672,-0.3883866413664893,0.0539602853003233,-0.4977334600246558,-0.3519322511045911,0.0186931867035703,-0.3173103545325109,-0.278603308760829,0.4731443592728914,-0.7635179254322053,-0.2138660734926302,0.3609452300119251,-0.7169504810208266,-0.3546326271072259,0.2337156814034144,-0.5198868265060903,-0.3320004902462253,0.177539377026514,-0.3988265647477451,-0.2802869834805571,Forward,2026-07-28 12:39:16.505,sess_20260728_123245
0.0,0.0,0.0,-0.3655487718945405,-0.1645205339212659,-0.0976629607775223,-0.5760474825430077,-0.5223421597690454,-0.1237373890007458,-0.6147255290006002,-0.8457524069329163,-0.1511806779906134,-0.6820276652270312,-1.0920105079302678,-0.1744390687655199,-0.3350524437021248,-0.9474015022998272,-0.0118088219643333,-0.4252083945217849,-1.3107489580579703,-0.085401707695659,-0.4682350873481131,-1.5328177386227038,-0.1612953733657012,-0.4980791858403851,-1.726773059727289,-0.2212686050174309,-0.1167951043180651,-0.9926043178406584,-0.0330994231281069,-0.1482120648568628,-1.407255396193828,-0.0968802924081787,-0.1647859918818282,-1.660355710661111,-0.1670498708427506,-0.1788623164955974,-1.8623709636479804,-0.2221825845554339,0.0825221622150688,-0.9525706980561076,-0.0770379460536654,0.1006016597657436,-1.343120578422072,-0.1506226418779549,0.0913684342352552,-1.5729716906243814,-0.213501723891117,0.0703983459751537,-1.7549150208364483,-0.2574511576041877,0.2821974443597639,-0.8521680408754254,-0.1339314909151871,0.3584365925501723,-1.159519571945184,-0.1992583701620638,0.389779681468063,-1.36674510087122,-0.2395885307004226,0.4037306569928129,-1.5508087865406686,-0.268169849818672,Takeoff,2026-07-28 14:50:54.666,sess_20260728_144941
0.0,0.0,0.0,-0.2387123102930861,-0.3387337950903365,-0.2227226998999866,-0.2852554384628014,-0.7149929558639804,-0.2211097778859705,-0.0538859374429513,-0.9863683316268772,-0.1944440284038417,0.1742539511258087,-1.1472722376722484,-0.1491998331749901,-0.4487426354595442,-0.9814512045524232,0.0773318485267414,-0.5527877616133345,-1.374715928553762,0.0720046606819915,-0.6149689587846916,-1.6108248496391688,0.0487192605732603,-0.6775872191400927,-1.802017345174764,0.0378150860021403,-0.1987745627276706,-0.9675449845630596,0.1560300485781263,-0.1822394612570018,-1.404660039842124,0.1770124064914085,-0.1491577313745465,-1.6553010347070642,0.1570175416731999,-0.1282691406938174,-1.8434012805065547,0.1562846942244511,0.0122779656658483,-0.8513647972570203,0.1890954670999936,0.0634046785240875,-1.0905564361849152,0.0711014999073303,0.034527326523645,-0.912609208790624,-0.017876316320431,0.0139567611927258,-0.773501048913811,-0.0194415211392956,0.182355026230771,-0.722389557529099,0.206967989302902,0.2021342227195749,-0.9450244450264054,0.0773543112837912,0.1581051499638774,-0.8228205442986184,0.0319038179833585,0.1234313721755196,-0.6993517834551146,0.0399658603534144,Backward,2026-07-28 16:19:23.194,sess_20260728_161633
0.0,0.0,0.0,-0.2563483047685655,-0.1891258581459426,-0.2623038089643937,-0.3386598441579193,-0.4937840237225367,-0.3495982482212074,-0.1102102106027039,-0.7883321895186572,-0.4136815559854916,0.10885234606708,-0.9995925623903532,-0.4601589226146248,-0.5156530565510895,-0.9311085384091908,-0.1279748333291003,-0.7217476069908727,-1.3220659322082058,-0.2939659090999659,-0.8597001375042012,-1.576333987892942,-0.406452480848452,-0.9843907244146722,-1.790743843572911,-0.462815125907068,-0.2208774007631036,-0.9712533696511731,-0.0887697345573182,-0.1868112743747523,-1.4633515218011337,-0.2256507722121559,-0.1688500243273571,-1.7807854268803236,-0.3037064491370583,-0.1426975964389886,-2.061705111784462,-0.322717244796011,0.0313165583730802,-0.8666587318091276,-0.0881389458780484,0.0885605156567745,-1.0128349716937064,-0.3307459187989818,0.0291027223670501,-0.743571264871758,-0.3664200871886561,0.0042594001722355,-0.576926924441189,-0.3011930038897132,0.2202913717779737,-0.6958603533729408,-0.1048390031003589,0.2420570420138736,-0.8120714392580224,-0.2874898273741346,0.1682400004546471,-0.637088567766597,-0.2619605936293033,0.1201591677723031,-0.5216734661329714,-0.1834840832914572,Backward,2026-07-28 16:19:48.681,sess_20260728_161633
0.0,0.0,0.0,-0.3815575658708195,-0.2003370442380061,-0.10944510049723,-0.6600688655858692,-0.5226611921566515,-0.1583681804672118,-0.8311948620223183,-0.8018622600038373,-0.2077760759881593,-1.0035598626738294,-0.9908126048699184,-0.2552880800580381,-0.42040703029193,-0.9242125849808974,-0.027403974062482,-0.5709236613918868,-1.278331168149321,-0.1227628143231212,-0.6594753478942749,-1.4963806156290411,-0.2163575594735012,-0.7320284815533831,-1.6886958823024854,-0.2871979437687491,-0.1881148397940229,-0.9806403266138486,-0.0543815857432757,-0.2443212534588728,-1.394564625486986,-0.1321685122714394,-0.2738222537106812,-1.6586360369387454,-0.2182362447570063,-0.2963515030425412,-1.8839912291716088,-0.2818713386898429,0.0431570319739469,-0.9398507992364582,-0.1051288948276936,0.0304462084050165,-1.3228074397305285,-0.1891702932934375,0.0138642273505985,-1.567662474750676,-0.2648922444929479,-0.0112629030482331,-1.7753817355976635,-0.3168994324070022,0.2708255178647253,-0.8258377482763186,-0.1684797116430353,0.3365291754979845,-1.0993681277309473,-0.2328350423374807,0.3666278573539563,-1.2876168533291183,-0.2641905251309857,0.3805965028197517,-1.456854675565919,-0.2863158349060126,Takeoff,2026-07-28 15:09:26.119,sess_20260728_150914
0.0,0.0,0.0,-0.1271846583127058,-0.4619033150035171,-0.0422428631620719,0.0432866896771453,-0.933215943122938,-0.0604204934251432,0.1849691439180658,-1.2592364821614006,-0.1081124802608995,0.1725740229818213,-1.5288822703451663,-0.1379100333624287,0.6023934057823318,-0.902869698113728,0.074595793750036,0.788379009806912,-1.1865131591241844,-0.1277212864122664,0.4734520468494622,-1.01369207824638,-0.2393584880983431,0.3026190938182759,-0.8354337406615573,-0.2796198121133275,0.7265592452338265,-0.6869307154603304,0.0154225588801314,0.9088420136351346,-0.9667759237753172,-0.1921823425187302,0.4907090058898517,-0.7577984214015593,-0.2235165274949041,0.3572485171145927,-0.5700736137749445,-0.1825166835063864,0.8197838244129337,-0.4294875226899947,-0.0780447877803052,1.0214467566812064,-0.7152625870957283,-0.2883639760850526,0.5885712280474762,-0.5444369828121562,-0.2071603295286501,0.4378820087544093,-0.3709920749146548,-0.0899809910927196,0.8825418957448902,-0.1293153285336826,-0.1772209922568813,0.9872596828990794,-0.3899611755023726,-0.2986584633481085,0.6706343427152296,-0.3488842425681477,-0.2213003260169727,0.5403867730556273,-0.2394301292531929,-0.1257635304729506,Up,2026-07-28 15:06:23.644,sess_20260728_150120
0.0,0.0,0.0,-0.2739052049990503,-0.2839013536105418,-0.0706892888322699,-0.4783983715195419,-0.7212636127436396,-0.1219072555237613,-0.4796677542374499,-1.0939309262189156,-0.1959433437450855,-0.2948283935614785,-1.2639384212952418,-0.2565302367665024,-0.3683847487492294,-1.031650434918023,0.0259844240557751,-0.4871250573157809,-1.4350309950994518,-0.1362689296860138,-0.5650726693262593,-1.6601082981224962,-0.2144417053444529,-0.6095559311341199,-1.8865527026239133,-0.2651065397981734,-0.1339930857122976,-0.990858459238052,-0.0156641864675517,-0.1738860487959917,-1.287637543530975,-0.2204830475641784,-0.2223492675618363,-0.9299990550258224,-0.21897233154686,-0.1782857959372515,-0.8023637761419362,-0.1573735487462274,0.1098443770810811,-0.8870670384916697,-0.085795527885991,0.0367254334924277,-1.1208377068155817,-0.2910745795156191,-0.0581751819985414,-0.766897472907302,-0.1827619440048252,-0.0170530450639502,-0.660198678745055,-0.0507444542920721,0.3372048549131847,-0.7365569191457753,-0.1655154738657293,0.2142131394876529,-0.8922586279820739,-0.2816993455198029,0.1323496483949051,-0.6669470402259475,-0.2033648833590331,0.1860718986153434,-0.5800383775888036,-0.1131264639712158,Forward,2026-07-28 16:29:42.054,sess_20260728_162716
0.0,0.0,0.0,0.1572227518571903,-0.3620413472035482,0.1504709418001448,0.1949956370218295,-0.7342120941116324,0.2041263768022683,0.2423082792162016,-1.0253355764161078,0.2274828300371391,0.3599089204104381,-1.1713292703059883,0.2396267801410412,0.1512926567805842,-1.024621986620174,0.0552891011319505,-0.2516431957512772,-1.188648683104179,0.0981098007744458,-0.3205339591152201,-1.0122793784801805,0.1212825772621299,-0.2896420013596604,-0.874549806750485,0.1323852579551674,-0.0425290579882267,-0.9984777101186052,-0.0351218112138421,-0.4573742623920181,-1.101249612711054,0.0242590273451352,-0.4993132307807263,-0.9304911126980802,0.0397454971366033,-0.4543719711274138,-0.811058787800617,0.022067601834098,-0.2578863615911724,-0.9126721125552836,-0.1031084063066342,-0.6462827847871552,-1.028208557462994,-0.0718430196738483,-0.6880169871686586,-0.8609793846855148,-0.0749811481192053,-0.6283984963921523,-0.7354420309290082,-0.1056191362496503,-0.4814549385066818,-0.7796340212965902,-0.1515743191077908,-0.7884160919584484,-1.0686326000406683,-0.1454387503931802,-0.990862708864126,-1.1989522717166263,-0.1311023459203017,-1.140025024500273,-1.3359216245050585,-0.1321555426345144,Hover,2026-07-28 16:25:43.544,sess_20260728_161633
0.0,0.0,0.0,-0.4045124585113059,-0.188489166895605,-0.1588358111707218,-0.7172778268341182,-0.562848357535388,-0.2503671301066003,-0.8221705337053224,-0.9636518926117066,-0.3440296380468927,-0.7333640150469998,-1.2664896859022925,-0.3967068160353378,-0.5399112354196091,-0.9847441661480184,-0.0346801481165486,-0.5777331656714371,-1.3212950160174564,-0.2713217828328451,-0.5401529621448959,-0.9967283409727888,-0.3777178097070807,-0.486857550141136,-0.7795402865969203,-0.4060949192399448,-0.2668005858094767,-0.9626466205506166,-0.0461403441057518,-0.3090863330078712,-1.2967969824626504,-0.2839694171177372,-0.3140641906623689,-0.8863161198153703,-0.3122580639327156,-0.280056054442182,-0.705365226191564,-0.2626452266265338,-0.0024382413721995,-0.8896275836890399,-0.1015549341534026,-0.0443272281465873,-1.167522954271499,-0.3506933997828041,-0.0988104744417787,-0.7533493794356313,-0.2676498699792601,-0.0957396885874294,-0.5731382604790533,-0.1360475834541502,0.2626788217923291,-0.7659716918410396,-0.1702243647025808,0.177042541270849,-0.9813053718915784,-0.3135670674593641,0.0973094266350081,-0.6974862982649683,-0.2391077858890351,0.0845861762803205,-0.5430792013601909,-0.1381666577198463,Land,2026-07-28 15:10:39.644,sess_20260728_150914
0.0,0.0,0.0,-0.2962795685160482,-0.2745153714752338,-0.0948376408125614,-0.4516617447036166,-0.6414373807086077,-0.1463504441792959,-0.5175865632746129,-0.927396936812646,-0.2039790190792001,-0.6270396963116421,-1.135491404937645,-0.265543231740635,-0.0993026222290955,-0.9928935030922728,-0.0349926174772515,-0.1324645880061939,-1.338369379591213,-0.1281630176006352,-0.1518019424469846,-1.5516429218574803,-0.2213298449741443,-0.1629530620665809,-1.7337255416590565,-0.294625992932553,0.1163069212420567,-0.9907436431510472,-0.0699980973097445,0.1625717033613085,-1.3794846249553456,-0.1458677746279987,0.181402702610965,-1.6177272104674456,-0.2219038535180562,0.1877163786121161,-1.8063384683796164,-0.2848916129414842,0.3007246664769605,-0.8986707539717174,-0.1278118232543315,0.399407242443705,-1.2624270878733497,-0.2075411004638752,0.4501034286413416,-1.4953931497545667,-0.2768374205864055,0.4833171445558987,-1.6871283644261277,-0.3301702762875618,0.4602794164400242,-0.7368361317990126,-0.1985328346130487,0.5788797445430575,-1.0107968214162857,-0.2662396691674347,0.643956418168904,-1.1973940435941606,-0.3053706948380075,0.6929372067331795,-1.367422304838496,-0.3377352109007667,Takeoff,2026-07-28 16:28:05.213,sess_20260728_162716
0.0,0.0,0.0,-0.4931995656936232,-0.2268038498269143,-0.1949429238912463,-0.8898541267139035,-0.6382423294603552,-0.2944000090318274,-1.100750043213963,-1.049401713496874,-0.4033483685812436,-1.2354770995463438,-1.3455965054399777,-0.463995295152844,-0.436403096022279,-0.9571677353424328,-0.0655103876135862,-0.3871060054890725,-1.26593183368247,-0.253452889428265,-0.3675926232407081,-0.9414292602808194,-0.3175734525884605,-0.4061936277137509,-0.7772969146381373,-0.320886707191389,-0.1337086565082829,-0.9900063336809464,-0.04482693884664,-0.09488363295301,-1.2270137782615564,-0.269191106641027,-0.1168145028940042,-0.8477965036764682,-0.3235143674829205,-0.1916578136856142,-0.7662492258839945,-0.3091773524992733,0.1533936629522416,-1.0141617172340676,-0.0657131083806779,0.2149095917233493,-1.3553418512146913,-0.2911633097529253,0.1993474852761987,-1.060609577957602,-0.2765000901871772,0.1430079237698082,-0.9317417757883945,-0.1992398589704108,0.3823211559205549,-1.0266730592091715,-0.1009450597593159,0.4197525580029486,-1.4355417140484843,-0.2096419199851475,0.4328021852405568,-1.6845572827855058,-0.2153865087640344,0.4360389103043441,-1.9646334273202648,-0.1891368897310341,Hover,2026-07-28 14:58:34.600,sess_20260728_144941
0.0,0.0,0.0,-0.2184111296639205,-0.6285395032913322,-0.1893753822676951,-0.3174711215125108,-1.2309148396047738,-0.3238318372027164,-0.3120531197300941,-1.6813425970249682,-0.4237678209475815,-0.1809715706535936,-2.023181211563232,-0.4985283265350095,0.0897932821582222,-1.2428607999255228,-0.3881203157472901,-0.7330567897196582,-1.2101952726105616,-0.5829260599378546,-0.7806442533738552,-0.9908593373060044,-0.6346237229072165,-0.5765088446594161,-0.9626141201527416,-0.6553849143592478,0.1708658086143205,-0.9012087182272792,-0.3982809581661155,-0.7572734156752652,-0.8467293842811179,-0.5684813367810033,-0.7064340628433847,-0.6992829464469111,-0.5470096797387658,-0.4915913236806076,-0.6926166427188971,-0.5415016067748025,0.1612586764909159,-0.541930751229675,-0.4227582119509728,-0.6724426842817438,-0.5219991991267515,-0.5954120155589026,-0.6001194979583467,-0.425615262670079,-0.5172901191080757,-0.3927421312127993,-0.4205422602839032,-0.4595041451413731,0.0993049025589129,-0.19823967560286,-0.4622124983491092,-0.5243460585991523,-0.2029228588965123,-0.5823870145733151,-0.4753798063691401,-0.1801427085246525,-0.550770734483467,-0.2923913493828293,-0.1892876537222296,-0.5133779813987378,Up,2026-07-28 16:22:27.421,sess_20260728_161633
0.0,0.0,0.0,-0.2702736337269782,-0.3721792199168942,-0.0476929689477957,-0.4062556947491085,-0.6875618512936941,-0.1299973436762805,-0.4963117708953885,-0.9215725241603024,-0.2373465855871156,-0.5025726448254364,-1.1101744603071684,-0.3364141979142666,0.0440880523461614,-1.0365511378765442,-0.0293773035558008,-0.0774395482206633,-1.3990698745920622,-0.1853916338139945,-0.1905487387111984,-1.621807571233572,-0.2944098056194102,-0.2687764012703434,-1.8016364612507048,-0.3696168251805765,0.2018536675985155,-0.9755332561827186,-0.0871203934711635,-0.2650118387004216,-1.1354548676939786,-0.264789803234293,-0.3962938555961088,-0.8667345183226598,-0.302610706609513,-0.2999782144240163,-0.7256098495537667,-0.30377728675796,0.292538094772184,-0.8665666706030535,-0.1656421360142701,-0.2088506076750937,-0.979241766853616,-0.2967375378134455,-0.2847672073206139,-0.7330767632452425,-0.2325237161970478,-0.1605873048065426,-0.6267021160292591,-0.175278616221799,0.3172126334867091,-0.7378662748258978,-0.2604606217240947,-0.0932306308834757,-0.8438008222412989,-0.3333606398244843,-0.1621673832018454,-0.6832612539421673,-0.2846035528331052,-0.0577088177978444,-0.5962075731289364,-0.2340693396132112,Forward,2026-07-28 16:29:30.789,sess_20260728_162716
0.0,0.0,0.0,-0.2680696052105993,-0.2112497175432237,-0.0936440469781733,-0.4106991241013625,-0.5389249334211926,-0.1474931483225268,-0.446076771277782,-0.769303433157386,-0.2078897073630154,-0.2882134209712801,-0.8564840954631122,-0.2753315283689716,-0.0943699848143889,-0.9964232175109892,-0.0164948873301043,-0.2225903769565038,-1.3601823350033224,-0.1103939301535557,-0.2956774833288422,-1.612572525717758,-0.1925394470530991,-0.324631974803006,-1.8231404874028527,-0.2625091293571358,0.1132799777103832,-0.9901714710140505,-0.082025024473063,0.1416515970330709,-1.4380767419042102,-0.1806637200603446,0.1418039248362865,-1.7582196551560851,-0.2718407233053146,0.1651302920779495,-2.010650272569888,-0.3271547164212625,0.2580245406586388,-0.8819960917793628,-0.1691428182079359,0.2279313907700988,-1.316759855506232,-0.3419825020685573,0.1609168597631041,-1.6186966046980953,-0.4656223470388734,0.1585866648115795,-1.849612860389271,-0.5382654065453626,0.3251561473870009,-0.6941860979428276,-0.2604373216546166,0.0500413004242835,-0.8884719638975933,-0.4564397861179117,-0.1422672956644331,-0.7728760214338628,-0.5103682753931476,-0.2378799163639706,-0.6080950160384457,-0.526779696134753,Left,2026-07-28 12:41:25.268,sess_20260728_123245
0.0,0.0,0.0,-0.2483527303010043,-0.277699261437466,-0.175086972540161,-0.3059030518250206,-0.6413576894265257,-0.1883339248139841,-0.0706958553229327,-0.8685141568969685,-0.1761200076560094,0.1496608471470065,-0.8944319055281296,-0.1483939544278433,-0.31126267214744,-0.9816940467823094,0.0317630540342492,-0.3822752603205355,-1.353656160551567,0.0114522711342271,-0.4301580399294841,-1.5777015121311708,-0.0402766310973568,-0.469002541384346,-1.767087400466835,-0.0896472182158179,-0.1204607302526013,-0.9892638872000574,0.082741609537415,-0.1563874984029118,-1.382070888294227,0.0845505210812143,-0.1609847001753372,-1.623738613227054,0.0375963875755318,-0.1573457273263702,-1.8121111805456287,-0.003445089476434,0.0516469702503885,-0.9069654502055936,0.1015269396366146,0.0563277439275592,-1.234253385249539,0.0767249109499633,0.0627873385939994,-1.4631213493033055,0.0070830909560589,0.0779362636960537,-1.6520143968420482,-0.0484357205578675,0.2276621942146887,-0.7710442910808484,0.0988195017242133,0.2842268341448609,-0.9692587341090824,0.0660456179090337,0.312557803229916,-1.1113615996449362,0.0339677970183625,0.3477330778725289,-1.2380627700830424,0.0082665029762069,Right,2026-07-28 12:42:50.805,sess_20260728_123245
0.0,0.0,0.0,-0.1622189604523687,-0.2791469752478188,-0.2377184331070993,-0.1681257380673924,-0.6251334290668964,-0.2565707110119595,0.0738473780484709,-0.8835979827165951,-0.248905181531431,0.2555670610587923,-1.0911994436175434,-0.2232633429112828,-0.3248053349136874,-0.9888352123288908,0.0025844757841023,-0.4127669370515007,-1.3589420971249584,-0.0571714458134792,-0.4578749971580294,-1.5978704563357589,-0.1146443548555323,-0.502133300352395,-1.8048120655734792,-0.1490763496068765,-0.0936780264380375,-0.9931118516509532,0.0703795245301451,-0.0961656134405036,-1.441025075119572,0.0182531684181403,-0.0502465541190976,-1.6963561548230224,-0.0354295141366664,-0.0147455488925259,-1.900830788088047,-0.0546939636297299,0.1024187459688424,-0.8885570263504025,0.096455473630126,0.1946868584863565,-1.12084124088838,-0.0871552806963318,0.1689495071594101,-0.8842466327332088,-0.1615461159650024,0.1308815325946989,-0.7205278464768256,-0.1438059001971907,0.2614159634996419,-0.7462498142090882,0.1067655718557148,0.3171210053362578,-0.9196088868970508,-0.071018566639303,0.2822699943238937,-0.754312759442082,-0.1081712406570991,0.2430000083998209,-0.6171636815337338,-0.0852963954448004,Backward,2026-07-28 15:03:55.445,sess_20260728_150120
0.0,0.0,0.0,-0.3095895359065251,-0.1647698320571808,-0.1985178764552591,-0.4060498178551179,-0.5250583036922004,-0.2477564200496417,-0.1496707769210586,-0.7968997839880937,-0.2580191190232745,0.1431948051544392,-0.919255445680154,-0.2727776533642742,-0.445540203601489,-0.9323321126453784,-0.1375458639584333,-0.6337291767403057,-1.3285012824903404,-0.2228206207667545,-0.7361915269889175,-1.568323629640408,-0.2940503854567574,-0.8057402598437977,-1.7866060425951498,-0.3541202704076605,-0.1851513271165677,-0.9750947794209432,-0.1221030598019393,-0.1863908136958245,-1.4600777429515956,-0.2016208275753457,-0.1858319129573656,-1.7328826775783683,-0.2691302145819889,-0.1547772975577956,-1.9756718017116817,-0.3080302528780607,0.0499666982837073,-0.9071053173406052,-0.1290323123726839,0.1370244133920084,-1.3272538202957618,-0.3051231790723667,0.1671072190541712,-1.5996155385853632,-0.4335393969101398,0.2405001984941835,-1.872654804386116,-0.5067396702923279,0.2558537896964345,-0.7308981490789257,-0.1410675728620377,0.1957787205955722,-0.9233056910153132,-0.3344674807348466,0.1005553426460368,-0.7747300040570655,-0.3668265649889863,0.0704298484523418,-0.6206256205577105,-0.366351939919095,Left,2026-07-28 16:20:25.050,sess_20260728_161633
0.0,0.0,0.0,-0.2764791646960018,-0.1879744106775031,-0.1242090124857639,-0.3976526453380091,-0.547921921052889,-0.1833486104555959,-0.1840556256275572,-0.7982902564787905,-0.2359552474496976,0.094182256649017,-0.8298157574787782,-0.2874551384469707,-0.3216237016627134,-0.9386468410979196,-0.145037288430559,-0.4816695913263111,-1.29049898214543,-0.247655699236521,-0.5864035614972746,-1.5210297261741423,-0.3297258318814681,-0.6579643798618465,-1.71303398867576,-0.3985136806511246,-0.0758025924013572,-0.9826079730551188,-0.1695155989097901,-0.046213397428314,-1.4335042984422002,-0.2564561131952905,-0.0197761013976329,-1.7166027764959808,-0.3243919998922729,-0.0006271831964377,-1.9372513154455693,-0.3777774547176991,0.1472726186727214,-0.9072045106869828,-0.2093176649493423,0.2487324498540699,-1.2976372977377315,-0.3312560153301153,0.3040182490460503,-1.552882655872129,-0.4297533752452321,0.3412249524358557,-1.7698938874592718,-0.4955618818462515,0.3498393239982538,-0.7487305007593369,-0.257278995159871,0.5544074511144006,-0.9545637975655136,-0.3800463321080685,0.7042305358577703,-1.0972422031305868,-0.4489879058766159,0.8237589555248834,-1.2261131069902238,-0.4951205005618306,Right,2026-07-28 16:21:56.862,sess_20260728_161633
0.0,0.0,0.0,-0.1829201473835432,-0.4284367178399242,-0.2061996349368538,-0.1848664817278904,-0.822325049864656,-0.2296685808105218,0.0784074927750689,-1.041460263717068,-0.2126987944906139,0.3055246836129666,-1.0887559807494986,-0.1710427169835435,-0.2342295953084218,-1.0167978174603949,-0.0149885317201197,-0.2146467461752444,-1.4819867720618431,-0.0179847199274714,-0.1951156078976704,-1.759980699919203,-0.0402643309848103,-0.1872958542652145,-1.98131760289288,-0.0605445956937364,-0.0362173147669384,-0.9960520793871614,0.0810466610020685,0.0218660822959703,-1.4540385246492915,0.1294942686895266,0.0618233544288682,-1.7084308570468707,0.1217032565213369,0.0778381545254162,-1.907716106660824,0.1033437733844656,0.1599904471545948,-0.9098436840942212,0.1447487765282513,0.2420638764053282,-1.286385618254118,0.1542342920387301,0.2857246142970542,-1.5295759784653735,0.0829736416075031,0.3089661361736708,-1.718428519724854,0.0207109259588559,0.3635316385415053,-0.7799612340671418,0.1866600358662338,0.5249864195235027,-0.9647851710777132,0.1806616414710001,0.6417720144565064,-1.092438001203662,0.1317745509611031,0.7296088693359382,-1.196853978995139,0.0884461288186807,Right,2026-07-28 15:05:55.214,sess_20260728_150120
0.0,0.0,0.0,-0.3131209196211372,-0.2018991932774607,-0.0824868976536638,-0.4791480931719902,-0.6467187122657047,-0.1291982984192955,-0.4402839857562998,-0.9941933108027996,-0.2046255076389311,-0.2022537150385899,-1.1655533405773744,-0.2647590213511838,-0.2714092418892913,-0.9734450754436904,0.0057302816522363,-0.4468204652431144,-1.3945579645769737,-0.1205173359582853,-0.5493163151908088,-1.6479664528198894,-0.1830392160342176,-0.6068075558378184,-1.850573781224693,-0.2190001965265315,0.001207174261399,-0.9978688417937934,-0.0652404575966163,0.0759609738138722,-1.5495269990768687,-0.2255621110709813,0.1159873312333203,-1.9025929334818352,-0.3174359341085341,0.1763977402321014,-2.1825435650178977,-0.349785260288688,0.2219859519753437,-0.907032983819281,-0.1581773246227471,-0.0157821229371984,-1.2543400247851364,-0.3973831306198545,-0.1966860800198786,-0.9854558730169832,-0.4204550814635975,-0.2266129027683335,-0.7507912054613556,-0.3559933963042122,0.3863111237798953,-0.7670134870258121,-0.2587992281183653,0.0203876851589951,-0.99057674289996,-0.4442025477990797,-0.2097293097053627,-0.8594007183533579,-0.452466216345763,-0.3090791403164681,-0.7106751646893368,-0.410290926881567,Backward,2026-07-28 16:19:20.091,sess_20260728_161633
0.0,0.0,0.0,-0.1920134864439862,-0.3249667213909543,-0.1783253323833977,-0.2322803970229553,-0.6733992510593378,-0.185888288247232,0.0030385066791306,-0.9168517748842042,-0.1832345145592755,0.2122857712597996,-1.0633864351435025,-0.1627452094219546,-0.3330348307358785,-1.001041249797162,0.0669335860744304,-0.396193314615061,-1.3914121035919491,0.0249562101925494,-0.4204677239470752,-1.624443589300558,-0.0182163386549994,-0.4433040701380494,-1.8206290712312323,-0.0400913661547227,-0.1070721610921443,-0.9881577174031948,0.1099084976494796,-0.0687856819546058,-1.4010637709450129,0.0634566070941654,-0.0007008129724147,-1.6512617465882429,0.0090001649872629,0.0619851299858751,-1.8532186518727216,-0.0079242461185264,0.0820982083764334,-0.8808627434910166,0.1151623572924741,0.1714629077811559,-1.0606448852655452,-0.0387349534381181,0.1313720891573932,-0.8481820063795648,-0.1021728936314875,0.0895376173881335,-0.6936837239268454,-0.0773853720841064,0.2310495307607161,-0.7449250863443108,0.1076102484772505,0.3002871862989806,-0.9116578874382828,-0.0116674618204506,0.2585700245272773,-0.791869906621838,-0.0223941841684531,0.2156218695344629,-0.6819004171160205,0.0125840899553061,Backward,2026-07-28 12:39:56.518,sess_20260728_123245
0.0,0.0,0.0,-0.2725736365001187,-0.2551124344273953,-0.0907374912543506,-0.421544059407704,-0.6003925180355755,-0.1437508897110928,-0.3373561435139027,-0.8630142151931588,-0.2210334177780226,-0.1531732962224958,-0.9956627275690838,-0.2900631144687232,-0.2395684605351403,-0.9978506942046368,-0.0083703059769655,-0.3607267757460582,-1.3792714256572427,-0.1279444594054439,-0.43184862527263,-1.6245088098285556,-0.2078638209303499,-0.4771092392176322,-1.831926999473478,-0.2551482484690071,-0.0128347643166515,-0.9978552964409776,-0.0641878196360083,0.0100225598656964,-1.47113944246816,-0.1895857020699034,-0.0006898593577101,-1.764011480396222,-0.2646550603061463,-0.0068359079441829,-1.987233194193242,-0.2943722359639849,0.189463596096901,-0.8895702297643889,-0.1427223791564322,0.070359782667652,-1.13433207596345,-0.3286424318059237,-0.0661395319431098,-0.9409451527348928,-0.3640401953885918,-0.1312818068805029,-0.751896234002081,-0.3291296340668324,0.354968743292459,-0.7196166244009055,-0.2310727599365825,0.1941650185657674,-0.911158526950204,-0.348529825756515,0.0192238585912617,-0.8516100322383838,-0.3362553837143597,-0.097630254756345,-0.752980457404859,-0.2969837670406994,Backward,2026-07-28 12:41:00.567,sess_20260728_123245
0.0,0.0,0.0,-0.2835681736872879,-0.057599150707225,-0.1794538617285304,-0.6250674724540181,-0.3131190264389195,-0.2662854378793283,-0.7397811026930853,-0.595416913310181,-0.3345517465457777,-0.5232041024332583,-0.6854144811349862,-0.355553089887282,-0.5366765579182572,-0.8420199688121791,-0.0896010050690713,-0.5726187158988493,-0.817583803003496,-0.2376829081389157,-0.5129397058214952,-0.5593059161299734,-0.2790083556945474,-0.4838828788495495,-0.5505563950125988,-0.3033673745378656,-0.3053321739607043,-0.9496136043712424,-0.0707549711150243,-0.3268349297968776,-0.7498913194546588,-0.2295542988821543,-0.2958243594920833,-0.4566583564753236,-0.2301981551914315,-0.3071963070291623,-0.5130018226756781,-0.2022599877374116,-0.0747187610650004,-0.9429355577042862,-0.0883149751384861,-0.0883066090164933,-0.6898895755288504,-0.2478884106717589,-0.0961888328263833,-0.4408924258085199,-0.2052866442915334,-0.118842376112639,-0.5041003462786495,-0.1520343044106269,0.1586295616631246,-0.8823072264109856,-0.12686019436707,0.1082149752217025,-0.654810664996563,-0.2234144699441752,0.0843397434295799,-0.4753133768247379,-0.2193058307658279,0.0627063083345149,-0.5284475292659137,-0.1986565257115626,Land,2026-07-28 16:29:14.202,sess_20260728_162716
0.0,0.0,0.0,-0.2223145008117476,-0.282503119157847,-0.1583936175065108,-0.3284197205415459,-0.6386199191052622,-0.2020143035952793,-0.1561262930129359,-0.9425540178408098,-0.2426648251085162,0.0102529980770364,-1.156483820427569,-0.2708137524775489,-0.3973384854674039,-1.05710772253128,0.0051742265707933,-0.4120301918783627,-1.4921205328475189,-0.1212526164334612,-0.4025438467290176,-1.7714224972511634,-0.2250325274556865,-0.3790663886741772,-2.014642380999078,-0.303096469402445,-0.128180581699094,-0.9916428351033773,0.0146364634874026,0.0158516856232919,-1.2459153995671337,-0.1966725243238296,-0.0032222149828484,-0.9492776852266124,-0.2752356050529326,-0.0580833530436741,-0.7279411971911983,-0.2685547399303856,0.110250751499475,-0.8695944162387602,-0.0038019528276252,0.2356350196741674,-1.068908420145148,-0.2325906495844259,0.1326777738334292,-0.7805808599109546,-0.2057303544252016,0.0354261833189761,-0.5853514797748499,-0.1157715309463584,0.2999611396308196,-0.71533733215249,-0.035903326825708,0.37255271752509,-0.8700971345024123,-0.2080739866680401,0.2705948477142041,-0.6770386245536519,-0.1764117510479124,0.1857016720916491,-0.5206997595925834,-0.1031256022675216,Forward,2026-07-28 15:03:19.536,sess_20260728_150120
0.0,0.0,0.0,-0.3158735756996935,-0.5710905410289225,-0.2751404325519064,-0.4026468837206625,-1.1679542493005517,-0.4174595431580908,-0.4029449326378508,-1.5920356026064957,-0.5123719950943985,-0.3499567381309751,-1.9626274435569384,-0.5705312630496127,0.094461292752858,-1.2353156700526997,-0.3780466059069807,-0.6254289874485148,-1.0833684612002878,-0.6020963314635456,-0.6678066620077385,-0.923097386917484,-0.719261651012977,-0.507223668565929,-0.9243121620496604,-0.788685598227594,0.2103330778512673,-0.9117658294378462,-0.3527648914378091,-0.6262933508126117,-0.7613100479051744,-0.5565675852623383,-0.5778492195590589,-0.6389558063791745,-0.5916902631811294,-0.3775092746126963,-0.6357394155751448,-0.6207273993829362,0.234046245380983,-0.5684631516564792,-0.3530866487915918,-0.5520028303421082,-0.447069935102279,-0.5642552474304641,-0.4891008536160727,-0.3560228722615409,-0.5136211232673548,-0.2899348257252158,-0.3656118327711676,-0.4625846008096649,0.188240470667822,-0.2482188369655507,-0.3818681800913835,-0.4031393310658004,-0.168267322451049,-0.5454566076360959,-0.3417307170420839,-0.1229165776864958,-0.5372309091109678,-0.1339110560335991,-0.135127551505846,-0.5066581543538642,Up,2026-07-28 12:57:44.698,sess_20260728_125637
0.0,0.0,0.0,-0.356713078964065,-0.3161258094584872,-0.1221316345464605,-0.516908746868545,-0.7815914260956586,-0.1545082207200629,-0.5320440871297638,-1.2075866879711752,-0.2070293287670875,-0.5497608608849772,-1.5196937916075586,-0.2256992794691861,-0.3135188265515099,-0.9844243503540208,0.0950409979189732,-0.2584941588670348,-1.220679677924501,-0.050928944214951,-0.2417714552612199,-0.9705807167617048,-0.1224520864089231,-0.2562680601978772,-0.8337227877468548,-0.1331406385479516,-0.0707726281876125,-0.9923431599261548,0.1012239499683349,-0.0227015490785393,-1.1788106952473496,-0.0736451417807308,-0.0704446340630149,-0.8536847043831169,-0.1334436017900885,-0.122295612119341,-0.7313478926568633,-0.122031192827434,0.1785739923272134,-0.965834936869783,0.0677162955245218,0.2564483202629047,-1.194422046527566,-0.1226687025343985,0.1884638778300638,-0.9048565960124592,-0.1169413561495239,0.1051177329936762,-0.7395829115690088,-0.0440108396259375,0.3997303710512766,-0.9115720376609472,0.0246534184174334,0.5118268649202306,-1.2283178210669348,-0.0525476845485075,0.5771175884315413,-1.4075140500202892,-0.042006742728811,0.6226008231238048,-1.6031327062682073,-0.0041561060695589,Hover,2026-07-28 14:58:43.240,sess_20260728_144941
0.0,0.0,0.0,-0.392024184331521,-0.1333707048184916,-0.1304308158423877,-0.66701068865391,-0.4489581191804022,-0.2138301001925208,-0.8349096286517493,-0.7095108329720204,-0.2893005323514417,-1.0208229227779555,-0.887051409329111,-0.3706405782722955,-0.3908361879411408,-0.910233962116293,-0.1727057185797945,-0.5850170009767814,-1.275340302917239,-0.3129710313786529,-0.6997043298178467,-1.5215337136005118,-0.4241417787830727,-0.7944062152384386,-1.7379286454351812,-0.5031979906090921,-0.1589967180517719,-0.9651009684895026,-0.2080869151806268,-0.1880967310702,-1.4355942399640007,-0.3376382871639315,-0.2325285760434277,-1.7558636373098129,-0.4428394867645521,-0.2730749854688974,-2.0247699595318096,-0.512826123685613,0.0489832799746324,-0.9068790057117488,-0.2593283632632436,0.0723604360277315,-1.3544641774018489,-0.390819308754232,0.0430679646691629,-1.6397929288394404,-0.4934752370568335,0.0041580361146436,-1.8763901365912763,-0.5564026307570922,0.2313914728919296,-0.7667848360531254,-0.3192918351525335,0.3435412570426031,-1.0808879617776008,-0.4262615504301507,0.3947882136846008,-1.2921383866336245,-0.4815281954741988,0.4242828930459308,-1.4806173044785715,-0.5147842459264332,Takeoff,2026-07-28 15:09:55.743,sess_20260728_150914
0.0,0.0,0.0,-0.3041157466593532,-0.3855877567408819,-0.0146432204168724,-0.3364344737853416,-0.8689433868909475,-0.0100042172237155,-0.2600431360573628,-1.2355819208277374,-0.0556480852102224,-0.2446696009752879,-1.5194556407987836,-0.0891113886018976,-0.0142746870678399,-0.9955049889415266,0.2044160779550481,-0.0433390073959929,-1.2469417899283153,0.0765313093330949,-0.1294919879654532,-1.0806164115439636,-0.0209690976548143,-0.1572208274756711,-0.9180944280620316,-0.0533711327604606,0.1371673182543118,-0.9812978044945316,0.1350546026506772,0.1013000954214684,-1.2596157598654412,-0.0664572589212944,-0.0310970376264641,-0.9921626543755796,-0.1747603412994766,-0.0619415838999276,-0.7756884746790683,-0.1812529434723676,0.3164990318786705,-0.939896695217262,0.0366314717318528,0.3192689641468251,-1.2982456084096932,-0.1556230057950748,0.1711834083297886,-1.0665315288934074,-0.1814540605982492,0.1127435747793535,-0.8271706395682877,-0.1205084932292644,0.5035974492657378,-0.8782545140858056,-0.0675376537282934,0.5903122459286146,-1.3071197536937182,-0.1499804965908448,0.6197889715676372,-1.5793828983358456,-0.1477265795142326,0.6824240971550412,-1.775442890600726,-0.112230569202878,Hover,2026-07-28 14:58:58.311,sess_20260728_144941
0.0,0.0,0.0,-0.0467517480880934,0.33910804745538,-0.2805208996999019,-0.1956485831117826,0.6820729995421929,-0.4971266635968185,-0.2709120151082398,0.945269841270487,-0.6731365078163809,-0.3244910782396051,1.1840729047897858,-0.823968388388339,-0.8715598658045087,0.4179378271452723,-0.4345816681350367,-0.4704710671821224,0.4361691609756912,-0.6581419055223474,-0.2570211199434744,0.3903944844812909,-0.7871506865221978,-0.3173394670958949,0.3659509614694522,-0.8781393873911998,-0.911919543138926,0.0776417246545231,-0.4029572054622722,-0.4519282599518152,0.1200095642126866,-0.5699556922526605,-0.2122202411617755,0.1407047663126445,-0.5988566497050305,-0.2798440718645079,0.132883737447306,-0.6358218126274984,-0.8425549171600885,-0.2208370504609013,-0.3922986311886676,-0.3983316451806898,-0.1591638167542518,-0.5555656211778262,-0.1826543675741406,-0.0947921321109068,-0.5262184610286529,-0.2494811901377139,-0.079933304936883,-0.5157216255701436,-0.7025958681844026,-0.4780897065433875,-0.4130390310345363,-0.3663541944782417,-0.419622648150536,-0.5369536986821423,-0.2003673369142347,-0.3048486562312693,-0.5381315228394129,-0.2448586520599572,-0.245894562570359,-0.536746171003735,Down,2026-07-28 15:07:40.079,sess_20260728_150120
0.0,0.0,0.0,-0.3164011425769151,-0.2626393037336376,-0.1990826081771206,-0.5337332817134758,-0.6993240810811534,-0.3217438726931635,-0.5535479349328017,-1.1189202500161275,-0.4319927959384517,-0.3637274361088696,-1.3644272531104045,-0.494934265070144,-0.2933729793582028,-1.0806781337195708,-0.129244094588322,-0.2036157485507909,-1.4129717148512602,-0.3465761290614473,-0.2283985276587388,-1.1018320983167589,-0.4287140520742838,-0.2647398037320522,-0.8542214743507234,-0.4445885265776129,-0.0300025539545245,-0.9932489221892568,-0.1120554564761823,0.0416519368411839,-1.3220167156899778,-0.33117949071467,-0.0428462417868307,-0.9409689653524708,-0.3549946849076026,-0.0985917381752681,-0.7341361292157768,-0.3159239386787122,0.212802610131101,-0.8638684744521574,-0.1334421164346732,0.2681924791960162,-1.1299669998718955,-0.3603940622091987,0.1239177014828423,-0.7673452663532406,-0.2847543113014411,0.0379355095201984,-0.5791488395701194,-0.1723611197120566,0.4291059267281228,-0.6874770936285985,-0.1714768659212762,0.4441383363199657,-0.8944642988175405,-0.3197049147947206,0.2959501356708073,-0.6600164529535469,-0.2661653620583598,0.2044307532068165,-0.5190438637140539,-0.1866612658509279,Land,2026-07-28 15:10:13.870,sess_20260728_150914
0.0,0.0,0.0,-0.4115053273427973,-0.2384406374693619,-0.1062365095067162,-0.6702388148932615,-0.6461680200020853,-0.1756502042197474,-0.7520485799152579,-1.0028870638832634,-0.2607472389941954,-0.7338465709822818,-1.3146615743162644,-0.3137693087629184,-0.3113336750450369,-1.0521920472690969,0.0115144656228978,-0.4514090557554298,-1.3517732601848604,-0.2265680103770261,-0.4989498467200996,-1.0117102382492786,-0.3519955908802376,-0.449912291557461,-0.7854269916123979,-0.3982062816724501,-0.0744012034223577,-0.996778077519693,-0.0299653984697317,-0.2451993476357684,-1.280835988254823,-0.271863506142614,-0.3049742778444123,-0.8601640331502343,-0.3100073177523509,-0.2294235499882782,-0.6634547913649714,-0.2704975843723313,0.1653514745184202,-0.8983523239529952,-0.1132618927498072,-0.0214846201759717,-1.1492954648457636,-0.351613103855002,-0.1011853779901371,-0.7303790658388719,-0.2711411393726916,-0.0264383812814088,-0.5454590437369453,-0.149115929967438,0.4197277028911297,-0.7479224593847535,-0.2080819174541707,0.1963734036697842,-0.9462517563305716,-0.35099935055212,0.0818119347387292,-0.6687409871086589,-0.2823765707675575,0.1251256069861521,-0.5133706349961696,-0.1866944027378619,Land,2026-07-28 15:10:48.960,sess_20260728_150914
0.0,0.0,0.0,-0.2903974783750824,-0.1908080249447274,-0.130103008878797,-0.4294277948636833,-0.588543240895451,-0.1682025520830369,-0.2513017885393307,-0.9472028406916948,-0.2020871221019068,0.0296541593100607,-1.0927276987870853,-0.2213332148949613,-0.4224223937510892,-0.9402066922915618,-0.0585159879649474,-0.5789012872083118,-1.3623869472623098,-0.157062580327784,-0.6738083976563806,-1.6196862185585004,-0.232731752915815,-0.7244326535675524,-1.83563896009352,-0.2908484123456705,-0.1707305798576725,-0.983571646387178,-0.0586334846711222,-0.1718901486023898,-1.471618197554169,-0.1390969002327673,-0.1659864475752215,-1.7666296429347057,-0.1958368364215299,-0.1330582394846005,-2.000391346747429,-0.232575731012258,0.0708425304183993,-0.9123615166804886,-0.0778069475919969,0.1528287768040856,-1.272519507005729,-0.2340088820771213,0.0695302135052543,-1.0569271507797928,-0.2404571797248093,0.0199753515987115,-0.8542022594875436,-0.1982730638506486,0.3071254415511728,-0.7579067716933858,-0.1072765476337433,0.3449288881550513,-0.9980328518359026,-0.2669963898609525,0.2381121253386678,-0.8363142570898311,-0.261858782060447,0.1658779242358458,-0.6519541181255,-0.2176880186461205,Backward,2026-07-28 16:31:12.910,sess_20260728_163042
0.0,0.0,0.0,-0.1736132661941036,-0.2725643507489806,-0.1866526862529118,-0.1559302010964927,-0.6595088409598768,-0.1753161023004366,0.127427440819124,-0.8843071233372949,-0.1252704680935593,0.3838074331307818,-0.9367038419960146,-0.0686840880041595,-0.1605853029873505,-1.0304585423910388,-0.0052797209839738,-0.186166886883438,-1.438964884415875,-0.0163763870124771,-0.1939754089047954,-1.6757519833287036,-0.0551126518785553,-0.1871923666888337,-1.881768923823276,-0.096277101031006,0.0434349734727088,-0.9984986228603938,0.0333751887683357,0.0687605128190174,-1.437137894057232,0.0473352037600229,0.0976874108001228,-1.6815396221415404,0.0048531172151949,0.1340983589511957,-1.891689023119352,-0.0364537045666579,0.2242877737997727,-0.8940238931379585,0.0397370189893211,0.3596717478687392,-1.2645224020491217,-0.0496486772239253,0.4276042531495106,-1.4958090987636894,-0.1835939463578446,0.5050288152037796,-1.714561512939378,-0.2767302907976842,0.3805712680295839,-0.7070801332487284,0.0351998315870795,0.4356836952209971,-0.9366575420011743,-0.0882351556797383,0.3437367400060375,-0.8392937663055469,-0.1298540397464047,0.2601687822508677,-0.6990460614533102,-0.1507762218023143,Left,2026-07-28 15:04:49.752,sess_20260728_150120
0.0,0.0,0.0,-0.343245472051068,-0.2553619694893093,-0.1211109226045423,-0.5972145110750463,-0.6209019415949788,-0.1890881673608208,-0.6876707215069361,-0.9201018594212378,-0.261768315435289,-0.506153658821949,-0.9878929714540812,-0.2895114668341224,-0.2128284919173207,-1.0075644850096557,0.0036157069921368,-0.46417407234247,-1.1103474573175076,-0.1529745094379257,-0.4689094694048334,-0.8120423456531625,-0.2043362533043357,-0.3866796570324934,-0.7480688686679041,-0.2249906786473426,0.0035413386385577,-0.999923431691913,-0.0118570516620055,-0.3011555322429089,-0.9966382662083292,-0.19230225231799,-0.2970332157857109,-0.6542649395286866,-0.1787695114982257,-0.1840096316137556,-0.6465315906996841,-0.1231096161281102,0.2020289729003133,-0.9282364340693297,-0.0673095292465263,-0.0967397407694393,-0.8749082765033025,-0.2363166774621153,-0.1207107262328525,-0.5714006840351479,-0.1501130387733751,-0.0141568567577977,-0.5676724528875364,-0.0482735874257393,0.3788551339292605,-0.8089593569097169,-0.1416281513191986,0.1101651969092353,-0.7814947148877319,-0.2102375303335824,0.0607808430628352,-0.5878119943841608,-0.1542238773041407,0.1457606957933726,-0.5791952878134391,-0.0889008956587613,Land,2026-07-28 16:29:20.591,sess_20260728_162716
0.0,0.0,0.0,-0.2882192303782794,-0.1660829900867141,-0.159393802660185,-0.4525182273422279,-0.5670715744350986,-0.2507197402845223,-0.340009560935313,-0.8944184078801886,-0.3559072691292322,-0.1201634506484381,-1.0944776252506183,-0.4465496010027193,-0.1941347118744535,-1.0195958218268342,-0.0865286478531173,-0.2139115454823667,-1.500231447754977,-0.2474673988283301,-0.2138504905286518,-1.7987216593736584,-0.3380019718156327,-0.1961263772857139,-2.038205132315017,-0.3906490136761292,0.0439908709321845,-0.991295064184629,-0.1240923003164191,0.1142478004510924,-1.543330729935584,-0.3074401418369487,0.1547779585360666,-1.882205608636304,-0.4028801230361779,0.2018137316701231,-2.1360672901433526,-0.4323835700528972,0.2440815479161697,-0.8657141904038927,-0.1884100140570865,0.1413857175626201,-1.227493143656048,-0.4537583578342792,-0.0543318401029899,-0.9465312188956796,-0.4687542623184695,-0.1360083763083334,-0.6877716251093162,-0.3934676008555476,0.4159195499759517,-0.6747168952985814,-0.2659779053125803,0.2464117343048978,-0.9229301391283604,-0.4705312255769716,0.0277028696285362,-0.7806528328141626,-0.4665109976768241,-0.0982714435167879,-0.6141510026378418,-0.4090028240975531,Backward,2026-07-28 14:54:55.469,sess_20260728_144941
0.0,0.0,0.0,-0.2929743533373229,-0.2571212423648135,-0.1498083994857651,-0.3953987749646264,-0.6710324958298879,-0.2069167453756241,-0.1543644616026267,-0.9968525954374252,-0.2735342315439332,0.1424062546169703,-1.1441732093164605,-0.3307231185084168,-0.3416772900263284,-0.99066892302989,-0.0530834375494154,-0.4540018313761771,-1.4590818464946087,-0.1949086098322891,-0.525940555340722,-1.754056553699253,-0.276439909288443,-0.5660889413350607,-1.9964404692112168,-0.3223297806660299,-0.0645073977708916,-0.9947248994746036,-0.0797569432593045,-0.0037479654172394,-1.535179764954296,-0.2235456064869129,0.0057285271113599,-1.882127150548184,-0.2983000658390726,0.0526441932165996,-2.156976429167674,-0.3221092286378702,0.1732342448449357,-0.8659062331661244,-0.1341465260743025,0.1377856410801855,-1.1575208268608213,-0.3706292931152439,-0.0268829993280692,-0.8804468332861013,-0.3845333321326117,-0.070278347351603,-0.6462210275052173,-0.3115681412533995,0.3588479338712002,-0.6726278196773279,-0.2001553469010988,0.2536367742572074,-0.9221481206585286,-0.3906100521174157,0.1212810598791092,-0.7776900525239144,-0.3776093951036393,0.0960422299881909,-0.626074387685388,-0.3140863031841246,Backward,2026-07-28 15:13:09.328,sess_20260728_150914
0.0,0.0,0.0,-0.3974211986600841,-0.1736262929511657,-0.2144625701882133,-0.7111541082135997,-0.5403708460309001,-0.3533407526092589,-0.8007838417276824,-0.9120842419307248,-0.4738456995308647,-0.7242956226340548,-1.2038981775712656,-0.546631526595227,-0.4370790583688393,-1.0173091202201203,-0.1833505025100167,-0.5064663864276763,-1.3205726212865698,-0.4444876126808882,-0.5101752244908903,-0.9641752119197488,-0.5421811247939323,-0.4661065386311301,-0.7403757490147364,-0.567373964395573,-0.1506012995388055,-0.9737479021306664,-0.1706876435871948,-0.2270907178945631,-1.2398332278129924,-0.4308361420212072,-0.2702224202521603,-0.8007557190307341,-0.4494653000591873,-0.2393833945794096,-0.6456833304188914,-0.4046547206642607,0.125927680476345,-0.8832003133453942,-0.1995130631713585,0.0496171920303822,-1.1213608802939572,-0.4685052053766897,-0.0459625606154439,-0.678079837819863,-0.3693038909691597,-0.0293436657228633,-0.5143774389943832,-0.2401954675085427,0.3991165955332542,-0.7381772616780345,-0.2447656156335172,0.2678667096502165,-0.932422348503944,-0.4332231233831906,0.1457186237027551,-0.6120957158704116,-0.3695980399880935,0.1414589645432356,-0.4672321660663409,-0.2756821436214186,Land,2026-07-28 15:10:07.248,sess_20260728_150914
0.0,0.0,0.0,-0.2864753037586154,-0.2134578257880218,-0.0831295039533282,-0.4696102896108938,-0.548744492901004,-0.1417062264526161,-0.5524305179318341,-0.8377974103936227,-0.2202208659668297,-0.5406034077197596,-1.0962452183415414,-0.2900926898089993,-0.0635188200963699,-1.003029691040278,-0.006240100801431,-0.1213687255461991,-1.3695170756083808,-0.1572991664250999,-0.194737612863781,-1.6305306000885766,-0.2554790730826785,-0.2384732220576727,-1.84475385784366,-0.3257887139483739,0.0948272242231154,-0.9943273298735944,-0.0481763283427384,-0.3254346963394939,-1.1484737299677252,-0.2966835016213042,-0.4477236534432156,-0.8197819197156347,-0.3653537760731331,-0.411012492068548,-0.5840831251005222,-0.3512182348141129,0.2408767287424136,-0.936072783597053,-0.1127662237675178,-0.2224862382660145,-1.0100645404130113,-0.3384961491041806,-0.2734405255953124,-0.6709278028533966,-0.3043946899161721,-0.1898705696135892,-0.4629368432345989,-0.2221602288202248,0.3668230896088124,-0.8153743803881155,-0.1908771147451488,-0.0362120907582541,-0.9005805075352417,-0.3421391402567665,-0.0948628478442842,-0.6695031299426814,-0.3173107679982521,-0.0163045371017342,-0.5060066170358801,-0.2541213304296745,Forward,2026-07-28 12:39:05.558,sess_20260728_123245
0.0,0.0,0.0,-0.0866579660033723,-0.4870204429311026,-0.0536583304486038,-0.3437089644348003,-0.9538539745759906,-0.0976564600307077,-0.5724280182767854,-1.3050991402207204,-0.1305370099425586,-0.650783172136625,-1.5973586332039251,-0.1654032983533991,-0.6403352462405745,-0.9358446374445152,-0.1481636485768438,-1.1093440239375831,-0.7071627002099878,-0.1834763257207901,-1.0303161149382674,-0.633535789733516,-0.1836225638238293,-0.9082973964718803,-0.6716900657868586,-0.1843702007210931,-0.6869413995222399,-0.7092301883694891,-0.1584425874814133,-1.1358343728387192,-0.4276852222907413,-0.1634629079675535,-0.974123234177676,-0.3933112527518052,-0.1547611588110676,-0.8153955257633979,-0.425464877565043,-0.1736204196912733,-0.7127626517308714,-0.4505616907560718,-0.1638855916272134,-1.0855367800454494,-0.2092632998123575,-0.1742162476685184,-0.9304625298114884,-0.1987084807475174,-0.1640789072910559,-0.7800140199284715,-0.2361621974643995,-0.1781006037406593,-0.7219844657536805,-0.1967672422671464,-0.172272714344138,-1.0033438487951396,-0.0444795313156587,-0.1882656817978887,-0.8782383988429519,-0.022933540238088,-0.1734063839141278,-0.74701057114233,-0.032575077904371,-0.1624885305045699,Up,2026-07-28 14:57:29.177,sess_20260728_144941
0.0,0.0,0.0,-0.1398179551151729,-0.5217737594034229,-0.1768962469392841,0.0018322778008983,-0.98672772247061,-0.254441471293048,0.1649066794149213,-1.292852197112582,-0.3084345141853614,0.2742692798845632,-1.5752921905686077,-0.3292199593124568,0.54249994746295,-1.020180053759469,-0.1535279956415636,0.0404709260233906,-1.070168907109863,-0.3359225862422108,-0.1129082750194751,-0.8883639256419372,-0.4496756872559638,-0.0271021541798292,-0.810983053818346,-0.5212797681378223,0.6351183509469476,-0.7562478692266386,-0.1572063630410643,0.0206783840386318,-0.801379058287055,-0.3124695509490974,-0.1011482762124503,-0.6284148853501604,-0.3532659846147692,0.0209545151593301,-0.5600662478079402,-0.3746162719887602,0.6100786886686446,-0.4688888839538288,-0.1894495723430762,0.0310797422517875,-0.5298589289374935,-0.3518096655198711,-0.0611008770408521,-0.4007784278490523,-0.3193568418762357,0.0558573210821992,-0.3630046550046016,-0.2821886914631725,0.5210428610839434,-0.2130094754409096,-0.2426302613803053,0.0606159178288739,-0.2629787249494015,-0.3628188214570318,0.0016909624057953,-0.1974012529518058,-0.3514840006275212,0.1195090039046888,-0.1692312659718877,-0.3202653017316617,Up,2026-07-28 12:57:50.216,sess_20260728_125637
0.0,0.0,0.0,-0.2964634533527566,-0.1038825330157705,-0.2622444288673853,-0.573523397759737,-0.3212058564896914,-0.4392932426214005,-0.6637423030500682,-0.5393827508391352,-0.574477997650567,-0.5068385701438354,-0.6763396906658864,-0.6610470457352537,-0.3501423538483724,-0.9294661232146464,-0.3254901098090373,-0.3424533693321877,-0.8263696828839582,-0.4822682386986495,-0.3239046311879153,-0.5505897065789155,-0.518669263831254,-0.3208902759567828,-0.4869836772776947,-0.5406661304486606,-0.0721509845448896,-0.9583086028435502,-0.2764757803954007,-0.1253235162766749,-0.7512213538233087,-0.4308167184505687,-0.15784475721058,-0.4532198071150141,-0.432030443579987,-0.1521997407265954,-0.4556540334264473,-0.4258301789944311,0.170789417521972,-0.8770342281484415,-0.2507403149876934,0.1195953519806199,-0.6344506276011175,-0.4127716315907,0.043889904345547,-0.3906786768296716,-0.3658237864673708,0.0298890268356662,-0.4222291070613571,-0.3242540801731554,0.3892511884159962,-0.7318520780599216,-0.2478768857405671,0.3314588004909808,-0.525408483452472,-0.3527037957950428,0.2299324985979018,-0.3486150598266601,-0.3345710437547061,0.1970620086197489,-0.3772653395470176,-0.3106076043308509,Land,2026-07-28 15:10:57.535,sess_20260728_150914
0.0,0.0,0.0,-0.3349530496811405,-0.2431475517975956,-0.1731339965865694,-0.4950058843552442,-0.5961891889364419,-0.1723816031425013,-0.3487174891914943,-0.929003303570606,-0.1642278407856237,-0.1682636388787628,-1.1442839722789968,-0.1441132181812037,-0.6369227309433189,-0.8537088455599101,0.0856614374527158,-0.8668405281760037,-1.1938070357395263,0.0370246308868004,-0.9968883257747432,-1.3997879061993486,-0.0162495915599142,-1.0989940631806547,-1.569746544683304,-0.0450490566879239,-0.3923230406382736,-0.9108721482983811,0.1280412481922582,-0.4562681968169548,-1.3319929012543548,0.0970396141268038,-0.4789813477386981,-1.587062467727929,0.0525009940037184,-0.4948171605353699,-1.7946501755532405,0.0386874758046925,-0.1645111298167517,-0.8560438268719188,0.1322153714423963,-0.1834007927747516,-1.0901446441256089,-0.0108824703737163,-0.1977191020368627,-0.8396388160049589,-0.055740171383848,-0.1940276133511689,-0.6739297341603452,-0.0245544296899877,0.027843548897301,-0.7499857264674815,0.1235333190755137,-0.0140487456476916,-0.939917261629822,0.000611471107302,-0.0354544983946101,-0.7729541866437365,0.0035878875552155,-0.0286239262859481,-0.6447258702178771,0.0476632711101104,Backward,2026-07-28 15:13:30.409,sess_20260728_150914
0.0,0.0,0.0,-0.3558466293587284,-0.3317160323304715,-0.1693270012231291,-0.592742094344829,-0.7057878242573428,-0.2916754153333267,-0.5647596124314854,-1.0817378571647296,-0.4218406408894762,-0.3054567534723962,-1.277317120941432,-0.5119534433809996,-0.2926131266477582,-1.057746081526308,-0.0024010587172726,-0.2808097121026787,-1.3707542478031138,-0.2459772348902556,-0.3470358194896786,-1.0797417193562002,-0.375124725723491,-0.3548847534074896,-0.8669870521222446,-0.4251041532518405,-0.0503922298995372,-0.9987110921448512,-0.0060644531980093,-0.0595518260584515,-1.3214776566895765,-0.2616869872230998,-0.1587148284841154,-0.9322633151810532,-0.318700369680935,-0.1637358732609866,-0.7450026109565462,-0.2945682360051693,0.1919869088474599,-0.9030895718075008,-0.057908883447718,0.1680310319104137,-1.2038640622367696,-0.3110747400713144,0.0335529272165443,-0.8266786955108373,-0.2539506862982194,0.0160293913619837,-0.6387000826480809,-0.1462630991229863,0.4277062826806725,-0.7522570257615997,-0.1259653995746943,0.3419541588727804,-0.9947677930803062,-0.2708377067905539,0.2155800061939233,-0.7474798829084621,-0.2211174659244561,0.2088653143053569,-0.59892477924908,-0.1432238555603339,Land,2026-07-28 15:02:53.123,sess_20260728_150120
0.0,0.0,0.0,-0.235120407208482,-0.3533662146281169,-0.1124965603374851,-0.3199578020163077,-0.6585028985925047,-0.2081895918182362,-0.3625221581149294,-0.8861129893446953,-0.3085199232912645,-0.3500934396552098,-1.0960885949904453,-0.3753648377170344,0.3592394024580564,-0.8975383032005652,-0.0319071539975291,-0.0074244430467242,-1.1597416422155555,-0.2044987521809443,-0.1525447737334231,-0.916340330693699,-0.332985643069709,-0.1185701302391971,-0.7498282320713717,-0.411164686439176,0.4493278228557351,-0.8915688660024802,-0.0566521383777929,-0.0387175435697008,-1.1416779876985852,-0.2149213408112047,-0.1414466484380561,-0.8543496108514882,-0.2679920714056068,-0.039268556379536,-0.7004724652179561,-0.2860021168032558,0.4696342655240717,-0.8599390903283005,-0.1093890348572693,-0.0354500059854094,-1.0458101583727846,-0.2261658906458424,-0.1203077574357791,-0.7751684969299887,-0.1901365232494821,-0.0132855750009822,-0.641719242089486,-0.1566531813939393,0.4336000436613765,-0.8082494245253357,-0.1861171115905436,0.0077246541149235,-0.9033180085846466,-0.2642951667734793,-0.046681141187885,-0.6946152860098231,-0.248129275080483,0.0538927288557742,-0.5702754310705104,-0.2177476531092849,Land,2026-07-28 15:02:35.903,sess_20260728_150120
0.0,0.0,0.0,-0.346753002891598,-0.1625658063141527,-0.1082292020636808,-0.5092375927994509,-0.5430667409211546,-0.1368500337691799,-0.5080859914973727,-0.8474673110845564,-0.1635389616460447,-0.5531451939633972,-1.0819704383274031,-0.1890918214132931,-0.2455983386830834,-0.9515910340807532,-0.0537388045147504,-0.3322549127884985,-1.3263383262647694,-0.144444932747648,-0.3809965174141136,-1.5622105934717416,-0.2283711784400009,-0.4163860856699713,-1.764938356506656,-0.2925991540471964,-0.0550984526891972,-0.9958121098620936,-0.0729547967118153,-0.0777962192225034,-1.420935024551114,-0.1540384265769089,-0.0901090850165722,-1.692951107459335,-0.2313779791869858,-0.094973932960415,-1.911551278292295,-0.2902224091734919,0.1126936811476573,-0.9565608420250872,-0.1139019886723343,0.1492253828549499,-1.360545522703958,-0.2018596618113238,0.1589340719490206,-1.619892142099739,-0.280063997173863,0.1604551413289383,-1.832017560541574,-0.3339058145929076,0.2739388702322317,-0.8544389037317067,-0.1674839117420298,0.3454752868602472,-1.172037213886413,-0.248451786962466,0.378075167717564,-1.3951539193141576,-0.3024202183919693,0.3948418435959053,-1.5956043683990184,-0.3411234604054097,Takeoff,2026-07-28 14:51:05.113,sess_20260728_144941
0.0,0.0,0.0,-0.3394265254125643,-0.3486140779986706,-0.0607385134888791,-0.4601983961741733,-0.8289274791984107,-0.0709292725785133,-0.4492949450669278,-1.2052874907020517,-0.1234042901683705,-0.4690389131043188,-1.4873420972097644,-0.1472344161590796,-0.1162402618536372,-1.011922843073781,0.1462039041788556,-0.1303962475940277,-1.2496338472673916,-0.0136535815558583,-0.1710528518154476,-0.9881036849049653,-0.10238802528152,-0.1392654874299387,-0.8133052087919167,-0.1243552150814385,0.0845926560452226,-0.9911637367230351,0.1021691222847899,0.0746362738993122,-1.210952119876355,-0.1038676483929037,-0.0197274425299643,-0.9070496908500468,-0.1751682781279707,-0.0068379402015992,-0.76440355675796,-0.1644345872630883,0.2996203552804795,-0.9423537619088506,0.0188890304880384,0.3386207101932814,-1.239336724896921,-0.1847538987108293,0.2042195452208386,-0.9721390217231684,-0.1791608997419313,0.1563682859160802,-0.7835605545101332,-0.1002103076840854,0.5110783875257837,-0.877970621053097,-0.0757249059774613,0.6114297674531095,-1.2581089144047295,-0.1675361889284028,0.6288259330425212,-1.508512570656096,-0.1659657345458417,0.6677216264082872,-1.7345408673743998,-0.1306376523182115,Hover,2026-07-28 14:58:49.783,sess_20260728_144941
0.0,0.0,0.0,-0.3189865143630459,-0.2567960297829635,-0.15480200617749,-0.5303703478499975,-0.6704296690426162,-0.2439284601685712,-0.4735873892088373,-1.0454297609048402,-0.3403014365398012,-0.227050515599592,-1.2219855522744596,-0.4262920974049968,-0.3122645942413333,-1.06179636035105,-0.0375410194931482,-0.2922909244610602,-1.523021229267424,-0.1894018017976785,-0.260845306721384,-1.7962985200896842,-0.2808536146618912,-0.2151638687039633,-2.0345829080226454,-0.3492845425529731,-0.068633021264358,-0.9959761602353612,-0.0576280889406555,-0.0798268824440812,-1.2899058748645005,-0.3304326206601583,-0.163585416444337,-0.9433987257923452,-0.3845398565558535,-0.2087860722891286,-0.6766614062229612,-0.3426395188671736,0.1611865995938089,-0.8743681863070425,-0.1065810292109979,0.1347379303761285,-1.1171726305626417,-0.3736452454627733,0.0168715550241663,-0.7684608854482808,-0.309426880769088,-0.0306923522012459,-0.5297417466930657,-0.1829358095007621,0.3810975323463039,-0.7033205044709273,-0.1702938710389578,0.3182874305951777,-0.9076404243527464,-0.3425908015828733,0.2092046148894196,-0.6846043611689572,-0.2925283274780518,0.1820504712334971,-0.5110154153658616,-0.2057814141306641,Forward,2026-07-28 15:03:34.746,sess_20260728_150120
0.0,0.0,0.0,-0.3313844680336616,-0.1643632362396006,-0.1569653845376542,-0.5672363044050286,-0.5411226151118741,-0.2585018221823767,-0.5426503265437227,-0.8502558571100371,-0.3598271599730568,-0.334970292809256,-0.9992667265228932,-0.4487629044945357,-0.3306240328862945,-1.02198058445575,-0.1554369783028174,-0.3206216490685079,-1.4506997893175009,-0.3390756929107288,-0.3067845941125922,-1.7046741185830876,-0.4515638691254093,-0.2668165332352013,-1.9202496796896555,-0.5346175718881384,-0.0455762968124155,-0.9852150308900148,-0.1651488543019708,-0.1220151010030198,-1.0499413807697793,-0.4223222302258686,-0.1873701941407002,-0.6842488238931788,-0.4611764150204454,-0.1892848573905793,-0.4835394813071668,-0.4364990705661943,0.2098527361248778,-0.8853354979481541,-0.2006019784694244,0.1276596804789644,-0.9316448653594792,-0.4339315062929642,0.011377879948841,-0.6114381740140639,-0.3515345526932129,-0.0049822718890614,-0.4556449585089326,-0.2437026521501798,0.4431853237538847,-0.7372496785444792,-0.2544802757636201,0.3557224546745723,-0.8144230498327371,-0.4048160810285448,0.2024117167998113,-0.5833520993766278,-0.3491296257655997,0.1653368155651867,-0.4606545949464514,-0.273928719991199,Forward,2026-07-28 12:39:27.014,sess_20260728_123245
0.0,0.0,0.0,-0.0177691515011323,-0.4883623376632738,-0.0906211428450333,-0.2048812153919076,-0.932790923138527,-0.1598902396388237,-0.438956392160202,-1.2789746199631309,-0.2140051919241928,-0.5311548197604171,-1.5882718317298408,-0.2739033676808454,-0.6750365110536635,-0.8625925199280652,-0.1690734906157591,-1.0180773256280051,-0.6785754321889096,-0.2186069397518286,-0.9722813279166972,-0.5620042282168998,-0.2448111405431632,-0.900606993054227,-0.5380452757746089,-0.2666319711492511,-0.7583845707336224,-0.6297784163377741,-0.1680237756636377,-1.032631735730912,-0.3870490369062233,-0.1780757503843169,-0.905231369512975,-0.3255630350791694,-0.1942867427829276,-0.7794116018260705,-0.3175252544908596,-0.2351839445826014,-0.7841705391748437,-0.3645009304211031,-0.1635697193865554,-0.9990928501378574,-0.1752400547471528,-0.195043307224637,-0.8642489887022081,-0.1316271901708908,-0.1984092404215395,-0.7288091012320295,-0.1252493975251076,-0.2201269745301938,-0.7866282052843363,-0.1141842239543526,-0.1634878892615049,-0.9459167400802638,0.0202707126141202,-0.206893236424691,-0.8257549248223401,0.0636799951914127,-0.1945292059164586,-0.7013791892288695,0.0666341289266451,-0.1820776692051376,Up,2026-07-28 14:57:17.932,sess_20260728_144941
0.0,0.0,0.0,-0.0076249744386354,-0.460652342583898,-0.086724142283204,-0.2572981225507416,-1.0082274400713032,-0.1364579959382146,-0.4486889062781891,-1.4149739682659677,-0.1645005260682389,-0.5401378751167624,-1.7511151438386243,-0.1900163345729737,-0.571902836447334,-0.9496159942576856,-0.2110638118953464,-1.0813320908661872,-0.8709661600704207,-0.2691582673785428,-0.9518320959938764,-0.7352517957953707,-0.2917915103176668,-0.780352083005317,-0.7026481786880573,-0.2949892775501693,-0.7199423398187457,-0.6621143444005415,-0.2080567765667604,-1.12932734468824,-0.5784367876517253,-0.2403544563842841,-0.9693657194279902,-0.5006047279849528,-0.2454973843317084,-0.7860411050941792,-0.4777986321574562,-0.2693151232530077,-0.842664440226963,-0.3658041203138417,-0.2032580980852914,-1.2164314887018268,-0.3601301542380691,-0.243660483520431,-1.114738336861778,-0.2911872363947066,-0.2286639327206059,-0.9508761287818114,-0.253138719696484,-0.2276615428015145,-0.9307510787137728,-0.0995759896184468,-0.2002206370635868,-1.3318105564403369,-0.2725434112334847,-0.2228228717852762,-1.5447426412766276,-0.3575516327582212,-0.20380598460924,-1.6967744078331772,-0.4303632290126109,-0.1937997851956185,Hover,2026-07-28 16:37:01.541,sess_20260728_163307
0.0,0.0,0.0,-0.3272895115102496,-0.0967746849294056,-0.1519001330303535,-0.4696000473941525,-0.4991195866525598,-0.1790629423695693,-0.217329583691731,-0.7518063733007456,-0.1719713860978715,0.1014849153425564,-0.7803455773193345,-0.1744915886126138,-0.2850425345030242,-0.9548220527271816,-0.1255372318529369,-0.4567722245539652,-1.3477690541157965,-0.1823176685563766,-0.5335052784325064,-1.6101601271318078,-0.2300685072275375,-0.5783948804616875,-1.8438213235859504,-0.2789396949162727,-0.0046434586351127,-0.9914073469690768,-0.1307283850877092,0.0321021242619636,-1.4673951519874295,-0.2159543042507138,0.0768880662896811,-1.781058763261405,-0.2910373720024032,0.1349001875826929,-2.044034498699011,-0.3288468685740017,0.2128003830310266,-0.9043085658533444,-0.1498232146135772,0.3871509563396849,-1.31714136715416,-0.3292605306553142,0.4927078585058625,-1.6007527659458842,-0.468552349932311,0.6093889025052845,-1.8318917358089064,-0.5377974583343471,0.3877065994190531,-0.7101940920637808,-0.1686144781676292,0.3668785350968824,-0.9058426792931716,-0.3670733703643009,0.2644403480076497,-0.7072877912943548,-0.3980792866994216,0.2325980332798503,-0.4718175708918962,-0.3913092288065503,Left,2026-07-28 14:55:21.015,sess_20260728_144941
0.0,0.0,0.0,-0.0834774150047002,0.2881790030996718,-0.2355513474366415,-0.2685284168372847,0.6229531279382522,-0.4050816649112783,-0.4168478686018101,0.9257053669448904,-0.5400732279770932,-0.4878762414771974,1.1922356876877245,-0.6367731799051018,-0.8118935039322049,0.5185094305575102,-0.3484510456400331,-0.7047733660672154,0.4354867408943149,-0.4855456510166008,-0.4624631595554562,0.3707215731823401,-0.495075884304219,-0.4549911386996292,0.3985210896350749,-0.5028156053628077,-0.914370676434578,0.2573741689295565,-0.3125456818520973,-0.6980820152817658,0.1730103265199768,-0.4555149979712651,-0.408041308732612,0.174649284433074,-0.4398779181516575,-0.4843830673595387,0.2275993300856711,-0.4282165965816885,-0.9094005184689355,0.0048910427443157,-0.2911591466580388,-0.7003338665853134,-0.0724549426075728,-0.4430401248469763,-0.452655617434095,-0.0446858742841814,-0.3937448218180514,-0.5109070068526512,0.0269178309696384,-0.3582647959353076,-0.8470900752010002,-0.2151533452480339,-0.2905993191159624,-0.6658793124849934,-0.2781805986265456,-0.3928831023214096,-0.4843720860669886,-0.2089851033076964,-0.3746633285633299,-0.5136539522265668,-0.1194166273790475,-0.3563893346732842,Down,2026-07-28 16:23:57.670,sess_20260728_161633
0.0,0.0,0.0,0.012174945975379,-0.456123111904514,-0.0478612781710003,-0.1682357216588902,-0.9237024259254658,-0.0777144154307251,-0.37268860660001,-1.2791042756807447,-0.1002947665348047,-0.4630525345166376,-1.5786866478208166,-0.127409731451261,-0.5691896231194868,-0.942504347097126,-0.1143579179679735,-0.8856661872766064,-0.8497620304109106,-0.1687295187495184,-0.850075559550251,-0.71009488738494,-0.2116617882932055,-0.7680431536296294,-0.6420988956259346,-0.241133566595411,-0.6888266554676384,-0.7133892956006431,-0.1288159603453148,-0.9504783789657646,-0.5451576511796437,-0.1324281840273716,-0.8256502909707951,-0.4512969167766351,-0.1416070266246485,-0.664796356240776,-0.4286094924396784,-0.1751518871712641,-0.7472009930719082,-0.4395408808583873,-0.1410780964848185,-0.961491312142288,-0.3128970629227497,-0.1700666567566227,-0.8273054404653056,-0.2462381961027785,-0.1544140751537911,-0.6679789540481683,-0.2355627327701333,-0.1608550525074483,-0.7793641796283055,-0.1815803121860998,-0.1555585375344184,-0.938361821127872,-0.0924119558725055,-0.1874479480209099,-0.8174542064539541,-0.0366173598628881,-0.1545129612407112,-0.6823512176129625,-0.0299785711311801,-0.127928298611452,Up,2026-07-28 14:57:39.257,sess_20260728_144941
0.0,0.0,0.0,0.0816994326024722,-0.4150891577056874,-0.0494078236789277,-0.0347027706822965,-0.9280556152074438,-0.0900594874508972,-0.1135200349093566,-1.3239957925711263,-0.1205401761842406,-0.0925422394633597,-1.6295719017816237,-0.1493620428686537,-0.3528483048013149,-1.0206326520774236,-0.1517281445652808,-0.7648320378732296,-0.9718471758103984,-0.2355289380809546,-0.6688049356997066,-0.8185551685768002,-0.2969772353332647,-0.5148372246193371,-0.7372887523006311,-0.3229718533809848,-0.5502988714544148,-0.817730600123671,-0.1687833454384001,-0.8832344416198289,-0.7519927704586998,-0.2230709583713215,-0.7583538664725854,-0.6073879195272961,-0.2492830398848281,-0.5963168156622292,-0.5411957723198199,-0.2721111549068988,-0.7382028346432195,-0.5748390107519507,-0.1842276621618374,-1.0340203851579768,-0.5729334462277501,-0.2516253606435199,-0.9417012393482738,-0.4445786589784444,-0.2425502701691598,-0.7720367270905928,-0.3591988315094515,-0.2306772405559723,-0.8985513169066383,-0.3258222647916041,-0.1980282689110066,-1.2412815440120424,-0.5289095235030207,-0.2474371309613457,-1.4791833641396397,-0.628104246609532,-0.2344147909758896,-1.6534161742491127,-0.7227353060983103,-0.2158227927212715,Hover,2026-07-28 16:36:52.582,sess_20260728_163307
0.0,0.0,0.0,-0.3282042742826745,-0.2807939007769935,-0.0593440797921355,-0.4829122306046984,-0.7019558511959283,-0.095220607076978,-0.5467465833459768,-1.0180276331657565,-0.1723572218328394,-0.6467552198195768,-1.253708290391953,-0.2202668009471198,-0.2139882499550221,-1.0198366007475437,0.0856369262140992,-0.3454995219961813,-1.2433350454191894,-0.1117252875382204,-0.4208862290785746,-0.9359987537938648,-0.2142806995742426,-0.4297858099177386,-0.6929426534408036,-0.225677113157285,-0.0342542331862858,-0.9987797359598622,0.0355764886514568,-0.203382908702457,-1.189177169415,-0.2110758499036432,-0.2714647123948389,-0.8167398916182027,-0.2880094488998597,-0.2645367514433131,-0.567515741886551,-0.2653619815313197,0.1768114801372078,-0.9275494630224774,-0.0491769794957426,0.0273279158791139,-1.133887096391726,-0.2756967549534257,-0.094110692650494,-0.8062323472046924,-0.2813563018600404,-0.1283301353646232,-0.5685999992786482,-0.195381340577844,0.3921199874194691,-0.8392761732947221,-0.1429101604246806,0.5331241274263548,-1.1722864636680874,-0.2329729765033501,0.6207214684135846,-1.380932287349018,-0.2325607813177333,0.6905549860760943,-1.58692787147971,-0.1933896545320524,Hover,2026-07-28 12:59:34.706,sess_20260728_125902
0.0,0.0,0.0,-0.2911044389437301,-0.1072787512428252,-0.1425097503277862,-0.4333709325582238,-0.42101313909976,-0.1993262730415813,-0.2742742032266546,-0.6844959630889251,-0.2437305779141777,-0.0774682295290145,-0.7769998765644894,-0.2801706657320445,-0.4927019183259103,-0.912154197500312,-0.0991505080324793,-0.5350681309938282,-1.288935600606538,-0.1951073226634338,-0.5419109203351343,-1.5509116676239354,-0.277666192695962,-0.5465268485638203,-1.7679392887987115,-0.3415647894633437,-0.2679189576116219,-0.9579582105824148,-0.1026425785434099,-0.3171731139870556,-1.348500278219392,-0.18485968582383,-0.3481399577622092,-1.6326762476690764,-0.259672563476366,-0.3817800634457692,-1.8802857176469725,-0.3114151985736553,-0.0530043344893425,-0.927605630759435,-0.1248450716946012,-0.1056322111647272,-1.297190415322165,-0.2070897383098649,-0.1409454969738756,-1.5551758237969555,-0.2725198292359697,-0.1777758254874135,-1.7776902661815055,-0.3141361862814267,0.1583424765584124,-0.8310446129085273,-0.1621057809753669,0.1235857517414297,-1.139017550494686,-0.2386827003440391,0.0839414524972192,-1.350787002295871,-0.269546095363349,0.0470049752230242,-1.542041560382872,-0.2844611533805767,Right,2026-07-28 14:56:29.191,sess_20260728_144941
0.0,0.0,0.0,-0.31767663536177,-0.1544307115046945,-0.1763224506547444,-0.4721415097637979,-0.6917005267235566,-0.2487273298209459,-0.3924378904978713,-1.1348707147082815,-0.3144462288320784,-0.207657591653767,-1.406074849923238,-0.3766303540728788,-0.2562758377105485,-1.0488605850999349,-0.1503009741079541,-0.2208950232135677,-1.5825492203006422,-0.3349247629444412,-0.1664169516338347,-1.941359267628865,-0.440881359286523,-0.1199686419779075,-2.2256696133326503,-0.5125397643354856,0.0118920453197297,-0.9868687495775064,-0.1610858478124074,0.0400385207279268,-1.3076828422388873,-0.476281674281259,-0.0559676133981472,-0.9486369129403488,-0.5292956287421829,-0.1398066217652696,-0.6322055448073896,-0.4686219774996656,0.2615073028906399,-0.854907745795214,-0.1958285887439119,0.2478399717499445,-1.0281235089451806,-0.5316928076523227,0.1426695910458435,-0.6312788021646987,-0.4745067340387346,0.0649156266086593,-0.346540729087363,-0.3265345873906032,0.5072530692867089,-0.6882340787478914,-0.2393441593003975,0.4918614004609555,-0.9184963511895364,-0.4864440995026147,0.3808315891806931,-0.640213288447654,-0.4337561242484716,0.3128347851899951,-0.4090422434422621,-0.3219855408952506,Forward,2026-07-28 14:53:17.641,sess_20260728_144941
0.0,0.0,0.0,-0.3555522205554455,-0.2226640127039917,-0.107755804129384,-0.5938805431418698,-0.5720575956309889,-0.1607726330232595,-0.7348763801449588,-0.8593841898656261,-0.2150260588591068,-0.9058710881395504,-1.0452226549528234,-0.2714982719950025,-0.2871561136226677,-0.9600034803972144,-0.0536876355932802,-0.4282983393668131,-1.322510799500022,-0.161912530707933,-0.51399292003616,-1.551587435319037,-0.2632865169606074,-0.5801365391227657,-1.7456269365997572,-0.3387552979166972,-0.0502656469761181,-0.9945824610513664,-0.0909895208421264,-0.0569143908429291,-1.4274809185837904,-0.1769497883993338,-0.050115787372303,-1.707161610497893,-0.2662322841217723,-0.0404441262110959,-1.92908296065573,-0.3319166263980482,0.1723552861959867,-0.9268469409689204,-0.150949376826858,0.204549171629746,-1.3247142869307778,-0.2484151971343302,0.2150652732832954,-1.5810239244594382,-0.3298510291988002,0.2187839964766041,-1.791345140856837,-0.3859171769129823,0.3871747407286099,-0.7808018153255704,-0.2228796770031174,0.499897542204841,-1.0600665141296275,-0.3064301832454009,0.560036364550566,-1.2485990833069371,-0.3453744373658609,0.6005978875902638,-1.4121979952680157,-0.37214280284474,Takeoff,2026-07-28 15:09:48.364,sess_20260728_150914
0.0,0.0,0.0,0.2575929650825957,-0.361520198672426,0.0828849038037547,0.3532110340998899,-0.831419662488614,0.1046102345479109,0.413119574647201,-1.215025179116396,0.1126213892996672,0.6078793100015343,-1.3789121284556718,0.1075806055104583,0.1445529579728982,-1.0580431890094406,-0.0802035870821159,-0.216449263241223,-1.297628708377687,-0.0713947256776046,-0.2514740991614121,-1.1159757336590794,-0.0476127024686478,-0.1850413006793084,-0.9571867840953164,-0.0361166021831917,-0.1115675329946756,-0.9834600273552384,-0.1426851785432381,-0.4861364585684483,-1.1606690952427274,-0.1191390195987062,-0.4886217796222085,-0.9968571676946218,-0.0944344083948269,-0.3948305070472915,-0.8583209362703997,-0.1082720379676336,-0.372223729609568,-0.8572108036896656,-0.1849348582775427,-0.7059432371332109,-1.0686036404123676,-0.1905471820239913,-0.7015544095918123,-0.919028337550411,-0.1790745062640484,-0.5986087902400363,-0.7870407382294209,-0.2013711197704851,-0.6204017236900018,-0.6890056169331724,-0.2108814111813649,-0.9544135102031548,-0.9806826383437296,-0.2383650007297058,-1.1671006047183938,-1.1098117069409608,-0.2333195478627764,-1.3182007175721944,-1.244814106005011,-0.2429911334867752,Hover,2026-07-28 16:26:30.891,sess_20260728_161633
0.0,0.0,0.0,-0.1155657927313028,0.2835493333931033,-0.2465947359387878,-0.3202319039393974,0.6025730693400959,-0.417216922505414,-0.4450469363382935,0.8644490573636467,-0.5547023459064088,-0.4898252201237784,1.0930510410921548,-0.6587115275036111,-0.8685186192692343,0.4055953288663688,-0.3354854490574563,-0.7217534891478316,0.3286402529493021,-0.4927704343405742,-0.4610490290008822,0.2965533884062901,-0.5359959737402509,-0.4576524106134797,0.3217891885134684,-0.5675057564593591,-0.943526591641052,0.1405067992111149,-0.300025682636782,-0.7095795717148691,0.0758087978593993,-0.4628781136031228,-0.4223265598334456,0.1023412598038902,-0.4680538087438453,-0.4681554591133807,0.1492373422828127,-0.4687501302489615,-0.92116405365848,-0.0953410063747959,-0.2855014610798815,-0.6934364146064372,-0.1661552785356355,-0.4559309883419435,-0.43404606017802,-0.1036724907939391,-0.4220401556625927,-0.4671199775798058,-0.0311941998086448,-0.3903374945947498,-0.8409785939663623,-0.302821078476593,-0.2941247322473223,-0.6342628665411948,-0.3543378778204548,-0.4045301231036293,-0.4406233592268617,-0.264786885919281,-0.3977062201449454,-0.4595175518127249,-0.1841102893705463,-0.3861255539782956,Down,2026-07-28 16:24:56.510,sess_20260728_161633
0.0,0.0,0.0,-0.2845997372569128,-0.2098953359209454,-0.1076334339190902,-0.4688748042043252,-0.6015541933873219,-0.1565968864699317,-0.3344897280034595,-0.9767098432269672,-0.2196863215584438,-0.0985043565186418,-1.190263161595555,-0.2730985881668853,-0.5210274461781195,-0.9243450485994712,-0.0335556543564973,-0.8080261338532054,-1.3176005537309765,-0.1961953676471225,-1.0164822857705886,-1.5763853088844624,-0.3173552529274884,-1.136769877393501,-1.7846935634810088,-0.3910775170033778,-0.2599404199083465,-0.9631815135934818,-0.0686465583233544,-0.2962448522927957,-1.5206013516960328,-0.1911001483272167,-0.3242442617399822,-1.8635271530389617,-0.2573305072633856,-0.2933546321821124,-2.128053405787836,-0.28584522924173,0.0006987661626707,-0.8843743372948887,-0.127115382054959,-0.0901994182392619,-1.208477897634052,-0.3068165105943441,-0.2256152041603258,-0.9195571373932674,-0.2816035941872311,-0.2416563490640309,-0.6711461898532233,-0.2053003440811885,0.2398699830840799,-0.7297262275869266,-0.1975511424718901,0.0883405004539548,-0.98409709005937,-0.3278552007859485,-0.0626153403639268,-0.835750405182064,-0.2647156376487241,-0.1103320786072119,-0.6746071734081429,-0.1805548450081737,Backward,2026-07-28 16:19:15.546,sess_20260728_161633
0.0,0.0,0.0,-0.3098694779384838,-0.2307198932085093,-0.1856540543111459,-0.4775143435119643,-0.5947973245793025,-0.2992949746427024,-0.537584661220557,-0.936053490102902,-0.3952351640059353,-0.6472398569613849,-1.2107511704656977,-0.4886823528582764,-0.1756563779729185,-0.9900548115968252,-0.2286225311714992,-0.1770486297864855,-1.4612114523476032,-0.3911403889069693,-0.1838921187045225,-1.744671131304547,-0.5080836024636975,-0.1885657208924503,-1.9828189650816388,-0.5865009258353764,0.0452792918513601,-0.9710331099208088,-0.2346156115158616,0.1336099207244975,-1.482581769839121,-0.3615839776520118,0.1898520172777572,-1.783253989814459,-0.4510334543703618,0.2380045488563126,-2.020101073025639,-0.512033175891848,0.2389849193669042,-0.8494940639522334,-0.2614206380705493,0.3648594653857803,-1.293605927283073,-0.3768613552644667,0.4407084693967632,-1.5617724547174243,-0.4479331268970112,0.4923538851406185,-1.7869155479829917,-0.4958923180989105,0.4084022445481234,-0.6482880992765558,-0.3047531874604208,0.5559012502601094,-0.908867815844198,-0.3986717082890079,0.6311527310137394,-1.0838777777227613,-0.4348284640065231,0.6819100316258203,-1.2368138177356662,-0.4560523857862191,Takeoff,2026-07-28 15:09:45.004,sess_20260728_150914
0.0,0.0,0.0,-0.2397479803858233,-0.2854144270253195,-0.1742958447162362,-0.290968382517458,-0.6385391560778428,-0.2208553958716087,-0.0388769293967947,-0.90853495319774,-0.2635883321637358,0.2143337824263751,-1.0428188404416296,-0.2896602664509794,-0.2939057302750422,-1.0236474763619376,-0.0056660396446475,-0.3773187149022686,-1.4449961300396803,-0.1139882759756333,-0.4237899212840087,-1.7037397126834772,-0.1966184183766518,-0.4592635316828191,-1.919596736118516,-0.2444352274095725,-0.0366045078399912,-0.9993287535955312,0.0014670524850548,0.0521497301131674,-1.4757792444140836,-0.1019684424061563,0.1282495385960372,-1.767810631730456,-0.1766731519714727,0.2061736771967521,-2.017644675580432,-0.2048270605200939,0.1720307625863638,-0.8595414297324445,-0.0237805925476815,0.2245145582349564,-1.0986556048926377,-0.2199351553834974,0.118719435750295,-0.8610790926564216,-0.2463576434192881,0.0565441130108695,-0.6855782148327256,-0.190395636019503,0.3347423533807846,-0.6657800456383453,-0.0619086998357519,0.3506823650433386,-0.8988034495697219,-0.2108000738585197,0.2634331509426575,-0.763881624504586,-0.1848936964119829,0.2142059249783305,-0.6405926344056727,-0.1176827742871889,Backward,2026-07-28 12:40:11.205,sess_20260728_123245
0.0,0.0,0.0,-0.2804439164537299,-0.0389981357774495,-0.2632825098300935,-0.5836944255611413,-0.1666835612344901,-0.4362348007636145,-0.6835343137925334,-0.3184688534521474,-0.5672420091039727,-0.569158438293859,-0.4568097862485281,-0.656301982682359,-0.4219402276367493,-0.8963625264653275,-0.2967364495163799,-0.3823834247059086,-0.6674646671188202,-0.4787535858005994,-0.3560076394295507,-0.3813743564467231,-0.5636054416410745,-0.3647734827719362,-0.2185181883095479,-0.6002718818611441,-0.133281423055792,-0.9597185800218648,-0.2473384511737679,-0.1141891748544752,-0.6326761735321884,-0.4178405427548518,-0.1297988552276863,-0.3235716456987879,-0.4649859227982057,-0.1580845707572855,-0.2095410139465913,-0.4753007298585542,0.1288704335163792,-0.9045439364110782,-0.2221438628244824,0.1607220536329742,-0.5761370250051281,-0.4004271356808872,0.120927974090918,-0.3164792929529652,-0.3899555789922678,0.0697753453985126,-0.2286020557001745,-0.3510670244766873,0.3516763399185457,-0.7832069306814762,-0.2188806518131321,0.3875292005462664,-0.5858957953406301,-0.3521236197970763,0.3272432456873028,-0.377516115596476,-0.3426435852136008,0.2581614964700255,-0.3134196262958695,-0.3019687305863747,Land,2026-07-28 14:52:36.135,sess_20260728_144941
0.0,0.0,0.0,-0.3496218034081235,-0.2557174740445354,-0.1069665738438582,-0.5749268256221635,-0.6633848919815765,-0.1568385813502744,-0.5619555512382018,-1.0558400601745477,-0.224377500266466,-0.3917751695255794,-1.2699343760762836,-0.2851053286768091,-0.4469252378021166,-1.0098715284442707,0.0430354456328562,-0.4781952940917239,-1.4204083986286566,-0.0653575800266644,-0.4931920184580328,-1.664444863559494,-0.1372759196549889,-0.4804408220229234,-1.8833318153988468,-0.1961432316265146,-0.2021783497043994,-0.979319556965575,0.0075577943578244,-0.2117693955722371,-1.2867012733288696,-0.2260271965763028,-0.220357099186882,-0.9794212680660536,-0.2967052242982588,-0.2305988296058165,-0.7130079168766478,-0.2768311417567072,0.0401650029337547,-0.8910385412062856,-0.0512121586948471,0.0121731309448347,-1.141563419287086,-0.296566926071571,-0.0381758624818185,-0.8017250911541468,-0.2675576099629072,-0.0684554569632718,-0.5374485613813458,-0.1706792718945634,0.2760921173294904,-0.7575087441024203,-0.1191966049874392,0.2087995646842452,-0.9728626786982928,-0.2807944324874742,0.1252987485708112,-0.7636944667939723,-0.2472594443203698,0.0849115579601376,-0.5640939827104366,-0.1774061814745927,Forward,2026-07-28 15:12:23.652,sess_20260728_150914
0.0,0.0,0.0,-0.2295275705362275,-0.3635265874740418,-0.1379186134178959,-0.2931847189338431,-0.7836517742177473,-0.1917360672353432,-0.0875657563564487,-1.119308485682909,-0.2533137919018453,0.155082492005387,-1.289774246025028,-0.3040011346783624,-0.174932091567632,-1.0996799797529364,0.0262133652733825,-0.1022881423324749,-1.5486621257773836,-0.0761466126802424,-0.0301836923983838,-1.8033256694654696,-0.1395046668370866,0.0540086942413325,-2.010170540981822,-0.1869593183229076,0.0682123111212559,-0.9975304385429012,0.016736331494814,0.2570183921774963,-1.3016130776230794,-0.1932639775693324,0.1796133487611309,-1.038706621940014,-0.2588657391192979,0.0710718801381161,-0.8179429597069722,-0.2391563254265662,0.2774078336888231,-0.8467092885875029,-0.0182753517560112,0.4354501192557271,-1.0624425352988236,-0.2556881070816599,0.2712206384653559,-0.8003652878142846,-0.2373226659848713,0.1256855194515554,-0.6084118134078113,-0.1489700291676129,0.4502283568583483,-0.6665812825064602,-0.0633899501866719,0.5220103750094587,-0.8306082583194226,-0.2225767872042536,0.3848560838170451,-0.6616164840797876,-0.1962978687642919,0.2660264371920248,-0.509049542483277,-0.1320554026012315,Forward,2026-07-28 15:03:47.239,sess_20260728_150120
0.0,0.0,0.0,-0.0946341762914766,0.2953896755252715,-0.2416708264067331,-0.3239557944041765,0.6001702385189793,-0.3889999784108475,-0.5165555100382301,0.8612268895271962,-0.5022030968436876,-0.5845988494688625,1.1207189773937496,-0.5792608489824843,-0.8509476198658348,0.4841105432844332,-0.2982639473957678,-0.8212659708351975,0.3823032772502233,-0.4464609386317505,-0.5463871875940233,0.3214236946372325,-0.4674164079603405,-0.4648624729548288,0.3659210464750473,-0.4743456487204185,-0.9356770715160716,0.2411302243864317,-0.2576133395739773,-0.8194989604086533,0.1300573987350151,-0.417716546849123,-0.4976956332545389,0.1268006990846473,-0.4146711362021437,-0.5071164843245848,0.214585210082616,-0.3997038259915053,-0.9236292827222304,0.0020355600831258,-0.2387015176940529,-0.8157272657413915,-0.1063803993290702,-0.4185110033259953,-0.5297705811060218,-0.0782738392954627,-0.3688412812473102,-0.523498153720808,0.022476420342852,-0.3175947509485522,-0.8600032939270353,-0.2038015063459117,-0.2392634755689733,-0.7740485976259637,-0.3072184563551223,-0.3627003217956228,-0.5543760311276534,-0.2560039246566782,-0.3360961521846479,-0.5269631951350616,-0.1546780761607434,-0.302676666654844,Down,2026-07-28 16:24:40.226,sess_20260728_161633
0.0,0.0,0.0,-0.3544856627082299,-0.1664975039009043,-0.0868211113704274,-0.549947964572379,-0.5383197211755858,-0.1060545671826084,-0.5951828413703558,-0.8446619067386184,-0.1286606206710731,-0.6750649784841437,-1.0486688835537643,-0.1528001432494055,-0.3173953757464876,-0.94442668846532,-0.0291215321199975,-0.4190575933948785,-1.3024699006391764,-0.1121209084372239,-0.471698838462496,-1.5242790057220634,-0.192378673849888,-0.5192817170823724,-1.7127095074820793,-0.25443137734778,-0.0975699553487396,-0.9935467420325788,-0.0578357606476581,-0.1123428677475653,-1.408832362464841,-0.1308689153520919,-0.1259077074708292,-1.6641362246135945,-0.2030921973020404,-0.1469434821951576,-1.8650645003778883,-0.2588292346141218,0.1000611028310546,-0.9517683425067204,-0.1075345225837391,0.1315499769408986,-1.3541695997786516,-0.1924121187530299,0.130048016858456,-1.6036476326691986,-0.2677704547562851,0.1132125827260709,-1.80448623036906,-0.3200133109225299,0.2909176322288999,-0.8448344780139261,-0.1677120253050295,0.3850869747247715,-1.1523521394560734,-0.2431732956491012,0.429901227476288,-1.360686967861029,-0.2918198106869795,0.4525906627588315,-1.548602705731452,-0.3274936488456464,Takeoff,2026-07-28 14:51:11.145,sess_20260728_144941
0.0,0.0,0.0,-0.1443112488188232,0.3077810690861955,-0.2159472039541312,-0.4184132809404179,0.582974212046807,-0.3582044665354263,-0.6249252074266611,0.8116680325489237,-0.4600810490401956,-0.8117944701650716,0.9929356959542026,-0.524667889086212,-0.9651296174367054,0.2316118579805005,-0.2780747607340078,-0.6348111626589308,0.2824631513885817,-0.4105375604882306,-0.4617950074168377,0.2741128752497513,-0.4553663670264677,-0.5430095878540327,0.2463837941785686,-0.4905723186907646,-0.9693112164374056,-0.0300446788437441,-0.2439940223895104,-0.5821051325159512,0.0459456487383717,-0.3662900130376032,-0.4173073942324623,0.0684095764503404,-0.3773605378844781,-0.5213844575688968,0.0294584195571399,-0.392126434516345,-0.8784168406579452,-0.2547951401635454,-0.2278807547201579,-0.52284760568591,-0.1699954170472825,-0.3541180398616554,-0.361421349892993,-0.1304633943405506,-0.3329230390540703,-0.4476762432806824,-0.1612022019323537,-0.3227851075016837,-0.738597484087538,-0.4468987404280408,-0.2336032156048282,-0.4866002642624857,-0.3789768519256992,-0.3297469575983627,-0.3455763372814951,-0.3092071089848281,-0.3362253895798921,-0.3911294423077918,-0.3214284942396037,-0.3354956133457431,Down,2026-07-28 14:58:18.764,sess_20260728_144941
0.0,0.0,0.0,-0.1404197978866347,0.3254835839054212,-0.2102429582849919,-0.4029042470044507,0.6248453789453808,-0.3387495687488879,-0.6005742109286397,0.8510044475578152,-0.4329175680013295,-0.7504936659284138,1.0285539281350948,-0.4883839966100392,-0.9577291780500116,0.325706264015512,-0.2276120352245235,-0.8162326960303617,0.3595187672408642,-0.3476891516457382,-0.5819064502047039,0.3421262428285742,-0.3805338157778817,-0.5983305684748672,0.3285236465644969,-0.4030656746485022,-0.9777553895143066,0.0754290738892993,-0.1957162565755052,-0.7457132167302731,0.1301950553220739,-0.3207723318448225,-0.5104961087020223,0.1436836180487453,-0.3291467370851219,-0.5689804000046688,0.1261663428744996,-0.3306703408228431,-0.8983477303017826,-0.1429563494589898,-0.1846069176988952,-0.683580192459991,-0.0885666900406328,-0.3171846416932073,-0.4668057267352378,-0.0495872370746446,-0.2799973184800499,-0.5051422029331283,-0.0538749774679522,-0.2482022051901959,-0.772152467932466,-0.3332793724298136,-0.1939296980782937,-0.634170498401566,-0.303619566897952,-0.2874398922334323,-0.4596757103454461,-0.2456238165905914,-0.2674361926111809,-0.468303756566758,-0.2385057082280772,-0.2405607673812778,Down,2026-07-28 14:58:09.080,sess_20260728_144941
0.0,0.0,0.0,-0.3600286727459537,-0.5505116558702567,-0.119107706208005,-0.6344931099674106,-1.1356116257151037,-0.2255613626677217,-0.7440634327022433,-1.598447191695763,-0.3083015860525928,-0.671585218952766,-1.9608841703206512,-0.3729888594562107,-0.4166277009464305,-1.2025917476291423,-0.2634481264054373,-1.1764607498989514,-1.0322991264874606,-0.3906235431464287,-1.095258208740197,-0.869031484612717,-0.4246914456192585,-0.8754691075843993,-0.9106301003469396,-0.4418654091819033,-0.346167644451464,-0.8951990907768268,-0.2806894187661291,-1.20200302598437,-0.6861499142544734,-0.3514891272869842,-1.0186423886144211,-0.6141495728358739,-0.321496942456887,-0.8037196491395108,-0.6571379437095031,-0.3322873423552801,-0.3390621948973799,-0.5624180156627667,-0.3055220331066076,-1.1038829509690933,-0.3745517248873988,-0.3723502598869029,-0.9235478427940146,-0.3222023470579424,-0.3216377441258063,-0.6970819264980613,-0.369866186683142,-0.3137128928593703,-0.3492151045729476,-0.2310045087584651,-0.3399331716478077,-0.9577044503182636,-0.106620826441179,-0.3851894947367621,-0.8130070978901207,-0.0982276816240689,-0.3638138813720466,-0.5972337456662479,-0.1369297083584138,-0.3548278761944412,Up,2026-07-28 16:23:37.292,sess_20260728_161633
0.0,0.0,0.0,0.1837957895500088,-0.3845695291963832,0.0757294410884672,0.2531945912593783,-0.8325727887759476,0.0824877037864573,0.3164159130307977,-1.177579451012019,0.0751321123886747,0.4836360735767719,-1.354745651855816,0.0602750485291966,0.1582115530755581,-1.059905996866246,-0.0851623779250311,-0.2619286613043001,-1.2563167388052403,-0.0856466529874629,-0.2900132122973474,-1.066620316298564,-0.0650318445093135,-0.2154337419804568,-0.9186120986137944,-0.0496292186155712,-0.0723482631231555,-0.9863338454771128,-0.148024572586425,-0.47626453566593,-1.1215975464561774,-0.1343913352872358,-0.4820775641744031,-0.9496119789595078,-0.1097350730395767,-0.3973222968342185,-0.8229098894396866,-0.1173730825608496,-0.3202576739680304,-0.8685272480846576,-0.1915333067964243,-0.6733972165361188,-1.056638310399148,-0.1962693947297425,-0.6775395370694102,-0.8926704627886104,-0.1716305423014821,-0.5796047102858186,-0.762434576610296,-0.1797778970251208,-0.5711846693073559,-0.716730688959139,-0.2215175643916598,-0.8744525456867313,-1.0055645821281691,-0.2368142283947279,-1.0636183521585307,-1.1346172705348572,-0.2189862912473781,-1.202493740005813,-1.277436921283913,-0.2158526119066085,Hover,2026-07-28 16:25:51.448,sess_20260728_161633
0.0,0.0,0.0,-0.3652254712137584,-0.2197128164051517,-0.1372526199463306,-0.502678996992647,-0.5758048208341808,-0.2231398618241385,-0.3226992293755693,-0.8711225874788927,-0.3184873907769486,-0.1016906752482665,-1.0443837544593142,-0.396996606419192,-0.5154658292130395,-0.9185268631918354,-0.1895828986403142,-0.6940361269768406,-1.422374779665004,-0.3871502125898667,-0.8014762859464932,-1.729638250159033,-0.5033980154709351,-0.8838095184166594,-1.996578839372041,-0.5749050448867042,-0.215599734843582,-0.9471245894615408,-0.237637889177389,-0.3166447222491904,-1.5522160192118617,-0.4343855125710411,-0.3830842883613293,-1.93074389412163,-0.5326799963723848,-0.4207400500958687,-2.2601538511893247,-0.5762196670366146,0.0763135152473215,-0.8337154618439236,-0.3000230484429403,-0.020675629031278,-1.1109848223254744,-0.5362533556690335,-0.1176426439522778,-0.7780475733257497,-0.502529916945285,-0.1607599949771219,-0.5172320285664699,-0.4059808596268364,0.3356131990110181,-0.6445664800183016,-0.3765569795393353,0.2465514715279612,-0.8352655807873295,-0.5484892413589919,0.0819647999443587,-0.7495017659334898,-0.5033089660848246,-0.0595262696850618,-0.6680178539523565,-0.4227430766728685,Backward,2026-07-28 15:13:02.044,sess_20260728_150914
0.0,0.0,0.0,-0.1649256970843585,-0.4761932340429724,-0.0313367157796251,-0.5460624269833892,-0.9137981392402744,-0.0861682248752271,-0.8372593981550914,-1.230792022801692,-0.1337721834384789,-0.8888232309436356,-1.5474999951357031,-0.1814627462039859,-0.7776002985692968,-0.868226929773621,-0.1978722027033915,-1.3133354957765149,-0.7168740057077881,-0.2882465658700862,-1.1608418328573162,-0.6191042882168765,-0.311949087239077,-0.970359755424438,-0.6385832107549981,-0.3190796365009027,-0.8065124287552543,-0.5465771715126891,-0.22536880406234,-1.2934613868441922,-0.397821069514908,-0.2718025347526153,-1.120345454534298,-0.3475792315246518,-0.2386068403825816,-0.9327904836405374,-0.3676176071499165,-0.2368430691471066,-0.8050094015548332,-0.224302387613111,-0.2472335987897572,-1.2093076233872564,-0.1272839229224891,-0.3014793861919127,-1.0531945791678716,-0.102793022021633,-0.2385836105610689,-0.8764211887693621,-0.133566816556176,-0.2098773632839788,-0.7897769723549096,0.0602553627188949,-0.2662847535721495,-1.0990955142486178,0.0909260295133465,-0.3042953547076585,-0.9456827924086916,0.1020988471468562,-0.2475506383505619,-0.7748266541549758,0.0849909684596788,-0.2025677003622943,Up,2026-07-28 16:23:51.216,sess_20260728_161633
0.0,0.0,0.0,-0.4130647106716427,-0.1910507423637728,-0.1521010215251435,-0.6921837557206983,-0.6680495915232872,-0.2216652814587212,-0.8701331212426906,-1.048139978593359,-0.3082008563328467,-1.099183357553564,-1.2398372094383825,-0.3704400712113463,-0.4240405023524584,-0.9868291916277832,-0.0387185147026229,-0.4264359952139607,-1.267048829979628,-0.2433234053162125,-0.3881634305854569,-0.9637798678480652,-0.3533457411228169,-0.3676708496721578,-0.7034005541396319,-0.3771851589170102,-0.1557981422504274,-0.9869927983635408,-0.0396504079401718,-0.1669668137448165,-1.2368423006932183,-0.302108241964385,-0.1557150364786626,-0.8455192382806523,-0.3919207115297722,-0.1637651328779635,-0.561213648842685,-0.3783521438083619,0.1140037534760783,-0.95135400448842,-0.0770183677934972,0.1269480356015305,-1.2303201721289685,-0.3055965447149773,0.0556520901584214,-0.8697559822888836,-0.3194368186946722,-0.0105983426308454,-0.5987557509489164,-0.2439544510085306,0.368317586230339,-0.8818412980419913,-0.1298040297996148,0.513448916617064,-1.2153855687889832,-0.2170454843226671,0.6360072309309018,-1.417941064868931,-0.2317577332087569,0.7305562953522505,-1.6456791602744116,-0.2131930821619346,Hover,2026-07-28 13:00:10.962,sess_20260728_125902
0.0,0.0,0.0,-0.2721240401431852,-0.2326898241118478,-0.1176192737643306,-0.3498261223700155,-0.6011905173996723,-0.1649387430376749,-0.1119025307593833,-0.8426723150595058,-0.2034203906805309,0.1565736871671869,-0.8321499245322376,-0.2384246701466798,-0.2755774707204927,-0.955913306641875,-0.1194360987791486,-0.4354669560819882,-1.3249703816583085,-0.204384698716435,-0.5323020547974571,-1.556599054456563,-0.2788314436958941,-0.58559272122414,-1.7550459134749212,-0.3448557319876142,-0.0250035452839716,-0.9905590156757796,-0.1347874593078423,-0.0242784369710818,-1.4387495638039107,-0.2000807959036085,-0.0127938889138938,-1.7112013269574335,-0.2504377843714658,-0.0115341859658104,-1.9415999103326351,-0.2963117963355532,0.1921722466231444,-0.9182642221027336,-0.1662423198332588,0.2667592680503372,-1.3110659150473776,-0.2666352896830624,0.2834993706997248,-1.5653394158609242,-0.3360000541066166,0.2863739978794719,-1.7790579697375144,-0.3828944459060854,0.4055233107557847,-0.7624341869557771,-0.2077254216276443,0.5839120831702659,-1.011515379205582,-0.3053457899422703,0.7086649800662798,-1.1680104495146522,-0.3512756621806563,0.8017381739853733,-1.311949103177216,-0.3835061767231442,Right,2026-07-28 16:21:29.762,sess_20260728_161633
0.0,0.0,0.0,-0.2281501135476834,-0.3064714796282216,-0.070562802733974,-0.2112852153604313,-0.737477614719433,-0.074760284778444,-0.036598977548974,-0.9844897880461416,-0.084456675208531,0.1941711405367661,-1.027523757162721,-0.1083327427780159,0.0977500412988179,-0.9927429996305188,0.0501526116446592,0.0736286380728409,-1.3447530385568431,-0.0149145238001248,0.0356111490307473,-1.568383940210626,-0.0887207301280997,0.0173956069378072,-1.760707661884865,-0.1512673889627708,0.3121571656811024,-0.9500272584747744,-0.0024722598660249,0.4594093122998274,-1.359907930017167,-0.0638894854523647,0.5175221177751175,-1.6344117044253763,-0.1394137180171109,0.574372467750481,-1.8707034623461207,-0.1887216534788628,0.4769595942043392,-0.8248827811723919,-0.0773301777839204,0.6464397567333987,-1.2454475668530522,-0.2358429061244913,0.6784351811279287,-1.5320342379428142,-0.3694057756437425,0.7277875437185898,-1.76427830587071,-0.4493555939048295,0.5932185470801402,-0.6329070781732384,-0.1512034178429316,0.4759597310267133,-0.949913027855231,-0.3340762080495119,0.2641970750802807,-0.8821527659107409,-0.3809863979236893,0.1071374702091957,-0.7374204007649121,-0.3960180574311077,Left,2026-07-28 15:05:07.014,sess_20260728_150120
0.0,0.0,0.0,0.1694154247035377,-0.4151699649821061,0.0417579156666803,0.216215315321864,-0.8952300643104069,0.0185404949727874,0.2712602781409072,-1.276573233836323,-0.0114151942418027,0.4577936736579221,-1.4902277331902742,-0.0462269324809938,0.0921751517397352,-1.101378783732145,-0.1500217040613093,-0.3614372382097082,-1.3035812098778854,-0.161817276853184,-0.3930393545057634,-1.108062754196291,-0.1367297968383294,-0.3106159192165779,-0.9709165403389116,-0.1309865707613875,-0.1223986317320724,-0.9685255126884148,-0.2167415655146919,-0.6076685617078635,-1.1173619981150875,-0.2217878111283867,-0.5899757919286197,-0.9280824224666436,-0.1859835016133309,-0.481842625437846,-0.7966228224763414,-0.1984412604380512,-0.3687890375690588,-0.7935889723138336,-0.2692316451012476,-0.7918441683526604,-0.9728690480145838,-0.2954567706148649,-0.7518182634480276,-0.8016932821535148,-0.2600731055688732,-0.6263274204427489,-0.6740065153962864,-0.2719832941711959,-0.5943115200068674,-0.5919641665650391,-0.3127498827350508,-0.9695904676845644,-0.8255206936112376,-0.3753087032824238,-1.1737649196257802,-0.9189838866590104,-0.3856314310240059,-1.3276028749398272,-1.0399469896668694,-0.4084157632396558,Hover,2026-07-28 15:08:12.832,sess_20260728_150120
0.0,0.0,0.0,-0.1366728002171557,0.3135625551997808,-0.1646702367827216,-0.3971170222326252,0.6065830359798534,-0.2600002301065965,-0.5598052990072939,0.8631295165186632,-0.3380018448430357,-0.6158870522469162,1.0974483418094023,-0.3852492312847725,-0.9013857443768232,0.4643239407739079,-0.1186397063430862,-0.7948144782539032,0.5261919884009113,-0.2577485258509735,-0.5711720121481102,0.4523784530167742,-0.3254958333652734,-0.5480347847993597,0.4161528447005508,-0.3672283037947312,-0.968421111411848,0.2224326529445942,-0.1126244461734258,-0.7736639023802022,0.286080024636908,-0.2399288767048654,-0.50888730486839,0.2480073427183471,-0.2546866961365216,-0.5307375675423476,0.2349275341412735,-0.2557979268081277,-0.9207328690541704,-0.0133797039766896,-0.1343196626492532,-0.7586236434245416,0.0479402637222004,-0.2729779131698198,-0.5201872363227081,0.0480377400969027,-0.2316086113683086,-0.5324931792696984,0.0487904512797102,-0.1906855405097831,-0.8156150378970242,-0.2260421132279853,-0.174796856867219,-0.7048905177577994,-0.1846266829789422,-0.2554709661597912,-0.5279105452794391,-0.1333130799363263,-0.2232502369171741,-0.5307127490894978,-0.1106457094532952,-0.1894828652462354,Down,2026-07-28 13:06:20.505,sess_20260728_130400
0.0,0.0,0.0,-0.2386199860352059,-0.2804076554984504,-0.1075202316937769,-0.335744798684995,-0.7060454253551017,-0.1266009437324758,-0.2188225714325058,-1.0401550103069714,-0.1435985507348393,-0.0641096514008977,-1.2542878021366757,-0.1414291679788812,-0.3002901528385069,-1.0549552958679922,-0.0177300887461307,-0.3541372009383386,-1.4754398241997024,-0.1787599598830143,-0.3971487234393774,-1.703841469076984,-0.2557069950747586,-0.4100118949475295,-1.9366711446414693,-0.2955045649714494,-0.0762678789705484,-0.9968048776309704,-0.0237328162770422,0.0068273638806553,-1.2591679185148443,-0.240150668133532,-0.0695450043392532,-0.9074207777075706,-0.2498594927527762,-0.0936274341515338,-0.7512532296629116,-0.1858894033307529,0.1351589950154774,-0.8843184245507709,-0.0580125406220831,0.1878503518659814,-1.0427344512275905,-0.2994341446557589,0.0671254042465668,-0.7257458073977829,-0.2260340319270282,0.0447761767132433,-0.618886669207188,-0.0990877317836376,0.3290226888423503,-0.7470164917368872,-0.0986023479118241,0.3631404841279483,-0.8996352292465519,-0.2425745462627316,0.2467282753066911,-0.6876631565513759,-0.1749612307568582,0.2103260563223639,-0.5918093270399616,-0.0816485489593411,Forward,2026-07-28 14:54:11.211,sess_20260728_144941
0.0,0.0,0.0,-0.2219404573304176,-0.3178537048370209,-0.1318382605144225,-0.2308276466181601,-0.7191715278723222,-0.1594097035991712,0.0582945186313848,-0.923050965107525,-0.1796051226171167,0.3063468627278543,-0.8800632012929086,-0.1949563955801918,-0.1791413462820513,-0.9874087413254666,-0.0524307057995722,-0.2495155017460146,-1.371100226933604,-0.1101405778701487,-0.2800455907214814,-1.6066445996380585,-0.1672240218381248,-0.2895522089151472,-1.8148220319490471,-0.2201982455755768,0.0537609924488136,-0.9974720398129856,-0.0464681125315037,0.1296140539628038,-1.430495328549459,-0.0901319906065272,0.1961399534304887,-1.6867849946608031,-0.1266264429957337,0.2407876662616878,-1.8862292200109456,-0.1612464840643605,0.2497223849780284,-0.9151833797264184,-0.0642483559861813,0.3717110583191565,-1.2762279878537075,-0.1461817305420032,0.4400770954248554,-1.5186548496999703,-0.217476351581762,0.4909037967458071,-1.7088545198017988,-0.2653140500310589,0.4375223886377142,-0.7663592980092454,-0.0965442313948444,0.627723767845708,-0.97937431462822,-0.1738325351576793,0.7667981313636979,-1.1289190694451106,-0.2213886990592407,0.8802114865992536,-1.2537916559752271,-0.2576718021592514,Right,2026-07-28 15:05:25.635,sess_20260728_150120
0.0,0.0,0.0,-0.227023447987446,-0.3765905469864983,-0.1113670947768679,-0.2131342081502902,-0.7554326307066423,-0.1297748452817013,0.0858425681618448,-0.9444078961762604,-0.1456283708424957,0.2919458939567804,-0.9591116625376468,-0.1563314335135967,-0.2444370747364633,-0.9886899774584826,-0.0041978359614848,-0.3296748183247602,-1.3867815384676372,-0.0661277400643044,-0.3590084616067386,-1.6474565148889029,-0.1384968925444556,-0.3756294033643388,-1.8850822843818065,-0.2044400235485395,0.0029515113889715,-0.9999413874949457,-0.0104168207819619,0.048961281152414,-1.4486623186359615,-0.0567143734344935,0.0999590528829537,-1.718416518184042,-0.119118312046195,0.137180510148118,-1.9383979306929944,-0.1768718557613322,0.226438606092855,-0.9182840287909364,-0.039757138874126,0.3276556383231729,-1.3100385246466628,-0.117880489645337,0.390805550962,-1.567183421416131,-0.1956796955141786,0.4391489955638707,-1.7658789822363137,-0.2537704324144197,0.4566013097087758,-0.7629846892120038,-0.0830326580542193,0.6396863320207138,-1.0082560407949228,-0.1488703281465402,0.7626216318181626,-1.1712695076998276,-0.1864563240797126,0.8583289050395461,-1.308873604170488,-0.2202715913981543,Right,2026-07-28 15:05:24.081,sess_20260728_150120
0.0,0.0,0.0,-0.4768335414870057,-0.2563598120540652,-0.1736948652037887,-0.8321560734138892,-0.6672402333458836,-0.2668003125216235,-0.991736531175934,-1.0841421180994988,-0.3784357253254903,-1.0667875688148476,-1.3994830871168076,-0.4413949140083321,-0.3426946820678146,-0.977599160010408,-0.0236907949186559,-0.3258807989972305,-1.256025638490925,-0.2342619347555738,-0.3251728954027277,-0.9309725625528388,-0.3210682306289294,-0.357639483464005,-0.7625329085102382,-0.3338813162816333,-0.0592427203052053,-0.998101239163674,-0.0168587209116809,-0.0466350613006036,-1.2233952801656356,-0.2616465459318554,-0.0870819316290371,-0.8408199894605825,-0.3269998294922452,-0.1442343886268212,-0.7454235047515427,-0.314220956120722,0.223007579694566,-1.0135853811117694,-0.0531126954962292,0.266985708100504,-1.370809830345059,-0.2941944837615732,0.2209997113892131,-1.0466074216189205,-0.2658967462907116,0.1569934790399271,-0.8825291960892678,-0.1721299975020686,0.4596036044455815,-1.0129043986565562,-0.1041883585703928,0.5119609374554223,-1.41318686478135,-0.2193431367325609,0.5320528771305707,-1.6549374719142331,-0.2133024384226636,0.5460765472722029,-1.930426079095755,-0.1728408838364358,Hover,2026-07-28 14:58:35.785,sess_20260728_144941
0.0,0.0,0.0,-0.2610378464888083,-0.2795281078110136,-0.1280946579263845,-0.3030317980038288,-0.6566145345667359,-0.1764159831929196,-0.0581141099137748,-0.8494593321689273,-0.2236561397277967,0.1820936852337199,-0.8590430925567325,-0.2711321749071638,-0.0877662336304128,-0.9842665141662896,-0.0756949246507145,-0.1504276860802371,-1.343638099968281,-0.1723216939683801,-0.1794245221130609,-1.5672742982288554,-0.2643314544736143,-0.1859800437012465,-1.7572762946979272,-0.3412966306481989,0.1352787612743202,-0.9864942074720224,-0.0923516939326606,0.2102177537522429,-1.439595226204061,-0.1669477271771993,0.2414095288787244,-1.706772758197318,-0.2313646706137212,0.2539234688722347,-1.91725305425194,-0.2886027325059299,0.3112710081580642,-0.9024934875763868,-0.1318886917301387,0.4204251319466234,-1.2916796457803708,-0.2278342598996232,0.4484039426550739,-1.5354974230158636,-0.2966849106263423,0.46264836294617,-1.7408811840158216,-0.3493739007228577,0.4673790070044538,-0.7421351719680455,-0.1866341021367922,0.5803348572591529,-1.0128635860579476,-0.2704555512109807,0.643907527820062,-1.194569306804541,-0.3114087935839486,0.6867787225802259,-1.3607851334319383,-0.3482702261855425,Right,2026-07-28 12:42:57.350,sess_20260728_123245
0.0,0.0,0.0,-0.1414281365243864,0.2313288571744973,-0.2768216274279507,-0.3679918644298801,0.4708134678163102,-0.4773273775693017,-0.5572665948571188,0.7178512466362608,-0.6376625127707495,-0.6861766475607385,0.9310482510835127,-0.7677326483835294,-0.8937523291464635,0.1250028481418379,-0.4107099135543239,-0.73980878416039,0.1693739932261467,-0.5893892384382071,-0.5022059738829917,0.1761184160919092,-0.6512604580718024,-0.5071842663210191,0.1552137897396903,-0.6900723250191227,-0.9168627103728314,-0.1538642284580647,-0.3683592940714134,-0.6822625972271941,-0.0836554883138004,-0.5142157400253774,-0.4084919222999825,-0.0420468088533054,-0.50942354241745,-0.4279701101405515,-0.0703123709650852,-0.509932726199935,-0.847648889058074,-0.379170065473927,-0.3484403014789544,-0.6172287884133122,-0.2926615427627631,-0.4989608032096331,-0.3617568614076978,-0.2069583031345772,-0.4616693270898779,-0.3714715623481383,-0.2078546271132955,-0.4351633643821976,-0.7209454567859526,-0.5628467644010381,-0.3564946667058539,-0.5262748418431642,-0.462234102713543,-0.4643151785326311,-0.3551642258261902,-0.3665463836565454,-0.4559510224617131,-0.3616762858871809,-0.3488206740437022,-0.4429077813910153,Down,2026-07-28 13:05:40.476,sess_20260728_130400
0.0,0.0,0.0,-0.3028205489882948,-0.250075001824849,-0.0976443501844561,-0.471763583357817,-0.6060249641330517,-0.1275817673542164,-0.5345684837834318,-0.9155998804540312,-0.1607004736450449,-0.6700577212686297,-1.1131607508151933,-0.1925673563503004,-0.2915173610990895,-0.9694051860759174,0.0021074230459323,-0.3801975738825086,-1.324839761521832,-0.0829094341795609,-0.4348574999944611,-1.5476255703890218,-0.1691550696203392,-0.4874253093365799,-1.7463383363295986,-0.2373748498286276,-0.0744632998596715,-0.9969103780240935,-0.0249983031797601,-0.0710313489114604,-1.409815474424485,-0.1009470582703909,-0.0675876456110219,-1.6628059179195946,-0.1781345269665993,-0.0711128230836438,-1.875761709454177,-0.2344749404103977,0.119930905796256,-0.9247179891467946,-0.0759309798611467,0.152466170522221,-1.3071719486325182,-0.1611772031914388,0.15551610399859,-1.53826089338506,-0.2276670437542953,0.1425411109928081,-1.738761898561051,-0.2723136686584532,0.3054747979315236,-0.7741485690447392,-0.1394777722802868,0.3633340048273646,-1.0402196446667762,-0.2071463308556611,0.3814087264064405,-1.2160400499206665,-0.2358047553783788,0.3846412835134897,-1.376461110362939,-0.2559525786854824,Takeoff,2026-07-28 15:02:25.649,sess_20260728_150120
0.0,0.0,0.0,-0.189749641711055,-0.219982447288366,-0.139190941280958,-0.2691263102031125,-0.5841698779624617,-0.2149222202091583,-0.1715272863939177,-0.786467206034074,-0.2793562038051488,0.0435355339514654,-0.8146086727839696,-0.3554882955246289,0.0435273540985821,-0.9945841528281892,-0.1299436522568277,0.0039583555876257,-1.40369755380233,-0.2447290148890621,-0.0384171643117342,-1.6416196662378508,-0.3375911586803883,-0.0585404342539962,-1.837522290336795,-0.407212694061682,0.2694630012662819,-0.9495587765193764,-0.1603989429004846,0.4289656266386609,-1.416807709029792,-0.256013156601911,0.4891223443657593,-1.6952017232288494,-0.337020613941781,0.548778704651236,-1.927954792529235,-0.3862157742390157,0.4342482865439287,-0.805221667713346,-0.2074014693700863,0.5455283915835222,-1.1976984956971073,-0.3798668566462576,0.590584546321828,-1.464310887554361,-0.5061305111859409,0.6602573444252163,-1.6855610733980575,-0.5842852621629713,0.5379395677314726,-0.578847982491669,-0.257741098532909,0.3898355673519145,-0.7721538499041143,-0.4413255227371435,0.1819626297285542,-0.6770218835886678,-0.4782781467788387,0.035898462831562,-0.5316685320430733,-0.487063759360575,Left,2026-07-28 12:41:43.062,sess_20260728_123245
0.0,0.0,0.0,-0.0342568768896171,-0.450085326453126,-0.0233531286649465,-0.2461055925861788,-0.8675737756778371,-0.0566013155119668,-0.4862216892115669,-1.1934188819651954,-0.0910553505110969,-0.5782693892512912,-1.4842326635263785,-0.1361530664393092,-0.7397842297418924,-0.7773908360411788,-0.0274857263826323,-0.957555339336088,-0.6165066781764199,-0.0476815042070878,-0.9192733854911256,-0.4761212061136876,-0.0963742358503267,-0.8723851645890711,-0.3967114451409695,-0.1360992417214624,-0.8476369257150652,-0.5288905756514669,-0.0422658390591398,-0.9803875229381562,-0.3170604936011484,-0.0021651826472531,-0.8598723221920684,-0.2554792936916356,-0.0302678231094473,-0.7285466057006165,-0.2333902575877728,-0.0864868881667799,-0.8762950549035011,-0.2532748007420829,-0.0523695106390893,-0.9688021755170796,-0.1150941007846522,-0.0321533151886823,-0.8451555102625423,-0.0747101739389432,-0.0439688592383424,-0.7014952272142685,-0.0548628980771195,-0.0808541707003968,-0.8698336461490901,-0.0097181095107386,-0.0642605597761307,-0.9301119214947916,0.1010869027689874,-0.0580525284819885,-0.8085241694667232,0.1337675267220908,-0.0381369292506063,-0.6848484720142938,0.1356918868775602,-0.0285132638000927,Up,2026-07-28 14:57:21.626,sess_20260728_144941
0.0,0.0,0.0,-0.2393194887471429,-0.2663934458937015,-0.1234282874905384,-0.2804920423410216,-0.6247470553435979,-0.1595752416038657,-0.0291431754761316,-0.824490836148416,-0.1928799795449055,0.1963302757795309,-0.797405001637507,-0.2192792776518523,-0.1661990520565003,-0.9778563135426108,-0.0203408404026897,-0.2346035977281554,-1.3203176795648828,-0.0892132403019069,-0.2674093729541452,-1.5407453954957435,-0.1653387738957464,-0.2878083338174751,-1.7351860980815013,-0.2317470047476564,0.0456738272375902,-0.9985432180097412,-0.028728788213593,0.084665729729414,-1.4099469103673112,-0.0801170659783155,0.1239751867542172,-1.6556571634702422,-0.133744623866255,0.1529813601318349,-1.847950290114393,-0.1787794035368603,0.2256559832508531,-0.9154206383472137,-0.0619297126289,0.3024446284467416,-1.2753837956299832,-0.1352029002670543,0.3512051682265892,-1.5066990955487118,-0.197822983916246,0.394059523619806,-1.6892048615596476,-0.2432106409065187,0.4109037707927939,-0.7513950614851399,-0.1119350816433454,0.5658121508087846,-0.9817418613191295,-0.1754057165507409,0.6691102484178001,-1.1389513981963135,-0.2083581029929309,0.7558296899177741,-1.2724611391828156,-0.2348879902464594,Right,2026-07-28 12:43:17.302,sess_20260728_123245
0.0,0.0,0.0,0.2385513052615935,-0.3365429249986315,0.05953684248041,0.3157685549876495,-0.7777941577784906,0.0781717875344895,0.3913357347855633,-1.122364844318968,0.0847197951293696,0.5813760225927053,-1.2767984611030885,0.0813470493405562,0.109921241097322,-1.0331158433538157,-0.0655311760618427,-0.2949172370964439,-1.200701836275053,-0.0629709521202759,-0.3137588757353313,-1.0060165860436965,-0.0590902244119937,-0.2319352413684657,-0.8422412785295122,-0.0579578457512297,-0.122483787329351,-0.9855368713770256,-0.1171101916907435,-0.5034021706327635,-1.0684362703392714,-0.0911849282411178,-0.4884217371630464,-0.9013618094800874,-0.0808607826047743,-0.3844255866862367,-0.7792267798507783,-0.1021493521524025,-0.3651869551376396,-0.8773203737016889,-0.1533139356885503,-0.7039937677702189,-1.011333622261173,-0.1548246479172862,-0.683840588338856,-0.8506593350886598,-0.1526963796241915,-0.562846017676559,-0.7241613814193296,-0.1784937016464514,-0.6001961656699107,-0.7244760265975719,-0.1775129406838912,-0.9255178882541228,-0.987080242321457,-0.1969312341100482,-1.136232129607771,-1.1015798822920848,-0.1887649456151412,-1.2859600356411849,-1.227561994402696,-0.1940832798737823,Hover,2026-07-28 16:26:32.295,sess_20260728_161633
0.0,0.0,0.0,-0.3489291854057815,-0.2267665557583972,-0.098405570298346,-0.5860393195768594,-0.5571927758057609,-0.1440955444646541,-0.7307940914703274,-0.8410988024010169,-0.194997084499745,-0.8948864407973197,-1.021201947250631,-0.2481234962726131,-0.3470338623322114,-0.9470749249534968,-0.0167537591895532,-0.4849590725398242,-1.2823381875580906,-0.1018509754137747,-0.5623567635614378,-1.489461370488838,-0.1905038246755357,-0.6240064033300219,-1.6731638827984538,-0.2614037482765524,-0.1244066560937285,-0.9912762266620676,-0.0435250086064309,-0.1760377301786482,-1.389881972256275,-0.112799864089057,-0.2110162141712279,-1.621531806692348,-0.184215229177544,-0.2430213434398424,-1.807079290510931,-0.2427214748055232,0.0933935277993854,-0.9362228923617952,-0.093857950824789,0.0908149694227565,-1.3071183146370369,-0.1731982746345465,0.0785771415306337,-1.5298455440617782,-0.2373447006936768,0.0619885376483225,-1.7151422720785314,-0.2854687900933093,0.3011994092361277,-0.8097456310598654,-0.1575777842571587,0.375250349496058,-1.068523328213994,-0.2187140671002045,0.4147045042623833,-1.2341700986924455,-0.249865402745292,0.4412217066404326,-1.3856203761516523,-0.2765998826816129,Takeoff,2026-07-28 15:01:55.197,sess_20260728_150120
0.0,0.0,0.0,-0.2315991782097808,-0.3223154825995292,-0.1628896683110285,-0.2899847749244055,-0.6921662810590314,-0.1968199529217273,-0.0394456877460851,-0.9778061065969338,-0.2334069513972414,0.2259221495053246,-1.1179780664747845,-0.2553409128499438,-0.2832864552465418,-1.019808353414429,0.0420545738517507,-0.3733884220616299,-1.4362147194058108,-0.0578691771493578,-0.4183675079008487,-1.6987371733725494,-0.1381866221945037,-0.4450667603873654,-1.9281438047990656,-0.1870487731276006,-0.0411393937349282,-0.998100388065367,0.0458602837636896,0.0347487364203786,-1.473824551279682,-0.0610677294747776,0.1055128074985546,-1.7541077611893603,-0.1387028409766926,0.176736809131086,-1.9884262140199191,-0.1716900355589372,0.1651447658352571,-0.8699750549645413,0.015086074380648,0.274626911396547,-1.110025158908444,-0.200820036655128,0.165433919099174,-0.8656337251352537,-0.2355532871290109,0.086968910994452,-0.67184625137677,-0.1823528706508599,0.3414412229260169,-0.690461140559894,-0.0281264400297464,0.4039374849601077,-0.9013506931107677,-0.1977773669365483,0.298565593404964,-0.7454509345051058,-0.1842520687743442,0.2263354371291989,-0.5917429823187327,-0.1244982485837769,Backward,2026-07-28 15:04:29.900,sess_20260728_150120
0.0,0.0,0.0,-0.465821530575176,-0.2151485634881408,-0.1884145514947635,-0.8620005551401334,-0.6032281559861352,-0.2866971097649273,-1.0905184957937193,-0.9644700289645244,-0.3883550007226907,-1.2714554572149253,-1.2046798185156704,-0.4437000625265453,-0.4335196443342652,-0.943556947330286,-0.1011716442047394,-0.3598958878525805,-1.243517799158023,-0.2786601409334453,-0.3502369244735084,-0.9370998103624444,-0.3405926341104025,-0.4189256949569776,-0.7917367351344903,-0.3461059418302466,-0.1465459727498742,-0.986379399204684,-0.0746991211153108,-0.0845826383503983,-1.2097998518489983,-0.2786732923724782,-0.1057920299579495,-0.8452025319396177,-0.3212275915289326,-0.2022344847500685,-0.774241563666724,-0.3073135398300342,0.1295735404840391,-1.014307492578653,-0.0842001086279293,0.2062012905983296,-1.3421920458341146,-0.2941505353386898,0.2011216631704535,-1.0422758942592687,-0.2717551474471457,0.1332303725262261,-0.9002888593102536,-0.1960958458795246,0.349472433030505,-1.0254795302384454,-0.1060932286669832,0.3973924705129799,-1.4340696092982426,-0.2124857840747987,0.4326240776955574,-1.6844025421471285,-0.2175353998700023,0.4462316935450789,-1.9565288002565069,-0.1926686394268342,Hover,2026-07-28 14:58:33.303,sess_20260728_144941
0.0,0.0,0.0,-0.2853761779369215,-0.158088235856574,-0.0898632248950239,-0.534419552769226,-0.5777996939608703,-0.0991771545896673,-0.5420813226111418,-0.9767136953210592,-0.1074962946993738,-0.4223302701355935,-1.190564192742594,-0.0969096666078001,-0.6066398577407869,-0.9266166064736386,-0.0232661352206505,-0.7761058375538121,-1.3272606538638534,-0.1609090391071068,-0.8584587570588093,-1.5614689036651943,-0.2354014560399028,-0.922631020474628,-1.80359174457281,-0.2865244124234263,-0.3698366700711266,-0.928663837811803,-0.0283604268542295,-0.3211253320901969,-1.203679503527665,-0.2096096424598109,-0.2813730142574765,-0.8234114858068626,-0.2060911111711507,-0.3048699129898989,-0.7034633184472382,-0.1484811052644488,-0.1178120856566769,-0.8973302669445844,-0.0543419957578548,-0.068487190432323,-1.112414087884365,-0.2523656010937385,-0.0840944216352065,-0.7599249268302811,-0.1584483168857867,-0.1181552439553081,-0.6401448405741147,-0.0368995557885029,0.1175913589630619,-0.8389512047246943,-0.0877943220696324,0.160056936065235,-1.0092860991287491,-0.2248072524927687,0.1269070048864542,-0.7651286198480568,-0.158488358579463,0.0981228098402593,-0.646926152273671,-0.071805060533525,Forward,2026-07-28 16:29:28.538,sess_20260728_162716
0.0,0.0,0.0,0.082056476321494,-0.4783331227039245,-0.056436597510853,-0.0523588929673174,-1.0154486122199482,-0.1093254474926005,-0.1432946252690423,-1.4174104769310922,-0.1515497811265851,-0.1768746250462408,-1.7264048127407383,-0.1890343297171194,-0.5348541669119751,-0.9552238710557468,-0.1650067227304349,-0.9932911507061822,-0.9914529834656304,-0.222094525485647,-0.8638096607164623,-0.8725148129871417,-0.2412201815952757,-0.6758221848367479,-0.8282658388375745,-0.2524553499977235,-0.737690135606793,-0.6503942102102601,-0.1811094562782504,-1.1078202103238854,-0.7330464180879912,-0.1918901552225789,-0.9555983451226188,-0.6363395944472724,-0.171682535710994,-0.7634556250347074,-0.5784509577970776,-0.1803705532278821,-0.8594817074879759,-0.3295580327725987,-0.1967133559666572,-1.146524099208692,-0.4433844678641915,-0.2354845718152471,-1.0021163458740632,-0.3815375702606267,-0.1969963948696442,-0.8231692457912387,-0.3292890569863378,-0.1858614780596312,-0.9145398886945264,-0.0411255343402216,-0.2119223593525684,-1.0837676649649193,-0.145345748277161,-0.2565826174034607,-0.929130231168594,-0.0859501830861614,-0.2130447521396817,-0.7696999145161973,-0.0360313321897637,-0.1788431028307922,Up,2026-07-28 16:35:35.143,sess_20260728_163307
0.0,0.0,0.0,-0.2233811717025872,-0.2302695778784379,-0.0058611833754989,-0.2640392903392611,-0.5749243148552051,0.0039955549727521,-0.261708517213234,-0.8033249098783278,-0.0085830265317229,-0.293534429313136,-0.9504714077230366,-0.024669182346957,0.0289167580902607,-0.9775528508355048,0.0816438206013012,0.05363147410873,-1.3025458590786585,0.0349035355938691,0.0588454229438407,-1.5183391848411822,-0.0226251236059652,0.0666033747959551,-1.7086420825305872,-0.0728584395408644,0.1510667273120514,-0.9885053023505848,0.0060092531986111,0.2451376866799626,-1.3885860944386004,-0.0446553768072472,0.2915259949404276,-1.6666817236435625,-0.1014843185997818,0.3239685279823645,-1.9031233300816752,-0.1418666905651871,0.2406261910919292,-0.9294882147966596,-0.0875431934970536,0.3428653516343602,-1.343036989199348,-0.1652108174245385,0.3916864757854424,-1.6187072842642534,-0.2340425588857226,0.4272574196937266,-1.8445410153658817,-0.2759403880033052,0.3058024219684525,-0.8185043426337346,-0.1869389511085547,0.4305980213190283,-1.1340937256410517,-0.2618622273651357,0.5057355795877586,-1.3444338943769307,-0.3039924843378071,0.5699235959110711,-1.527700517403711,-0.3334075581893635,Takeoff,2026-07-28 15:02:07.501,sess_20260728_150120
0.0,0.0,0.0,-0.1520447031273431,0.3020150595926505,-0.1963958124281785,-0.4252259666407837,0.5719338123476571,-0.3300061112970972,-0.635451963596705,0.8033935518209356,-0.4287487427700831,-0.8109803659351621,0.9961423676840684,-0.491541944055717,-0.9643475150197328,0.2302409331333177,-0.2531205866061155,-0.6785346249777233,0.2685541737128806,-0.3780694140171711,-0.4925835021901163,0.2541731914913643,-0.4176175037055165,-0.5518982259626425,0.2336515480689705,-0.446736572410936,-0.9736482408549598,-0.021712916152197,-0.2270190572445624,-0.6223832687625395,0.036320662078338,-0.340461722197897,-0.4405094517533131,0.0567082456851458,-0.3508297362502519,-0.5265140137592681,0.0283666128875032,-0.3646888011276112,-0.8871360556673792,-0.2379799315061068,-0.2174452157601911,-0.5639538948859888,-0.1712795943653548,-0.3331084164125577,-0.3926962274884005,-0.1297703455776983,-0.3113191722080084,-0.4657964081401629,-0.1465636273214107,-0.3015956444740606,-0.7526260155951597,-0.4216449874922807,-0.2284143895528724,-0.5149192552495078,-0.3717275792357765,-0.3124694220791292,-0.3723106978000924,-0.3025623178501885,-0.3139357533539545,-0.4124309425688703,-0.3033630962641575,-0.3107881232532245,Down,2026-07-28 14:58:10.888,sess_20260728_144941
0.0,0.0,0.0,-0.2539207323597964,-0.049902757864092,-0.2090715167737206,-0.3980081387324713,-0.3240078412703083,-0.2763581878980551,-0.2149263580168955,-0.605047125522308,-0.3011684101208163,0.0313313799567048,-0.7918729105747964,-0.3262197668887499,-0.5622008703459792,-0.8227334284398793,-0.1839103627431635,-0.8251626879755097,-1.144527292775888,-0.2756998943136685,-0.963742748325498,-1.362703743844778,-0.3509381451321012,-1.0722904937967326,-1.5655420543556944,-0.4147352154305645,-0.3497660203663372,-0.9205429153880612,-0.1739668701964372,-0.546067219024821,-1.3577999103730911,-0.2639479024779755,-0.6529449955627159,-1.6265525634231282,-0.3435544458177339,-0.7290079606290369,-1.8700611755051508,-0.3970728694832764,-0.1274759938816293,-0.906535748145017,-0.1858105100149984,-0.1605015679442199,-1.287658941612938,-0.3697409949551585,-0.2122840110412003,-1.557143445749437,-0.5200191872911986,-0.247775378394782,-1.8267309656682191,-0.610706081517778,0.1045346770819666,-0.7814458945598586,-0.2032283306769436,0.1135596122366702,-0.9534178073094433,-0.3967211732889681,0.0752396227942242,-0.7949467635365534,-0.4447127688755855,0.0547090634566618,-0.622763801710937,-0.4589766915881703,Left,2026-07-28 16:33:23.740,sess_20260728_163307
0.0,0.0,0.0,-0.2965929754828741,-0.1517488067391084,-0.1241100212301107,-0.4658568594276256,-0.4809498020071802,-0.1854257521368149,-0.3150827999681231,-0.7659224894769571,-0.2388095507235907,-0.0679015003833737,-0.8082576464894278,-0.2902275021042808,-0.4098025116989318,-0.9119585556982236,-0.1198740218694276,-0.5615793607988182,-1.2783205362189607,-0.2138663403430238,-0.6463312761507348,-1.5218245302902358,-0.2953771934659938,-0.7073228279762167,-1.729897098662972,-0.3696575861523415,-0.181395475510602,-0.9728292598442329,-0.143871166865376,-0.2473340106395172,-1.4117645462435884,-0.2318936763550495,-0.2884727367674329,-1.682179621743951,-0.3108523670231733,-0.3245381918239773,-1.9073773295527128,-0.3764763160840076,0.034962671409137,-0.927210361813548,-0.1848418007360185,0.0565173381148411,-1.3396063061622585,-0.2927972315114618,0.066844827962003,-1.6053901825419905,-0.3890394232384578,0.0819913295077547,-1.8270208761546105,-0.4581083730827189,0.2551622979406695,-0.801518154036773,-0.2361928034089621,0.3836180706576708,-1.1107250755960618,-0.3461228567712889,0.4796957320900791,-1.3208269264921637,-0.4186221709704875,0.5627443816487837,-1.5098000566567795,-0.4719717585247438,Right,2026-07-28 16:34:44.134,sess_20260728_163307
0.0,0.0,0.0,-0.3303535960426466,-0.1136759401269591,-0.2412847339404963,-0.6388400998555332,-0.489025461432617,-0.3543676105827399,-0.7433948074668817,-0.9148275941120368,-0.4375100110326674,-0.607058717626291,-1.198262683668806,-0.4648857088317068,-0.5529137021193311,-0.8972608167510079,-0.1752344120994302,-0.5302010206894053,-1.2323849110135312,-0.3519068241709621,-0.4090939243831888,-0.913961371825168,-0.3919033892612894,-0.4002366974161346,-0.6674499256328321,-0.3836446136472886,-0.2894223888601369,-0.9490921101615036,-0.1243336127347543,-0.2672798418616023,-1.2435443190181668,-0.3331100821844802,-0.1843493438243729,-0.8302102647046121,-0.3613625637168463,-0.2327164215709356,-0.6256930276275409,-0.3250974341922785,-0.044738654549877,-0.9543555677214092,-0.1059530988838186,0.0089880664515776,-1.2277401399258348,-0.3209355201914769,0.0446098355159802,-0.8543492005996645,-0.2686330944302986,-0.0207639874133537,-0.6550592366485476,-0.1742557333674521,0.1682183109238384,-0.9151175593898576,-0.1050152500915885,0.2069660232366418,-1.1305182292836888,-0.2746870992172361,0.2138035955120829,-0.8743937851383567,-0.249330749980927,0.1546946389441829,-0.7115623629399827,-0.1834968918729133,Land,2026-07-28 14:52:21.706,sess_20260728_144941
0.0,0.0,0.0,-0.0776216201975458,0.2777075668516758,-0.2597795928468844,-0.2288947533388736,0.5758745203875139,-0.4692310174808218,-0.2981155993564204,0.8677713802075457,-0.640989806375034,-0.3098412236655128,1.1050735674903198,-0.7934611050396031,-0.8082493333530721,0.4026607210755957,-0.4624441260862659,-0.5366707102211807,0.3087312630152768,-0.6431862705070975,-0.2966901138920108,0.2598283206976755,-0.7067244879823199,-0.2952188980488113,0.2638824889713505,-0.7503890820071978,-0.8935465164404411,0.1198930656116243,-0.4326664717486198,-0.569263964741592,0.0367490211922713,-0.5764757484948126,-0.2822219248109388,0.0210581734562761,-0.5765754599598922,-0.287859414953487,0.0223374401043613,-0.5919231818602112,-0.8722708646940955,-0.1480947978180655,-0.417137900259689,-0.5578429876323011,-0.2019854593135671,-0.5771773546218268,-0.2689553791298121,-0.1611005767437633,-0.5558247826024197,-0.2530491990276711,-0.1308777541879958,-0.5463702487797751,-0.7812121348621701,-0.3955779881690636,-0.4249799942457359,-0.5130532634949673,-0.4153360647157183,-0.5428548554057245,-0.2849686334360126,-0.3487091597390845,-0.5377418956677894,-0.2544743145051974,-0.3094480016058225,-0.5327613172367391,Down,2026-07-28 13:04:57.737,sess_20260728_130400
0.0,0.0,0.0,-0.311527345719237,-0.2201723925050931,-0.1214250335150557,-0.5420001075495605,-0.5323863122862189,-0.1842034195085058,-0.6655277294786957,-0.8361257980673586,-0.2453816843057396,-0.788374612026561,-1.0634498305416744,-0.2993623310512012,-0.3746833674285088,-0.942680334075596,-0.041079385800866,-0.4671258091974907,-1.3115426884245591,-0.1351752976287966,-0.4999187923821348,-1.5355667294459956,-0.2248610326413106,-0.5119126577752696,-1.7309272225455914,-0.2933077908744119,-0.1741431565911094,-0.9831977949828452,-0.0547380759011063,-0.2256194265350954,-1.3842138753165707,-0.1344110843492865,-0.2436863152542409,-1.6251944973061947,-0.210561069678834,-0.2540869132027086,-1.832053827108319,-0.2684638606708585,0.0219711692517581,-0.9383429284159316,-0.0922381027526141,0.0201413174970571,-1.3050912900567575,-0.1710933117748794,0.0205866714752695,-1.527724519058296,-0.2259318563891749,0.015613125773862,-1.7150361102074396,-0.2639246190216964,0.2248588399491893,-0.8284533529075347,-0.144736380948737,0.280510343402482,-1.1094629211750409,-0.2045659753062973,0.3071305542006688,-1.2918858892002807,-0.2299802455403656,0.3269689478683245,-1.4584778101268927,-0.247060014200391,Takeoff,2026-07-28 16:28:09.590,sess_20260728_162716
0.0,0.0,0.0,-0.2704255283250443,-0.2802293393417419,-0.13669695025585,-0.4447406169769682,-0.63978977886311,-0.1949230064932951,-0.5285781100826842,-0.971602192650602,-0.2458814455163823,-0.6594515081940036,-1.1985212389066966,-0.2906699372664634,-0.2656733980894816,-1.0033830744369885,-0.0391090756596873,-0.3266571253732847,-1.4189160429136822,-0.1231490269757844,-0.3502982896024555,-1.6726232004753847,-0.2059933644625362,-0.3698296517129268,-1.8910706318747523,-0.2710415348941739,-0.0501753045061212,-0.9978382526889776,-0.0424412569126606,-0.0324498714701328,-1.4295289148607304,-0.1087434981293423,-0.0099904419848811,-1.7017507662545424,-0.1879200445384414,0.0054752272168078,-1.933262463447232,-0.2489760251586008,0.1510348357803434,-0.8921962048345828,-0.0703056421296706,0.1970464269111994,-1.267917180644538,-0.149489307275148,0.2282779039829485,-1.522685017674053,-0.2302675448642543,0.243873548323194,-1.7382424136396355,-0.2882466017787206,0.3470645944131811,-0.7152727915695462,-0.1118649476319354,0.4724000322091435,-0.9103878232091644,-0.177117208927349,0.5543949365859119,-1.0564079319242372,-0.2177084030398361,0.6190253192842824,-1.1919588666961256,-0.2481245458713795,Takeoff,2026-07-28 15:02:16.351,sess_20260728_150120
0.0,0.0,0.0,-0.4058422660429767,-0.165574712574072,-0.1827743305801858,-0.7170970177907714,-0.5490599163843449,-0.2726822073515305,-0.8280101017080471,-0.9173066355481398,-0.3535738143324364,-0.7752401188226369,-1.2052546498796148,-0.3887020146393283,-0.4465816230097197,-1.0074343947852784,-0.0542327628867865,-0.5524499385565474,-1.2808634332275552,-0.2785802932101564,-0.5400795734593181,-0.9319833546627224,-0.3721051427487299,-0.4905926863550661,-0.7248941357833225,-0.3973124699672656,-0.1765409653257476,-0.9829420205630008,-0.0515584306721839,-0.2967715184836731,-1.225955927468546,-0.2768382003437881,-0.3250191127212495,-0.796823773625382,-0.2918606380732738,-0.2708292733161657,-0.6524771655048875,-0.2400133977842616,0.0799261373758058,-0.9042780969762126,-0.0952332051579776,-0.0392441294007506,-1.1140895840556737,-0.3370200211820896,-0.1021776131471777,-0.6889055666081417,-0.2390233237198188,-0.0606046189099067,-0.5403342940976327,-0.1052249437789948,0.3428156571815424,-0.7702043279812615,-0.1555525530321287,0.1847988181498845,-0.9261667197814848,-0.3131979467984065,0.0835732920598049,-0.623980210347846,-0.2418864352817677,0.0871163342051558,-0.4899021535778153,-0.1423411810509537,Land,2026-07-28 15:10:08.143,sess_20260728_150914
0.0,0.0,0.0,-0.3569241629965433,-0.1402076010356385,-0.050061736502911,-0.5549949067549091,-0.5020898195010377,-0.0788219158556111,-0.6539308005195461,-0.825694136972674,-0.1453645018939387,-0.651229632595918,-1.1232373175724668,-0.2078442246016575,-0.1384600508997268,-0.9834296398486948,0.0935636467411607,-0.1188090424267819,-1.39131143745002,-0.0320367213214648,-0.140398040707956,-1.699402491900473,-0.1176169611023999,-0.132684524266035,-1.9326609276840967,-0.1826498248098799,0.0006433548930028,-0.9995763217799774,0.029099192966353,-0.438088131912108,-1.1355801740488525,-0.2487062056490886,-0.5589467073837622,-0.8054252049915389,-0.3339981614617777,-0.4788623303248691,-0.5531853750113611,-0.3081089525798182,0.128475097794755,-0.96311067309651,-0.0573843710816937,-0.3482836430068262,-1.0351567217009456,-0.3230677522693317,-0.4080915178118957,-0.7055094340557977,-0.2955400229210001,-0.2894617962194201,-0.4846914402949334,-0.1887976550886767,0.2407923948202166,-0.8697321874837303,-0.153860639632089,-0.2075229389228917,-0.9463007643064176,-0.3390604560369873,-0.2740335804804707,-0.7197590529655726,-0.3185134348200644,-0.1604610376148646,-0.5369324726914196,-0.2384894129430347,Forward,2026-07-28 15:12:24.734,sess_20260728_150914
0.0,0.0,0.0,-0.3498805792415714,-0.2527817060323946,-0.1519941397951898,-0.5466420715769654,-0.7013333724208586,-0.2413461191037069,-0.7253203427403662,-1.0403283661913445,-0.3406754542454528,-0.9779234864589044,-1.1903120540728955,-0.4120962384556054,-0.1835189290925651,-1.0345965383021354,-0.1188618297060043,-0.2216183663134628,-1.1330104897475868,-0.3032676195343661,-0.2662461849966646,-0.7975906224215166,-0.3703858578614785,-0.2850810393435324,-0.5653009752610362,-0.3696604158157988,0.1021718934640197,-0.98697561826774,-0.1242579298515365,0.0455548801906616,-1.0427822735266892,-0.3446181146125175,-0.0559326114586106,-0.663747087323818,-0.3869142512299509,-0.1045572263044068,-0.4526143507763553,-0.3627529345475828,0.3570310559862075,-0.8732059793980564,-0.1596810963040379,0.3177827161550103,-0.9599010794472927,-0.3990851421152347,0.1550724526613518,-0.6261433414739808,-0.4036169163426822,0.0471874605771486,-0.4218411917256872,-0.327729984965273,0.5751060087609753,-0.7517807704688627,-0.2044703150227062,0.7972239466127868,-1.0284979599855952,-0.3137605246140315,0.9667357702695552,-1.1765627559059553,-0.3217978807491146,1.1033567589595483,-1.3603493419228008,-0.2976901215681131,Hover,2026-07-28 12:59:40.738,sess_20260728_125902
0.0,0.0,0.0,-0.3850194465076018,-0.1971347502214592,-0.1678035549824416,-0.7036779204764539,-0.634529023379325,-0.2094658278366274,-0.6840623780996437,-1.0721807514852717,-0.2510463162428438,-0.4134516755939557,-1.2141094850362708,-0.2397069477061286,-0.6010843123896087,-0.9557230570128072,0.0434658402813369,-0.6163825724836354,-1.2598383295471485,-0.1503198291606967,-0.5675961323359024,-0.9264831381051508,-0.2016595805375403,-0.5076817136078361,-0.8589957365428686,-0.2035935594058812,-0.3263018013539278,-0.9437516564297654,0.0534784575250242,-0.2711001621301927,-1.1831677573634636,-0.1729406541409719,-0.2782702162635373,-0.7666165440849619,-0.164796923514579,-0.2916965579766585,-0.7464497488240639,-0.089901170562861,-0.0626524607539981,-0.9074477601210303,0.0098269476954836,0.0036972118641357,-1.0764525286823328,-0.2543813707413024,-0.0468421411942353,-0.6811066853505022,-0.1775803022896971,-0.0710638773376779,-0.6256204102885567,-0.0429833752548416,0.2011279996455076,-0.8424269988877313,-0.0481601991061443,0.2403434070317875,-1.014493638731527,-0.1844429425916984,0.1785546266967367,-0.7483906883417029,-0.1199462151769499,0.142043259773455,-0.6574039311466864,-0.0267765118311093,Land,2026-07-28 16:28:41.839,sess_20260728_162716
0.0,0.0,0.0,-0.1378102133334109,0.3697951702474162,-0.2058242341540631,-0.3904707470728354,0.7001748321337445,-0.3281533452439842,-0.5653019778733881,0.975159523564976,-0.4268759822441647,-0.6040673405935693,1.2289247787997797,-0.4928462840630965,-0.8537920401705547,0.568171859651708,-0.210782042608471,-0.8530256963407488,0.5445555689498802,-0.336849834238495,-0.5821994361579118,0.4756512628612478,-0.368172680086034,-0.5765688562013399,0.5003639642956006,-0.3937915596536315,-0.9326447487462356,0.3061798641374899,-0.1908603244071935,-0.9052527412377316,0.302971452202535,-0.3269219417992245,-0.564728763973032,0.2670335787455636,-0.3192165493978576,-0.5923740972575312,0.3091753985505247,-0.3081341090088472,-0.920967211989537,0.0501529377233475,-0.1937260698654689,-0.9134267196098508,0.0495496830838665,-0.3529849897063438,-0.5870116728326903,0.0454889223603931,-0.2815697657982739,-0.5769692214834323,0.0943630700416052,-0.2208007244135102,-0.8503931668997272,-0.1736071850495126,-0.2152455322254908,-0.8239591463626288,-0.1811571699977802,-0.3056135651911495,-0.589071827074194,-0.1347403395278718,-0.2496645184639204,-0.5593913480822846,-0.0803151359786848,-0.204187299792501,Down,2026-07-28 13:07:00.585,sess_20260728_130400
0.0,0.0,0.0,-0.1846725825665808,0.4561441917692295,-0.2101996985749682,-0.5009759839206465,0.8679261098408488,-0.3427514651226946,-0.7730092205356364,1.218318077495126,-0.4596921427702793,-0.9223560061663704,1.4999718008642902,-0.5368237514358984,-0.9253892583478994,0.5057842159598932,-0.2126848225154305,-1.1987620975373212,0.528619811198286,-0.3341318510215329,-0.8673528785563518,0.4991971361055433,-0.3473718433649301,-0.775702659767678,0.4959222655193478,-0.3473938649356436,-0.958500881758122,0.2223228671726794,-0.178461767336933,-1.2116913897571508,0.2652861780431852,-0.3064177558513942,-0.8670704145216968,0.2417710600513481,-0.2889130052677633,-0.8106466119504508,0.2391030977652841,-0.2693882784056314,-0.941616577325471,-0.048985978383197,-0.1676231705497982,-1.217493222689526,-0.0132758612015499,-0.2799967446215339,-0.8909547419391491,-0.0196072432863509,-0.1933966986065556,-0.7891302480442608,-0.0066183329500229,-0.1277832481610894,-0.8967844757374632,-0.2831530467972251,-0.1781931248033347,-1.1309289552803614,-0.2650815373111219,-0.2290929813939548,-0.9133147847102144,-0.2384427600804708,-0.1576190855685355,-0.801249228978259,-0.2146316144167477,-0.1008729532151837,Down,2026-07-28 14:57:52.297,sess_20260728_144941
0.0,0.0,0.0,-0.3022072445954534,-0.1832413531206774,-0.039295765203155,-0.3621915897304744,-0.542538064501634,-0.0231372059111502,-0.3198875945338188,-0.8024803883580237,-0.0204321642137116,-0.3381431137509602,-1.0122258450085977,-0.0168153123640055,-0.131807577222817,-0.9629388063368806,0.0547865232365369,-0.1565891203431431,-1.3443652188778912,-0.0182951377060834,-0.186610177692882,-1.614322983070169,-0.0897691641980165,-0.2091470448065059,-1.837282680210996,-0.1416431277556605,0.0201483566811311,-0.9997966305822908,0.0008609293516004,0.0430089354649768,-1.4505075302261397,-0.0785701214883073,0.0481380475092541,-1.7627705527979691,-0.1523486659608386,0.0607688659258083,-2.0252538111563374,-0.1986911305625931,0.1603313417794903,-0.978650612049672,-0.0736585348020327,0.2193549100035952,-1.4301334006553454,-0.1668492898065735,0.2475289413223831,-1.7389116384650916,-0.240280543194819,0.2696802850160602,-1.9981059054103,-0.2778249915565544,0.2949766172727198,-0.9050803138041176,-0.1568362495181883,0.358384356481065,-1.2923009462903974,-0.2437523171730711,0.3767683835048553,-1.5627071404108572,-0.2888918632292154,0.3772719724195085,-1.7994846268297822,-0.3122856104605357,Takeoff,2026-07-28 14:50:59.400,sess_20260728_144941
0.0,0.0,0.0,-0.3046402196086573,-0.211793704741726,-0.1211463071607903,-0.5003441894850266,-0.5421600258799828,-0.1828790409221897,-0.6102340365499231,-0.8361636489654177,-0.2443587504184901,-0.7651883066632829,-1.0304417626447582,-0.3059116144416426,-0.2939962956859027,-0.954790026173734,-0.069164375924943,-0.3987450162311398,-1.3186176340869709,-0.1685249838210417,-0.4524327133128607,-1.5494558873782691,-0.2607546033284373,-0.4894299084132249,-1.7530624178273788,-0.3314406726403413,-0.078889650607821,-0.9927172036723446,-0.0910438167034779,-0.0838855034671883,-1.4133709453908838,-0.1794680368828545,-0.073737453343216,-1.6797425466118556,-0.26088022442531,-0.061532076509262,-1.8946741305576336,-0.3227000805689199,0.1204953419629302,-0.930073831449236,-0.1351465484304469,0.1478632588616429,-1.3000492868613498,-0.2273562963488936,0.1654266373122824,-1.5347828494605258,-0.3031685586216276,0.1720870841958307,-1.7282117016049456,-0.3557939818852857,0.3150619321760308,-0.7965300634779039,-0.1930136508432155,0.4263973079127873,-1.0713147936922869,-0.2623880559046061,0.4931064311285464,-1.2517388656429105,-0.3003397443511086,0.5406896079434071,-1.4174336698489447,-0.3298646047529008,Takeoff,2026-07-28 12:34:04.214,sess_20260728_123245
0.0,0.0,0.0,-0.2497561701225377,-0.1237972451529792,-0.2069699124014078,-0.46964933639107,-0.4606466742645148,-0.3541446547966271,-0.4411784061693458,-0.789058395861224,-0.4831298553792886,-0.1975298085784561,-0.9159906788681896,-0.5799039573401596,-0.3004069152644856,-0.9738235384138548,-0.2542460347785336,-0.3431271178303243,-1.4076816194285802,-0.5578894831730193,-0.3496355499860239,-1.6609793621826732,-0.7099167413599942,-0.3485895222999196,-1.917758257946119,-0.8017283368251172,-0.0230513662402654,-0.9719406332115156,-0.2340940837075024,-0.057099380558148,-1.0210009511848332,-0.5196511638882831,-0.1350534276902291,-0.6053974167136551,-0.4712021706834819,-0.1383749151000158,-0.6015441258937835,-0.3779351405733324,0.234041393196363,-0.8761780927605096,-0.2588534635289091,0.1690747272610669,-0.7830006539458254,-0.5243288399657327,0.0473601250305602,-0.4601305121311969,-0.381423733570528,0.0363737199129499,-0.5190210265067579,-0.2331245494778006,0.4593263013522812,-0.7358365293391799,-0.3076937308850527,0.3552229462513784,-0.592802451619835,-0.4900302883828177,0.2313695032367401,-0.3762147854383761,-0.4398045914765592,0.2264009755415287,-0.4234795402061699,-0.3653398294335661,Forward,2026-07-28 16:29:47.087,sess_20260728_162716
0.0,0.0,0.0,-0.2486702964028219,-0.209960221154352,-0.1716116935965903,-0.31990407913079,-0.5930770737332466,-0.1959022087514052,-0.0756506924555969,-0.8655950156273682,-0.1960261583741837,0.1816761333458112,-0.998921478819818,-0.1990411744814668,-0.3973442860798987,-0.9430826695566076,-0.0606694985848519,-0.585323982732355,-1.3391340628466974,-0.1256256351706964,-0.688303611880706,-1.5701259437378383,-0.1937267759380367,-0.7726180929731743,-1.7784951943076486,-0.2519203099746286,-0.1594822471083433,-0.9860760695807612,-0.0471104856420659,-0.2086610420138633,-1.4385319688577338,-0.0786909084281543,-0.2405935331794294,-1.6960192462764927,-0.1326008744671614,-0.2530912473558878,-1.9081662942548203,-0.1765050563194911,0.06001085066436,-0.919171936045986,-0.0601024828500993,0.098144302912976,-1.3305204153402483,-0.1831503276880872,0.1031898477085833,-1.5913646040220115,-0.3023551963253529,0.1387885535581008,-1.836757541432932,-0.3855908760292885,0.2539176779577551,-0.7603371082201522,-0.0818249255279933,0.2458669581871789,-0.9537080989556038,-0.241586877822833,0.1985193622671781,-0.8409929332169864,-0.284205192256426,0.1879091997198329,-0.7138898075225062,-0.301922373597299,Left,2026-07-28 16:20:07.228,sess_20260728_161633
0.0,0.0,0.0,-0.2451548598717203,-0.1903581226138089,-0.1514687120937615,-0.3158220039731472,-0.5373378082747898,-0.176221903195639,-0.0771242135827354,-0.7645500118313371,-0.181914958883228,0.1863062734010852,-0.8511357240049714,-0.189857940863145,-0.2599580970435021,-0.9814120555067054,-0.0351275440994811,-0.3765141607000684,-1.3631508433106938,-0.1067485425572749,-0.426461304767269,-1.608880311683584,-0.1789267971814585,-0.4625635161685585,-1.825416244938486,-0.2399014247119124,-0.0195382135678789,-0.9986523894437602,-0.0480797594507714,0.0105504967331907,-1.4589769282036358,-0.1023441808692194,0.0430810852740367,-1.7358193818722645,-0.1654859164352526,0.0820115041956165,-1.9650003055829648,-0.2047695754478494,0.1836516541942815,-0.8948013965095761,-0.0874202461145972,0.2952332519491979,-1.2887505456666928,-0.2264296202990824,0.3392702163434876,-1.551013590607676,-0.3478114044222092,0.4005051050748904,-1.7917414980567314,-0.4210112747789736,0.3570800308235494,-0.6828572033058702,-0.1344695394459172,0.3684987463111007,-0.8824920794232506,-0.2996287630401615,0.2610836838602535,-0.7788370576469666,-0.3325749240823963,0.1887244521585412,-0.6374291763148023,-0.3362084635728199,Left,2026-07-28 12:41:41.559,sess_20260728_123245
0.0,0.0,0.0,-0.1365473579323409,-0.4850170483325042,-0.0611395260634972,-0.5245495547286206,-0.94186565245677,-0.1355622576926914,-0.8218552528202372,-1.2704662750773568,-0.199225566814049,-0.8548168669667237,-1.5942170122032358,-0.2618830477622338,-0.6992784037121478,-0.934129975047601,-0.2275909459162522,-1.3097944220617008,-0.7948120903988787,-0.34205807005531,-1.1591383287716712,-0.6585220687227149,-0.3730562960389182,-0.9589342132817864,-0.67592189354417,-0.3843133111410644,-0.7390960398087763,-0.6261212613845093,-0.2484133852699061,-1.3109918680454202,-0.4761163741385858,-0.3220136002469549,-1.1276290631751584,-0.3960735117895744,-0.288745129544994,-0.9356379457571132,-0.4086519499780252,-0.2824534062191089,-0.759407545362131,-0.3066188298211347,-0.2679835324394082,-1.2383144800703751,-0.1970725914349654,-0.3421117170462153,-1.0756863959039438,-0.1499507111919914,-0.2782986742705901,-0.8953538876961633,-0.1824641031422745,-0.2457589526170125,-0.7593092807226423,-0.0266557472023548,-0.287720916431644,-1.119571398007952,0.0309046170987542,-0.3400525684755079,-0.9719191129582012,0.0672477199448324,-0.2906409210884967,-0.8056573181119255,0.0536618046701088,-0.2492330626171416,Up,2026-07-28 16:22:35.305,sess_20260728_161633
0.0,0.0,0.0,-0.2645679657110159,-0.3304686828153897,-0.163449131420397,-0.3590985136239114,-0.8068105264917041,-0.2420528571906456,-0.161126878317395,-1.181579652575658,-0.324577628556181,0.1345818603670934,-1.2876480118313365,-0.3731895904921581,-0.0742343378645967,-1.1109573912209414,0.0204459366150419,0.0657495898502426,-1.3963661656397035,-0.1822242856336409,-0.0461924618949864,-1.1293809521567602,-0.2904730102625399,-0.1175047058771709,-0.912202979801559,-0.3291543800591324,0.1560216600321602,-0.9873870995300474,0.0269064542898017,0.3003977376468699,-1.2437205443196149,-0.1972841671838716,0.1253245840641102,-0.8976896957995691,-0.2551719303358755,0.0333040774085402,-0.7010240387092672,-0.2301656766861372,0.3638024901755623,-0.83001328976588,-0.009913716015243,0.4875347200120901,-1.0627883379962146,-0.2684392590921813,0.2717112622714123,-0.7287987955679988,-0.2359281211606541,0.150477249279629,-0.5384042438434239,-0.134909574371259,0.5353891312487075,-0.6385414777484442,-0.0587151043369345,0.5844192269362413,-0.8139578771364141,-0.2383263372589988,0.4135992582521613,-0.590357221707542,-0.2108470640246589,0.322832589783996,-0.4358449197879904,-0.1373733174226571,Land,2026-07-28 15:02:37.517,sess_20260728_150120
0.0,0.0,0.0,0.0023890385289464,-0.4551454141289985,-0.0333026067463511,-0.2051876061681674,-0.8835466219692577,-0.0553548935360027,-0.4254679005438393,-1.2173658106289431,-0.0725914237543683,-0.5131097344820943,-1.5001554032872078,-0.0912084974657035,-0.6243796287037148,-0.8846388000979667,-0.057240499888272,-0.9036107432144784,-0.8351178257006278,-0.0896656568084458,-0.8163009617656323,-0.7087770868340769,-0.1204914300994903,-0.6917171127722354,-0.6432142405333018,-0.1418416542960187,-0.7486371389173576,-0.6594197369008353,-0.0686151937931112,-0.96399413699506,-0.5751124845936961,-0.0478258011695323,-0.8439845929364682,-0.4917101220917133,-0.0475148243049509,-0.6964977180202411,-0.4524726115417968,-0.0731866229116631,-0.8082297148306704,-0.3962988565541567,-0.0795010431782239,-0.9527564330714804,-0.328085253483963,-0.0849739174429034,-0.8244928539327747,-0.2728590641505826,-0.0687287727339266,-0.6773945112730753,-0.2515862657762572,-0.0761177622850612,-0.8323219508187372,-0.1523402414756779,-0.0913569211867479,-0.927889509069064,-0.1068742817639847,-0.1006884266495899,-0.809212371763695,-0.0573769712261011,-0.0651799522726561,-0.6908613204190687,-0.043170160834105,-0.0389126795679745,Up,2026-07-28 14:57:44.505,sess_20260728_144941
0.0,0.0,0.0,-0.1937949441383563,0.3828219802742498,-0.2029954255356057,-0.5498610499987179,0.7578340616527357,-0.3155571470801293,-0.8647171855699173,1.0611355589076157,-0.4294837732733365,-1.085048685153151,1.28819100055136,-0.5168218337519367,-0.92748208328501,0.4446321765983445,-0.0439038189708796,-1.1805652955589416,0.5264861430611609,-0.2379954775988121,-0.9266191247304292,0.5118372036379253,-0.3735540368114641,-0.7145655164892338,0.4612495477602249,-0.4432085655893677,-0.9782150719733208,0.2049075851451368,-0.0332889548381945,-1.3070845858708329,0.2760456363802738,-0.2569171376659593,-0.9996030706288918,0.3111478693271097,-0.3528037988413089,-0.7640821727334335,0.2721578837151553,-0.3688666337478449,-0.9722315513920718,-0.0357989825963821,-0.0651477545782886,-1.3556423015171206,-0.010442926299439,-0.2734138314046102,-1.0972386446112847,0.0619212955392502,-0.2771704885955459,-0.8572079504248875,0.0604508506354207,-0.2237400445569742,-0.9137341752935434,-0.2709366721838417,-0.1180161937587692,-1.197203222875102,-0.2566575835675745,-0.2605153445003629,-1.0316854685374288,-0.1541730767411402,-0.2569354742354874,-0.835286611548541,-0.1196912077343664,-0.2184616920503221,Down,2026-07-28 16:35:48.388,sess_20260728_163307
0.0,0.0,0.0,-0.0629656802191464,0.3345082472946637,-0.2995995345382538,-0.1838769211391513,0.6685641873773086,-0.5678060187688032,-0.1756084442163716,0.9286403268380384,-0.7883885412860024,-0.156523498714774,1.1861457239620954,-0.983382003178288,-0.8061664778310363,0.3219796419918162,-0.6037158537747707,-0.2853054602340498,0.3693465590727566,-0.8303890041378811,-0.0642517279876504,0.3765290081515695,-0.9062920407361068,-0.1389522769380668,0.3518011326774379,-0.962354454020583,-0.8169543600527746,-0.029013630085546,-0.5759720330537069,-0.225918064576105,0.0452160051482433,-0.7499491942660733,0.0321521245378289,0.1379940419507493,-0.7210807794914914,-0.0597115717132305,0.1128215555915049,-0.7246186371926809,-0.7157787848455254,-0.3293792797244183,-0.5602893714947225,-0.1433410439249934,-0.2319179011370309,-0.7277849568268551,0.0687676112310588,-0.1010027884394566,-0.6604983810750911,-0.0355944124653495,-0.1021174026405031,-0.6348361207695487,-0.5463970073962565,-0.5867573491544411,-0.5762560359740434,-0.0959049444769192,-0.4748192642317375,-0.6880149487148731,0.0705019911855971,-0.2936674771299957,-0.6693008646801234,-0.0106526467632456,-0.2370945690190899,-0.6680395128177357,Down,2026-07-28 16:25:24.373,sess_20260728_161633
0.0,0.0,0.0,-0.0046470151472402,-0.4801206116881638,0.0269637928182539,-0.1772425592791864,-0.9061604360720096,0.02824173285996,-0.3146331352430898,-1.2306934676946846,0.02538194740037,-0.4002270334748973,-1.4937157083606811,0.0183749850086052,-0.6899439955758391,-0.8464405139845375,0.028087693026203,-0.8335980880765028,-0.7760019688523837,0.0890000942080023,-0.6941790022950309,-0.681102207004121,0.0974384883139917,-0.5706343875503928,-0.626917982544189,0.0869124264815323,-0.8083077731366254,-0.5887276760652589,0.0061860586571093,-0.858180909577846,-0.531927730586708,0.129166574157679,-0.7223430046725756,-0.4884534978071935,0.1368895134357174,-0.5914569969748348,-0.4349376472155029,0.0908606404613064,-0.8313965333269985,-0.294448550696413,-0.0022822915360876,-0.8347592850011024,-0.2787419736160672,0.0823231161808627,-0.6973433718066179,-0.2680158329315429,0.085659982463147,-0.5623631739211841,-0.228057210502935,0.0436598118103683,-0.8069779165699983,-0.0427451609303203,-0.0066882079142956,-0.7885603950330256,-0.0626850045354499,0.0517190610597052,-0.6626762629262133,-0.0546666063498418,0.0941213297333786,-0.5588039194945239,-0.0287251802702506,0.1065879084531638,Up,2026-07-28 16:34:58.797,sess_20260728_163307
0.0,0.0,0.0,-0.4025088796101201,-0.0985697370868963,-0.3032802621502257,-0.7365126541391608,-0.451463358383374,-0.4876759699249607,-0.8363870798878532,-0.8164958900457152,-0.6318554320494155,-0.7422843335488976,-1.1379572163625062,-0.729761427613965,-0.5089345655418375,-0.973087183417142,-0.3432167614827105,-0.4984101285160792,-1.2745958909616129,-0.6017774067338733,-0.4669564557535618,-0.9176032085891668,-0.681161485202958,-0.4701005352115707,-0.6409502302128863,-0.6953849869584665,-0.1691307152108059,-0.9378558246211508,-0.3030202194515453,-0.182054872750226,-1.1880769130818594,-0.5885808112451857,-0.2145642989082032,-0.7356822689361935,-0.630036324390527,-0.2458639486088799,-0.530385496448761,-0.5975437686515306,0.1556564017180552,-0.8367011787572758,-0.2984956632281507,0.1470627905837497,-1.0830138032419525,-0.6063812925610254,0.0691295681470205,-0.6276666426018965,-0.5138835540980903,0.0322720812558264,-0.4277453522417987,-0.3829228057406434,0.4608281150814773,-0.6831879641589136,-0.3119183674048205,0.4009615659913776,-0.8633973933671855,-0.5445682705878228,0.2952716106217806,-0.5288750144317631,-0.4772522080903345,0.2503199285108446,-0.3585582186193244,-0.3731500682232164,Land,2026-07-28 15:10:06.155,sess_20260728_150914
0.0,0.0,0.0,-0.197027865918148,-0.2602736665719961,-0.2877215833999696,-0.2086810396413382,-0.6061219253005528,-0.3154555308454406,0.0437951097059188,-0.8661145660898013,-0.2929241809583689,0.2622655014603904,-1.0366946300907445,-0.2439253961412028,-0.4093025012053138,-0.9828668137365094,-0.069168731913808,-0.5003793368162339,-1.3928368804821905,-0.1254244634062421,-0.5570334449843225,-1.6651967246138004,-0.1711631444084953,-0.6014843964556229,-1.886001182041178,-0.1945152662998569,-0.16474722733283,-0.9856691407750242,0.0362587370156537,-0.1507674015003278,-1.4349836791476442,-0.0215846190877895,-0.0930566881116451,-1.7289144072108265,-0.0727402323384883,-0.0308505966497352,-1.9707870917172607,-0.0807034394768937,0.0331101818697902,-0.8760501205733456,0.0985926208575672,0.1377514251392676,-1.039196794007932,-0.1035768315767286,0.1142949099279957,-0.801990516762753,-0.1930313682729333,0.0843712673401883,-0.6410601540258476,-0.1685777287582745,0.1812345617446455,-0.7412810169003158,0.1449103679847848,0.2700504328678653,-0.9096978720079254,-0.0635642717962911,0.2956227446471606,-0.8327178413666818,-0.1314865386672301,0.3030264809591417,-0.776503029943649,-0.1189948887464579,Backward,2026-07-28 12:40:15.301,sess_20260728_123245
0.0,0.0,0.0,-0.2010385258399986,-0.3070722182374846,-0.1767212974129273,-0.2662727206377546,-0.6788144282317516,-0.2186755451309173,-0.0613706071710724,-0.9804889354420896,-0.2551081019970478,0.1313414405385671,-1.191307210570554,-0.2773142469974058,-0.3333862127692182,-1.0710757877781028,0.0226676678543978,-0.3149650831097848,-1.48940345043695,-0.084716369551321,-0.2791572726698995,-1.757306014333654,-0.1704189225991501,-0.2315016581927471,-1.983342137580311,-0.2348143232807072,-0.0694490873334077,-0.9968781064722952,0.0375614843259432,0.1265695488584172,-1.2536671273118425,-0.174171309653645,0.1062481232734224,-0.9858503204380734,-0.2546841450257539,0.0336984482421458,-0.7620353730589169,-0.2414799200875154,0.1601085917317468,-0.8634656223342617,0.022379164733087,0.3142822456885575,-1.0623486503842,-0.2148045236961687,0.2071072721601045,-0.7892967566143555,-0.1986744438681869,0.09956398026505,-0.6009144039607939,-0.1087608205648838,0.3300455973717664,-0.6956890192648814,-0.0071992067524654,0.4242399158236056,-0.8591978501329931,-0.1812731637017929,0.3124740676732449,-0.675662953435376,-0.1527160942236456,0.209945454096999,-0.5208944415589731,-0.0788810026539976,Forward,2026-07-28 15:03:20.669,sess_20260728_150120
0.0,0.0,0.0,-0.3549164341867074,-0.2053591889624668,-0.1471359227092246,-0.6268765366098603,-0.5076263694970129,-0.2136638254014947,-0.7727316348827703,-0.8129996205514577,-0.2719315123719933,-0.8891965344616043,-1.0531903332913832,-0.3209239180307762,-0.4517604496275187,-0.9161066728534027,-0.0475837852642483,-0.5555864158868554,-1.284140645546077,-0.148953582700866,-0.5936393852256604,-1.5201392866492232,-0.2459877447624932,-0.6065304499039023,-1.7270706282476933,-0.3191182063991684,-0.2277214042088354,-0.9723095783999154,-0.052507578661894,-0.255842477446989,-1.3925319753640857,-0.1330647268952757,-0.246067796609938,-1.6644718703853574,-0.2175201061972591,-0.2295466105331296,-1.890992904613552,-0.2801483576430464,-0.0086722454846152,-0.9326772454850168,-0.0850949750831602,-0.004772971554765,-1.3190088948091128,-0.1716630340594398,0.0099059870252099,-1.5609323293742654,-0.2407103847180281,0.0125902175498163,-1.7568008311518488,-0.286162197830356,0.2165697692070674,-0.8212725811905984,-0.133528501441879,0.2710829670244741,-1.0939801059389425,-0.2033742331331,0.2973333043979948,-1.2820711895882535,-0.2355594047834624,0.3140023147466578,-1.4434398708325398,-0.255549074005821,Takeoff,2026-07-28 15:09:31.833,sess_20260728_150914
0.0,0.0,0.0,0.2239928627958831,-0.3609024564279086,0.0728658792134813,0.3306020304102302,-0.8175205664355841,0.0809780281734756,0.4378936621181485,-1.1660412111409109,0.0748802053740593,0.642609814807493,-1.320365499131922,0.0606042866864531,0.1960011352012819,-1.057294025583254,-0.0967202843982032,-0.1783139192907643,-1.2853424834648488,-0.105768106262081,-0.2213840554929733,-1.108430941514832,-0.0891353482966671,-0.1497491745265513,-0.9617745127511956,-0.0787793520834241,-0.0610198184698311,-0.9853806286224686,-0.1590647619351867,-0.4084563069554873,-1.158784325757568,-0.152457725719901,-0.4250263005261982,-0.9940513001248512,-0.1222853825754695,-0.3427155747019993,-0.8676221840793886,-0.1263647459492906,-0.3306058977927022,-0.8641651953439791,-0.2039926597642294,-0.6225853462999794,-1.0987158833758666,-0.2235714124418369,-0.6212207403947092,-0.9443625255599404,-0.2003320372275717,-0.5216401536851037,-0.8063815380704022,-0.2074984419751616,-0.5879355330414612,-0.7114176391868312,-0.2345988184804186,-0.8760754442304665,-0.9997152751243223,-0.2626090611686049,-1.071106510995004,-1.124977537421587,-0.2531985432852214,-1.212269967520809,-1.2613525943395976,-0.257022917241384,Hover,2026-07-28 16:26:18.225,sess_20260728_161633
0.0,0.0,0.0,0.0038689422426552,-0.4795585986637827,-0.0498694227874115,-0.2103031583947484,-0.9030198260138236,-0.0951819804746187,-0.4591130677093302,-1.2276570874072232,-0.1360015984533016,-0.554689007913088,-1.5315274937362895,-0.1827295825957942,-0.7200482756167301,-0.839738416892498,-0.0720242315469336,-0.9245734321911898,-0.6961095252849251,-0.1040954960080191,-0.8831201572356641,-0.5697298645621243,-0.1509795597959336,-0.8204845554194505,-0.4934220537883241,-0.1887157195393318,-0.8162343705909361,-0.5719058147789934,-0.0817630190733828,-0.9335755409752834,-0.4110950398204828,-0.0529676219745283,-0.8120481312043404,-0.3579314520553625,-0.0751335309268048,-0.6744860373623999,-0.3251148734400445,-0.1272542039437568,-0.8243097911955608,-0.2814088234777656,-0.0880545111239335,-0.8984743187779237,-0.1798773478000964,-0.0847120599627881,-0.7665051251838989,-0.1476532886216247,-0.0880146667260169,-0.6173260330534702,-0.1305593736473549,-0.1164916861695957,-0.7985108256057639,-0.0281134989793804,-0.0970068643137654,-0.8450780001536157,0.0617942089411934,-0.1026398172509394,-0.7299420796348777,0.0853469607015024,-0.0763036075391145,-0.6091156049441644,0.0865388037590256,-0.0616414853010305,Up,2026-07-28 14:57:22.696,sess_20260728_144941
0.0,0.0,0.0,-0.2352857547849102,-0.2340409203716141,-0.2147763212338954,-0.2908959906710404,-0.6213663880532541,-0.2506325684290241,-0.0749186258759056,-0.9330270924202346,-0.2656724095666245,0.1271044624805421,-1.1160300026912435,-0.2592845492060436,-0.3964459183310396,-0.9861667397103734,-0.0876945102508,-0.5297201240097168,-1.4562935794849312,-0.2037111933972193,-0.5926858892146822,-1.7552338957994922,-0.2782809523199311,-0.6462429918659109,-2.001717436234886,-0.3172664828614071,-0.1410735009923781,-0.98877852201281,-0.0491457192837432,-0.1066523632996543,-1.4823686226238446,-0.1659644719330602,-0.0680868990981926,-1.8061695756107177,-0.2399297139180954,-0.0439589432809472,-2.0875611008859525,-0.2611000331477,0.0742153687448704,-0.8965075310504994,-0.0426564481251587,0.1935032632819046,-1.108395500316573,-0.2755254155432582,0.190274084886136,-0.8531032199464345,-0.3363824386833478,0.1710836910592859,-0.6696701006865128,-0.2903299924164387,0.2524706155310943,-0.7565339551411183,-0.0474584839907642,0.3627982329335083,-0.903920702750202,-0.2447292455034345,0.3642967339915273,-0.7507827719490028,-0.2615757083176887,0.3275157734625624,-0.6170022372035429,-0.2120283914438963,Backward,2026-07-28 14:54:40.665,sess_20260728_144941
0.0,0.0,0.0,0.3286295174326242,-0.3224929069851884,-0.009179429228795,0.5257711958039507,-0.7382768506274887,-0.0101846394306436,0.6559376723720676,-1.0767640167230963,-0.0109061548935636,0.7632209840413932,-1.324702363775527,-0.0197294933298678,0.1834468354188379,-1.0387553230149114,-0.0363325543299411,0.0141927941410859,-1.1083970945687645,-0.0242006655188291,0.0199531871965207,-0.9223213390270965,-0.0449951541295383,0.0586313470644527,-0.7870703499443265,-0.0632057126153755,-0.0797976889349575,-0.9948269922699476,-0.0628616281348901,-0.2239742892277328,-1.0126849776786584,-0.0116912661991589,-0.2030537854825422,-0.851068163402834,-0.0348701429967285,-0.165922049216275,-0.7207071637576818,-0.0895928813127157,-0.3429661470962635,-0.8875546966028341,-0.0831484851579062,-0.4649894274975617,-0.9584768343884712,-0.0810371951263592,-0.4303026162285703,-0.8058474743224124,-0.0963335329763811,-0.3820381639040424,-0.6563414994911316,-0.1308170188247975,-0.5762379421909576,-0.7611187403787513,-0.0978245541048956,-0.7164344887731363,-1.0833653909094276,-0.10428679897215,-0.8035993732127605,-1.2817849952588836,-0.0873409193731746,-0.8704382694189795,-1.4510117754172374,-0.088250454201381,Hover,2026-07-28 16:37:22.494,sess_20260728_163307
0.0,0.0,0.0,-0.1663191503244899,-0.2506181404870131,-0.1579707198451996,-0.1083973642775777,-0.6359924263401802,-0.1748367901449237,0.1647374420415809,-0.9016392566062268,-0.1826740126466059,0.3786172539451978,-1.0566582003024332,-0.1790166726164762,-0.1150909000274841,-1.021485758700103,-0.0559847931108629,-0.1463636368346755,-1.4722804245047532,-0.1169034809165026,-0.1648506522458791,-1.7418294206573366,-0.1613958207434994,-0.1655971364252764,-1.957583599769508,-0.2007175921256011,0.1235892595747331,-0.9916076872295888,-0.0379458765211053,0.1904228685237226,-1.4728412017589632,-0.1080266406707225,0.2496529707576982,-1.735098616951978,-0.1668783588919005,0.28124930592525,-1.9193551155032005,-0.2041476503651451,0.3133419377523899,-0.8664397429985211,-0.0423153157679602,0.4656646503469751,-1.1658625916077938,-0.2004615507241099,0.4547185596123844,-1.0054838830654875,-0.2616173866599567,0.4023224862886801,-0.8391621310158055,-0.2620128137306839,0.466301299533134,-0.7120874034866297,-0.0564441514254537,0.5605963991507023,-0.9278909450605508,-0.2175410679649193,0.5530627874313856,-0.8348621121255925,-0.2564448229731068,0.5142716273546468,-0.7101387816347592,-0.2510279608065781,Backward,2026-07-28 14:54:50.855,sess_20260728_144941
0.0,0.0,0.0,-0.2452826895486389,-0.3572855851122601,-0.137080443719701,-0.2902096111347136,-0.7029673437359968,-0.1277718950583789,-0.0405522227806248,-0.913114160202718,-0.1049318490221533,0.1695722737942318,-0.9583545671873112,-0.067027931756877,-0.3657137776627935,-0.9617186615656312,0.1021008705392699,-0.4734532382428159,-1.3365974399385918,0.0925955334328526,-0.5292692463215415,-1.5753119558951985,0.0397194604998208,-0.5743269826121907,-1.782402625363836,-0.0100052355135086,-0.1536642323693043,-0.9781729529756646,0.1398748646370058,-0.1818692755710748,-1.3823932430293933,0.165491513612117,-0.1839737225183029,-1.6362819290791708,0.1247284370786008,-0.1882811260106875,-1.8369323867418408,0.0832455650097951,0.0474806192891025,-0.9228295224570184,0.1450176593076494,0.0416745944858131,-1.2577559461205556,0.1468497049806228,0.0382829778348179,-1.5026930129827658,0.0884224898158368,0.0394580446230548,-1.6980709416033302,0.0376461413059203,0.2665394497217366,-0.8018998448787319,0.1289062425522456,0.3072907055230482,-1.0286882384646656,0.1291231692456396,0.3260399181454695,-1.19142332523334,0.1176792740123559,0.3340707159295726,-1.325173599044239,0.1021544256933396,Right,2026-07-28 15:05:20.512,sess_20260728_150120
0.0,0.0,0.0,-0.3122964619356084,-0.155880279973652,-0.2094454294323677,-0.532301238664552,-0.4331877685726663,-0.3171145283751758,-0.4747097695321581,-0.7546568425310675,-0.4118085994954381,-0.3439531286668068,-1.0148511052677345,-0.4900443150149005,-0.6780655251116037,-0.9078190928505028,-0.1220966914639039,-0.8313632270484921,-1.3546594284987663,-0.2927820546432337,-0.9082863200955524,-1.6335365953901233,-0.4197156140235538,-0.9626986476845278,-1.8680015176237863,-0.5119745434161381,-0.3923788743381674,-0.9139083002800436,-0.1039732545049656,-0.3628067707451052,-1.138749269112779,-0.3551731643272264,-0.2847114272443526,-0.803623270009096,-0.4354023101244057,-0.269733585235979,-0.5626592709212068,-0.4309168723387723,-0.1159609239949231,-0.855370005362962,-0.1142708459836626,-0.0870770439547842,-1.0601221005276205,-0.3645588297244355,-0.0926172048955206,-0.725065549373104,-0.3194341109647672,-0.1257910422085078,-0.4952604580039021,-0.2208820059376892,0.1204386297214388,-0.7592860966162903,-0.1429321481583812,0.1167060133280848,-0.9084614160888456,-0.3305276476381867,0.0709663849942186,-0.6771682547967159,-0.290783756682845,0.0287313476011803,-0.5040840027032533,-0.2113848407334304,Forward,2026-07-28 15:03:18.040,sess_20260728_150120
0.0,0.0,0.0,-0.2107081769499843,-0.3830323999384167,-0.1021191416280883,-0.2210603562642235,-0.7520431262541554,-0.1173145390372911,0.0436477207597807,-0.9245054358361916,-0.1347053833382494,0.2780907078598054,-0.9108403551498372,-0.1482790723737413,-0.173789823879637,-0.990811126690778,0.0234330839951814,-0.2569412945709759,-1.370640172647034,-0.041445778462334,-0.2876167213611761,-1.6183334902882776,-0.1180038564264736,-0.3016848815217577,-1.837240460660626,-0.1830928553206556,0.0507397619031538,-0.9986308684907852,0.0127226199877012,0.0935358179052244,-1.4197398620325474,-0.030165603053819,0.1310457464958974,-1.682045938452471,-0.0882059365938519,0.1585626386031388,-1.8889421212214976,-0.1381284573148319,0.2476371218897273,-0.920157473449236,-0.0232501696864673,0.3355559145378017,-1.2774257395196784,-0.0850186359137438,0.3815399270822637,-1.5258829467046584,-0.1512720110245266,0.4170625071411265,-1.71933049559989,-0.2004152692802168,0.442205447483613,-0.7630214027371212,-0.0748202164628104,0.5681417938704382,-1.005596395638598,-0.1251214332920126,0.6381540505763487,-1.1900057454618522,-0.1500146801207808,0.6837545982195385,-1.3421150914899005,-0.172104992215158,Right,2026-07-28 15:05:22.975,sess_20260728_150120
0.0,0.0,0.0,-0.2835281096045748,-0.1782554901986986,-0.1676776439410217,-0.4097971062525094,-0.5418314245490161,-0.2079431295981965,-0.2161642499235855,-0.8305900714825397,-0.2262253820242711,0.0449670202925486,-0.9717286809200044,-0.2514262993196848,-0.4374266282856867,-0.9278926711108698,-0.0678355267486901,-0.6539382477416593,-1.2894576722541822,-0.1480447114214244,-0.7644188357543948,-1.5286938495383646,-0.2248199427452607,-0.8390940174533941,-1.738371351020202,-0.2885084688714695,-0.208046374981933,-0.9752135318859716,-0.0753344083627522,-0.2477977035307857,-1.436234343207677,-0.1480174873640751,-0.2547162611343353,-1.725868536420584,-0.2236900049197406,-0.227005817789636,-1.9645834019682915,-0.2685491587344705,0.0105611321862479,-0.9069744691761248,-0.1068599686756862,0.0549171665423847,-1.3252344171489914,-0.271047657860606,0.0556151664871564,-1.6068796259927869,-0.4027596424599712,0.1045227028190358,-1.8652769057687408,-0.479747603297342,0.2116201278341535,-0.7394004204730632,-0.1441958647257133,0.163944174389828,-0.9331404567787538,-0.3398892325095022,0.0917762661585371,-0.7902325625046401,-0.3828026278108653,0.0898506307072613,-0.6299790177711608,-0.3880293035713956,Left,2026-07-28 16:20:29.273,sess_20260728_161633
0.0,0.0,0.0,0.1357163472621451,-0.4416950756276984,0.0167441383287595,0.132111534524951,-1.0174497491687469,-0.0342072024784145,0.170198330833041,-1.4426491452479973,-0.0853117806350382,0.3704708220853459,-1.689816933007111,-0.1325383233489786,0.103946707371922,-1.1328341938709068,-0.2470842256168789,-0.4473244415389777,-1.3982723653640143,-0.3386105621718557,-0.427284205912648,-1.183421909063222,-0.3508522803751736,-0.291358857148437,-1.0534216514255392,-0.3642179220211121,-0.1066297608463112,-0.9431905185590372,-0.3146771993681668,-0.6787415973161047,-1.2077182233989916,-0.3795112694798474,-0.6198218771182566,-0.9947347530782408,-0.3248394893723739,-0.4603392623858598,-0.8760833916933032,-0.3176662781529363,-0.3659553662479727,-0.7344348954235975,-0.3748865488217446,-0.844999336721845,-1.0478216639440563,-0.4489489527741689,-0.7961806794102497,-0.8601398148885986,-0.3779453903493419,-0.6450719758520146,-0.7199828253280217,-0.3572103504471489,-0.6089271555099334,-0.5140932312327309,-0.4292418050208024,-1.0028108216728435,-0.7456361055157439,-0.5324492434663585,-1.233281603827066,-0.845286063138778,-0.5550022170754192,-1.4077411303332954,-0.9585609072004144,-0.5807726139765194,Hover,2026-07-28 15:07:46.704,sess_20260728_150120
0.0,0.0,0.0,0.146533081503328,-0.4317423251955006,0.065235998380089,0.2026679603048707,-0.9337592527795704,0.0359240289684974,0.2716545386563456,-1.3237716885251911,0.0009625874326683,0.4385926684733619,-1.567334377868061,-0.0352361176841108,0.1952640070348148,-1.0928532998236091,-0.1849259151299586,-0.280371506251747,-1.3568879172270043,-0.2062681504626855,-0.310208817952429,-1.1527622583869384,-0.1779858014108988,-0.2241862371968447,-1.0180531337593304,-0.1678938046559867,-0.0495007083450045,-0.9638883226816148,-0.2616657816210707,-0.5215071674770101,-1.2010462947473703,-0.2683666440558865,-0.5012465985347431,-0.997484692659342,-0.2088809670347519,-0.3829175836638565,-0.8628773044511184,-0.2054800687495738,-0.3301222540382188,-0.8109273430190378,-0.3201565583959957,-0.7204263114262504,-1.102714016923112,-0.3423782504507212,-0.6970402494656425,-0.9175563282633206,-0.2787444586977408,-0.569945310614993,-0.7790225287821382,-0.2736827133661098,-0.603948489711306,-0.6346839496405682,-0.3671091108327978,-0.9410481551324026,-0.92190695992127,-0.4248327506239038,-1.142208026648719,-1.0344401397431378,-0.42564507155103,-1.2860945956585264,-1.1770934448556811,-0.4422878865920348,Hover,2026-07-28 16:25:48.999,sess_20260728_161633
0.0,0.0,0.0,-0.3229715122603247,-0.1155167194065299,-0.1603308181549879,-0.4702206549536822,-0.5665004180698511,-0.2059403243091027,-0.2645565882007188,-0.9162002412686784,-0.2166642968309147,0.0400547954695875,-1.072227937040374,-0.2304067223006836,-0.2969761639734119,-0.9820132189785198,-0.1460499671760724,-0.4234709486605908,-1.4598410024897372,-0.2148384448011239,-0.4794963971891587,-1.7789295509859429,-0.2591533695973902,-0.5082556734938166,-2.0451049571184226,-0.3026877208622808,-0.0148652547204322,-0.988477734440236,-0.1506346331956738,0.0598031065343708,-1.5064009375302685,-0.2363307354297021,0.1070952359218254,-1.8328484041577728,-0.3036899502898658,0.1760747813135616,-2.1074162902738065,-0.3395921310670061,0.2137943147501225,-0.8823981012490922,-0.1679488710444961,0.3766050843057726,-1.369362851965447,-0.3456090370320769,0.450222116662914,-1.6609554091044547,-0.4592996643136078,0.5700569003698611,-1.898330818784966,-0.5191432028810393,0.4036553629184701,-0.6770074069001841,-0.1841806396471533,0.3493343982919485,-0.9545889680695316,-0.3840101287361523,0.2384138694750134,-0.8164160965126788,-0.4054601866176083,0.2141099919298625,-0.627150580498748,-0.3936299994335404,Left,2026-07-28 14:55:34.951,sess_20260728_144941
0.0,0.0,0.0,0.2047516140111197,-0.4020813187088935,0.0261665436954714,0.3274708605695783,-0.929917338108362,-0.0205529013093716,0.4594510549313231,-1.320675200351611,-0.0661805585999044,0.6757430351266508,-1.53922902897673,-0.1109992982624576,0.2941451123195704,-1.0756394210716431,-0.244766367965241,-0.1530146683874092,-1.4322880886817762,-0.2941058070386332,-0.1971402810186393,-1.2386984459416888,-0.2691863755140973,-0.1122793776566103,-1.0908697032156776,-0.2600233443697903,0.0444362915954155,-0.9488087305412716,-0.3127097837259136,-0.4224623112045504,-1.294828482608,-0.346202182585351,-0.4239997196321748,-1.0975974109406037,-0.2802216621589571,-0.3138598040075714,-0.9489239532250764,-0.270524915471261,-0.2475854959004818,-0.8054754822640172,-0.3678204238928702,-0.6153170322978049,-1.180020238508933,-0.4152380647279742,-0.6090665787389784,-1.0022051693603289,-0.3480649744426987,-0.502208850637466,-0.8428009205478499,-0.3379637606933157,-0.5164351571190817,-0.6451891163342952,-0.4153400533927948,-0.8437466062007261,-0.9486870982186428,-0.4985474961607234,-1.034614565481021,-1.0780871490273372,-0.5150416459696193,-1.16677309861711,-1.216772202636787,-0.5418179121577723,Hover,2026-07-28 15:08:02.370,sess_20260728_150120
0.0,0.0,0.0,-0.1287625172902384,0.2886244142135848,-0.1984209124054294,-0.3948131548540364,0.5586284993823319,-0.3098205895136225,-0.5870038176309585,0.7944823178325784,-0.3929518990005508,-0.6826154945156832,1.0348464337307768,-0.4438613290266544,-0.914051063715581,0.3978044322203949,-0.1772023896964198,-0.8124867654268784,0.3386399875099263,-0.303468460946355,-0.5545984198864263,0.3003749158435739,-0.3545353942386996,-0.5413306325093415,0.3314313225219041,-0.3922041438935723,-0.9770979125512016,0.1473972991225575,-0.1534721652269878,-0.7972107471706098,0.1052678090221411,-0.2832522551078286,-0.4998780467399397,0.1134940787180711,-0.3031000112174976,-0.5298853737509582,0.1760045043169957,-0.3110590006969396,-0.9222326903568464,-0.090438092843296,-0.1522758116552414,-0.7919825637098072,-0.1245119203746732,-0.307206048140944,-0.5208882887226906,-0.0938143924681572,-0.2669890954079322,-0.5199688987350447,-0.0231364076077823,-0.2261820353620577,-0.8125516423840168,-0.290592241522432,-0.1680319354529871,-0.7373720959827897,-0.3297798506723706,-0.2779441316736015,-0.5323626457598696,-0.263415444763674,-0.2463193450395888,-0.5080329517830174,-0.1828953043323451,-0.2089450629003219,Down,2026-07-28 13:05:35.913,sess_20260728_130400
0.0,0.0,0.0,-0.1094848116185699,0.2977981502381256,-0.2475234127038867,-0.3266854925796925,0.6066233476107564,-0.4124435473646364,-0.4903069966440987,0.874913829603581,-0.5399039930919171,-0.5945791380450046,1.0994091142438558,-0.6357535958996142,-0.8807938156478734,0.4031040110211663,-0.3174821572123195,-0.7609120343123119,0.4256533997000161,-0.4703171023808311,-0.5180018260709924,0.3801789386452981,-0.5233390288753279,-0.5056907608804294,0.3670010198552157,-0.5570968840900504,-0.9516576243702416,0.135842416844737,-0.275489752556731,-0.7562850441367374,0.1731392761206291,-0.4142925050830239,-0.4751324038513715,0.1651116885658637,-0.415577200736716,-0.5054629702322686,0.1550796493660433,-0.4155221091029782,-0.9125662803335988,-0.0994798763241179,-0.254510239753275,-0.7445577734991947,-0.0631765519445754,-0.4020520573502519,-0.4824769140693216,-0.0383344674792319,-0.3568532901503566,-0.4854437900410859,-0.0296517903160205,-0.3207031912184452,-0.8139171387090203,-0.3018566065378327,-0.2573730602970382,-0.6861661214397311,-0.2727823945530579,-0.3534264726887985,-0.4952059096963577,-0.205699079796538,-0.3256987945070291,-0.4805927801954888,-0.1744999510916527,-0.297633967311091,Down,2026-07-28 13:05:34.057,sess_20260728_130400
0.0,0.0,0.0,0.13592995441326,-0.475314614135066,-0.0356160532064469,-0.0151964484148354,-0.986215233851945,-0.0487374118882907,-0.2080742013531758,-1.3571254866860418,-0.0523381165280743,-0.3620444098281658,-1.632459266266882,-0.0536089355760158,-0.4873478080050832,-0.9724065415991576,-0.0754842325419097,-0.8670377211280095,-1.033234002506055,-0.099276878946479,-0.7597621280425462,-0.9147519359853632,-0.1111514844560814,-0.5989799966446493,-0.8444870675246572,-0.1170953957259519,-0.6944335163148742,-0.7150783253762456,-0.0801565967070938,-0.9945822859819956,-0.7920667258706516,-0.0557543867929984,-0.8596699788844113,-0.6932426394976493,-0.0378137324940979,-0.6896844741733902,-0.6179240011449052,-0.0447288994638706,-0.8196271779388983,-0.4314907824951134,-0.0845331058132636,-1.028546789183524,-0.5141684584130111,-0.0876177462308778,-0.889064141872527,-0.4495047305065435,-0.0667937712052681,-0.7332480615298408,-0.3902290705473845,-0.0688946549486511,-0.8796961797313101,-0.1694194125896653,-0.0876095135892237,-0.9909445624569512,-0.2432860337718428,-0.105093564300331,-0.8433030392412086,-0.1819971609023865,-0.0722832390557094,-0.700844832014358,-0.136035690654368,-0.0458393220104703,Up,2026-07-28 16:35:32.626,sess_20260728_163307
0.0,0.0,0.0,0.1415042067049541,-0.4489586748121089,-0.0087457867060782,0.1060850366098817,-1.0143766181260467,-0.0660660917126369,0.1107782303221204,-1.4463391759835724,-0.1158998639203448,0.3138600150822164,-1.6951330121498258,-0.1601501225987277,-0.0095387192778659,-1.1163530214561843,-0.2915953542248694,-0.5632054760721147,-1.3377070194901917,-0.3581308231023314,-0.5377900775438531,-1.1454308000090625,-0.330907211158649,-0.3939007807230594,-1.0334352576479615,-0.3164641820348079,-0.2337239114841595,-0.9099230690938396,-0.3426560104994406,-0.784614304621421,-1.1221314117753016,-0.4187880690931948,-0.7245324433441654,-0.9380319514117452,-0.3660993381607789,-0.5635216280773357,-0.8299203491166733,-0.3496495494766619,-0.4768904582955656,-0.677730980468389,-0.3814673618076824,-0.9489770920568674,-0.9684969793013596,-0.4631665080884657,-0.8889050778925636,-0.8132044272851694,-0.3994433411002975,-0.7258068238786608,-0.6988240932055917,-0.3750575626702098,-0.6788161024759269,-0.4352685022330274,-0.4138203125080878,-1.099781150951269,-0.6398953885344492,-0.511096770885668,-1.3521087951787123,-0.7258342764359806,-0.5326780617073836,-1.5421271164196284,-0.828660664652265,-0.5560276925969999,Hover,2026-07-28 15:08:26.116,sess_20260728_150120
0.0,0.0,0.0,-0.1265764430041784,0.2989082748351532,-0.2141179019001734,-0.3776762369598461,0.587423577331376,-0.3510641420595447,-0.5722625391935995,0.8370086117504787,-0.457251862646605,-0.697470034001644,1.0559930791697518,-0.526999103043619,-0.9422835253730416,0.3107864015304173,-0.2515911055754314,-0.8567809092469253,0.2986207704602024,-0.3746470769343087,-0.6216785580484855,0.2775738961361023,-0.3977498406509623,-0.5982968373842446,0.277803278004982,-0.405964578830215,-0.9741503354588452,0.0701319523322522,-0.2147385228306415,-0.7643492628507537,0.0675052501995937,-0.3139873836061783,-0.5231762179232854,0.0808365172505212,-0.2960441772875858,-0.573402882559705,0.0796146236569804,-0.2847112793282503,-0.904726751169335,-0.1395865598978974,-0.1995274628168178,-0.7069136202721559,-0.131900402397186,-0.3068056603017066,-0.4944625343658693,-0.0892403478342179,-0.2584843143544457,-0.5253962179212163,-0.0639735309169212,-0.2247135065455303,-0.7877320713693864,-0.3209260592038506,-0.2071857051967991,-0.650479192253353,-0.326418869139228,-0.2782077943850646,-0.4895754262150166,-0.2583519752579736,-0.2517630448472347,-0.498880932681667,-0.2066882938220534,-0.2244314414425381,Down,2026-07-28 14:57:57.324,sess_20260728_144941
0.0,0.0,0.0,-0.2121837276122453,-0.2448513726497491,-0.1709931245691549,-0.2857705892124651,-0.6318166934859452,-0.1693197001373537,-0.0797478806339401,-0.9134907298889956,-0.138237636549054,0.1628733323559129,-1.0157864653274151,-0.1009108544813519,-0.361451606379755,-0.9615211685769204,0.0058789434549704,-0.4690405480886288,-1.3503650849785935,-0.011558053356186,-0.5252651973385607,-1.5766400568492018,-0.05412305050397,-0.5687115630708336,-1.789520138868198,-0.1006100997577118,-0.1623724568095324,-0.9862178015742362,0.0317747246678427,-0.2193999673803075,-1.4306551564255443,0.0294900174462554,-0.2432166332394061,-1.6765857222724825,-0.0196595019867908,-0.2603449819641636,-1.8981018480013911,-0.0661377161989586,0.0324358471753048,-0.9312199755381848,0.0280153957120456,0.083762859812264,-1.3043384367222368,-0.0671870158791002,0.0988327474386796,-1.542156317597251,-0.1882238606915935,0.1249584082513257,-1.7733719227827325,-0.2737693541564346,0.2188146837833812,-0.7967435867574135,0.0130799433392979,0.218993876742138,-1.0300053545432628,-0.1083363368584934,0.1437908676015589,-0.904408865627538,-0.139901500820321,0.0953862855455914,-0.7407925310463879,-0.1558597627613029,Left,2026-07-28 15:04:55.225,sess_20260728_150120
0.0,0.0,0.0,-0.3468158399121051,-0.281688300718589,-0.0986402685864984,-0.5245355565260832,-0.7226891201784167,-0.1501084623228129,-0.4396443717748417,-1.0874641313375566,-0.2205582536484796,-0.2377205208903286,-1.2780638613441186,-0.2851178346919829,-0.3269702994103626,-1.0652704900872192,0.0018773817897364,-0.3190905573139107,-1.5329783092971152,-0.1358911239932252,-0.3142921821246616,-1.7995135940952975,-0.2256655594080084,-0.2858120175595065,-2.031500911795964,-0.2933425940593859,-0.083065094632198,-0.996113942491445,-0.0292780400282227,-0.0800134773169036,-1.2677203627822151,-0.2591946586935126,-0.1426810483825143,-0.9193441734877754,-0.3128606662067524,-0.1650998728734757,-0.6772119106813125,-0.2924311367589829,0.1585408120987043,-0.8856473566995748,-0.0841120776624348,0.1637502219117347,-1.128493386868451,-0.318083725177119,0.0398123078049689,-0.7651329855178031,-0.2574050870341993,-0.0056744839576937,-0.5296022351509694,-0.1510775524936824,0.3927284853836568,-0.7361613398668526,-0.1493859762129583,0.3818303296362876,-0.9701310723211962,-0.2977395726012585,0.2451992563153278,-0.7476462422471393,-0.2422862497179794,0.1922367375133646,-0.5734243868270796,-0.1644279047059023,Forward,2026-07-28 12:39:25.510,sess_20260728_123245
0.0,0.0,0.0,-0.3577422248828799,-0.232073525469267,-0.0539801661791667,-0.560415952676878,-0.533594455117412,-0.1133252293652367,-0.7050497988589095,-0.7625796693055593,-0.1895350945420113,-0.7478888345791078,-0.9902455293387636,-0.2332153057186134,-0.1482252804803829,-1.006081439427399,0.0594516084684228,-0.5513983581091042,-1.041395303057988,-0.116248715044274,-0.5833533705168451,-0.776391933713096,-0.2195042163899559,-0.4935013983647237,-0.6498493329345001,-0.2680943658091058,-0.0241995340781878,-0.9996849437198048,0.0066630211112896,-0.5128124512139588,-0.9868384610793208,-0.1654097449540769,-0.5082210537944594,-0.6543102013888255,-0.1874635488520543,-0.3704998821158418,-0.5835953779623224,-0.1625447653027065,0.0847852060526527,-0.9256474390530752,-0.0785033711655876,-0.4008537315319269,-0.8747415461250414,-0.2371708031408506,-0.3838225404159868,-0.5655727546534065,-0.1638537728251706,-0.2410093268811203,-0.5121915091617012,-0.0758804782166284,0.1552639302778518,-0.7899872358663093,-0.1776731415360668,-0.2491332490814584,-0.7601393627170813,-0.2781354700126107,-0.2502158699796253,-0.5577100056662297,-0.231084187634968,-0.1250204065139386,-0.5015818013031026,-0.1621675887588264,Land,2026-07-28 12:37:48.709,sess_20260728_123245
0.0,0.0,0.0,-0.2641071313768248,-0.2583089580225772,-0.1290108049531307,-0.3318379429933211,-0.6784941541585906,-0.1584247468725132,-0.1274829724124827,-0.9792067016732792,-0.1925039222812073,0.0989787677206797,-1.1087293215897809,-0.211585946088076,-0.2567723140147334,-1.0150169885393103,-0.0113722759497292,-0.3432347499867338,-1.442326858762594,-0.1176767815910278,-0.3871922429605494,-1.7047624835406128,-0.1881938965674274,-0.4103557421611162,-1.919483925608828,-0.2318294728120337,-0.0147818213042751,-0.9995901403023604,-0.0245163041512426,0.0710872743509195,-1.4734600118238923,-0.1412562868999136,0.1316841854060871,-1.7653884052007798,-0.2139545334582738,0.1930088403404624,-1.988137063311165,-0.2429917162112273,0.1793655934766987,-0.8831698479943819,-0.0629341543937249,0.3008581513739573,-1.1526324655820783,-0.2647388368867006,0.2167573255380409,-0.9070283164349642,-0.2819255547202788,0.1562490988006877,-0.6974202689150159,-0.2237185299604984,0.346765322254009,-0.7164721574969128,-0.1106665662752223,0.4038923446175487,-0.8871815739983706,-0.2781054731401385,0.3433840260744835,-0.736281443203001,-0.2700613877983841,0.3062341102586103,-0.5877434733779877,-0.2150205584348589,Backward,2026-07-28 14:54:38.983,sess_20260728_144941
0.0,0.0,0.0,-0.3034524918582456,-0.1244654022447885,-0.1598233108944475,-0.4586627090852019,-0.5017189770455905,-0.212286487477944,-0.273045921743489,-0.7788231348623259,-0.2391838724436626,0.0062552825729051,-0.9152956680316616,-0.2771450461543948,-0.3712507116742166,-0.9447080819798472,-0.1258991276023952,-0.571889476115413,-1.3425415673482777,-0.2250534753834965,-0.6925208980721803,-1.585621494154184,-0.3075281758155596,-0.7720441205667702,-1.7957285162408476,-0.3747309203183359,-0.1030362975966228,-0.984425727013064,-0.1424412488444982,-0.0899874623794173,-1.484072181676504,-0.228634614823785,-0.0767085419907751,-1.800052656605626,-0.308019213811927,-0.0344138868506122,-2.06876060197128,-0.3568946841164507,0.1357062849335681,-0.9056872944164088,-0.1785388011443228,0.2128004092171355,-1.3337850566891774,-0.356263600383867,0.2175819105820347,-1.6550349455857536,-0.5020628003239398,0.2678034072328907,-1.9398694313876383,-0.5923029279671678,0.3515263162083193,-0.7281448390798997,-0.2166007249095196,0.1799353130260232,-0.885555825185662,-0.4307986241205362,0.0235675763514331,-0.7491290843031936,-0.4871785512529019,-0.0448414648125185,-0.5878368507175977,-0.5043460585293187,Left,2026-07-28 16:20:11.884,sess_20260728_161633
0.0,0.0,0.0,-0.3286800351144172,-0.3007018496307126,-0.0606699204043264,-0.4687493353926233,-0.7491810698043228,-0.0789684005009714,-0.3394068128799906,-1.102819154880124,-0.1178364097207431,-0.1615040318903906,-1.280793207121519,-0.1551909271734053,-0.3168466705541284,-1.0748787470544747,0.0266667997589423,-0.3757500883102325,-1.5461730762907866,-0.0948479988972165,-0.4000783808172332,-1.8317916442074205,-0.1765108004248878,-0.3906475974171741,-2.075046268488918,-0.2377686523002209,-0.0630076811905161,-0.9979572038878896,-0.0105570506894367,-0.0134994761186391,-1.2696691797557778,-0.2201657565780198,-0.0710201796618719,-0.9199347860123432,-0.2736635452262866,-0.113422030775194,-0.6785838441285117,-0.2535006938903252,0.1770354526959005,-0.8755456483371366,-0.0645003526141457,0.2130558654609081,-1.0945353323354512,-0.2725807155155028,0.0904358187801324,-0.7594841146630507,-0.2193050328834734,0.0150243433747075,-0.5472196327193393,-0.1226137661919425,0.3906438326333817,-0.7231817325740024,-0.1244300634140817,0.4051574636136253,-0.9360877856039976,-0.2516991312530289,0.2843969604860528,-0.7294325718707585,-0.1937116269745663,0.2163790011684545,-0.5647082218163942,-0.1170570589069174,Forward,2026-07-28 12:39:40.647,sess_20260728_123245
0.0,0.0,0.0,-0.3647136993397437,-0.3056553869475317,-0.1136885546014014,-0.5558301697852989,-0.7925134561540212,-0.1464866613887677,-0.587910208726461,-1.2137743636745426,-0.2120562435723465,-0.605192380330628,-1.5219466699157542,-0.2384332248777215,-0.2382997106798818,-0.9935998429713268,0.1097898598593945,-0.2184932877218123,-1.2869980478638512,-0.0634342293234185,-0.2308176381905835,-0.9972148014907676,-0.1457343035195394,-0.2267042681291094,-0.8252839729044289,-0.1586943415027026,0.0032919264868718,-0.9953435248794544,0.0963349920877551,0.0165911038590415,-1.2253079472344708,-0.120833067887086,-0.045441412410393,-0.8892947970091168,-0.1924545915720475,-0.0654124274789785,-0.7459734145819872,-0.1805476207383658,0.2482780547070604,-0.973595707216908,0.0380632512121683,0.3220102636249162,-1.3080221827547645,-0.1750406325061195,0.2163746594236768,-1.0176800985502263,-0.1708124040357261,0.1426158191146673,-0.8259315539475441,-0.0935029187527635,0.468787658990108,-0.9306225865283728,-0.0335046278123494,0.5583375658283447,-1.2935963964049315,-0.1318067390894925,0.5821837854159987,-1.5275412004187623,-0.1458751717800244,0.6056296913708057,-1.7620820925010414,-0.1222005076531839,Hover,2026-07-28 14:58:48.599,sess_20260728_144941
0.0,0.0,0.0,-0.2828433261922301,-0.2558903146007329,-0.1003299645507487,-0.4445635724566607,-0.5420461831052381,-0.1789408708668904,-0.4995242979938906,-0.7787110771132842,-0.2739846602259259,-0.417513529588091,-0.8727019850242759,-0.3595912160416325,-0.0856884128745138,-1.021259465536814,-0.1045131930421038,-0.1662645583606292,-1.4302959442534866,-0.2560346274459414,-0.2263054028734916,-1.6956792498009396,-0.3569265814543479,-0.2543759904077329,-1.909035958514837,-0.4204186501694513,0.1347324909455951,-0.977273906726538,-0.1636547191957664,0.0411956793649237,-1.4090301040880555,-0.3098500867083377,-0.0399584677923809,-1.696690585285871,-0.4030063916847862,-0.108808228562611,-1.9384146683133217,-0.446247262652474,0.2789865212982051,-0.8166267811778235,-0.2401431395807945,-0.0653798251871213,-0.9534082311183038,-0.4327095995246275,-0.1937191354231714,-0.7703888241981273,-0.4792352178227198,-0.2371000696579362,-0.6097097176762967,-0.4568338856720135,0.3058930683868763,-0.6129801489166412,-0.3275711876271016,-0.0710450620190606,-0.7028731388378626,-0.4629240843352037,-0.3075915761946817,-0.7172655813780558,-0.4803751050988029,-0.4802674406069494,-0.7106882170537053,-0.4619417996295166,Backward,2026-07-28 12:40:13.702,sess_20260728_123245
0.0,0.0,0.0,-0.3425863304080965,-0.1107200641852653,-0.1234199345484931,-0.5115362317448521,-0.5196579054283693,-0.1536620804500975,-0.3432767637223747,-0.7995067705036591,-0.1653496431703896,-0.0701444558904772,-0.8379206682373876,-0.1822926433555345,-0.2645673201402926,-0.9964048084448272,-0.0520850588396992,-0.3841958500085669,-1.4133198310979898,-0.1100077412434814,-0.4298894954207739,-1.6919393679898451,-0.1607577011395115,-0.4483429157089206,-1.917181226253244,-0.211277745369256,0.0044911566111944,-0.996343863635376,-0.0853155021577259,0.0627785527493886,-1.488470454692141,-0.1673211185351311,0.1166685887173604,-1.7943950048838695,-0.2374022961437232,0.1927762105355967,-2.0399425572499896,-0.2691288736710258,0.2147197277607766,-0.8870948936794463,-0.1358056173157871,0.3197924226210097,-1.3694016836818443,-0.3135492667128064,0.3805329846026991,-1.6552724632849949,-0.4363687743801354,0.4925306020683672,-1.871421648806188,-0.4951717764175079,0.3771933737604744,-0.6793816227962083,-0.185807459086341,0.2354403224131248,-0.9512483649904028,-0.390215663670249,0.0891076255195366,-0.8150257348202197,-0.42365578778821,0.0393771185509707,-0.6104462716614049,-0.4156462122902449,Left,2026-07-28 14:55:25.081,sess_20260728_144941
0.0,0.0,0.0,-0.3059623672933283,-0.1395032530945693,-0.1874376619426508,-0.6086238774398686,-0.5131030509833644,-0.2745910595880287,-0.7366406357755781,-0.8832792925807837,-0.3525781111675659,-0.6122944793982932,-1.158109543325287,-0.3828372394713586,-0.5181085171313902,-0.9356587093107076,-0.042553020221393,-0.5180080880950942,-1.2111776250203827,-0.2517641223216053,-0.4271794819346451,-0.8883911671366469,-0.3395179129344264,-0.3934421593066681,-0.6554281403474679,-0.3550288298105689,-0.2662706278481204,-0.9636104408465028,-0.0235557007320084,-0.2655150305300829,-1.2161171045324703,-0.2482051607211167,-0.2069171284111852,-0.8001433919642198,-0.2875534523866709,-0.216375151881651,-0.6084126469880723,-0.2456942670252298,-0.0053221287837343,-0.9350393562442187,-0.0463837686640326,0.0271365845583261,-1.1886249609164197,-0.2799061107483059,0.0432856468115158,-0.7978343173113511,-0.2146197171809888,0.0187474042578683,-0.6040226900248301,-0.096461760370751,0.243417408803213,-0.8572868424626899,-0.0836315848999663,0.2575164008136656,-1.0865373506786598,-0.240542016457964,0.2213835467014521,-0.8182858424584947,-0.184867310108325,0.1787717384542455,-0.6568932694170765,-0.0910581626497662,Land,2026-07-28 14:52:25.623,sess_20260728_144941
0.0,0.0,0.0,0.1117926179029229,-0.4093931880081992,0.0683885957647987,0.1169188390495066,-0.9129762080601932,0.0588694705803169,0.1457094397792157,-1.298042956623839,0.0408583736103775,0.3174207259519749,-1.4977382494697786,0.0261887883602262,0.0806692127561861,-1.1098010742995432,-0.1596144989366713,-0.4566904358260186,-1.304431721746089,-0.1856303023656008,-0.4674663523563909,-1.0834024421512636,-0.1576002244129058,-0.3625673242393615,-0.9557969151345443,-0.1435280861899191,-0.1220876648253469,-0.9657874595369236,-0.2287994429597871,-0.6683624526586215,-1.1295149597313794,-0.2601277120643736,-0.6322708654240149,-0.92131948064611,-0.2085357166522628,-0.5076487878605545,-0.8129765515354795,-0.1964836106069481,-0.364379709090716,-0.7977457985067322,-0.2797682652829281,-0.8444958581899304,-1.0258771894125296,-0.3198162349501315,-0.8112840223486939,-0.8238867128410564,-0.2556148769999445,-0.6832488316652273,-0.7012530656724824,-0.2349362378737266,-0.6095960386449423,-0.5999617654064593,-0.3190427398673698,-0.9991639260964948,-0.8561440442147606,-0.3803887436033929,-1.2180808199411255,-0.947603482225862,-0.3787339958802876,-1.386943464138481,-1.0806447168469715,-0.3842652825491802,Hover,2026-07-28 16:25:34.156,sess_20260728_161633
0.0,0.0,0.0,-0.1262943639040738,-0.5390137158789353,-0.0995521646485963,-0.4532780126603835,-1.1413103137468352,-0.1621034998579664,-0.6969593976789135,-1.5775537728968188,-0.2027354619435343,-0.926802718945786,-1.9438949175251417,-0.2552942238552366,-0.6483476746050233,-0.9694476484128234,-0.2571365284001795,-1.2462213292158717,-0.9188778177034054,-0.3559871821286023,-1.3320762232544816,-0.8302595861336302,-0.3984703117274181,-1.3107403030320692,-0.8091264525346156,-0.4241027317828812,-0.7549232581079068,-0.5990500078845532,-0.2668894198376161,-1.3916218193459766,-0.5712024898985928,-0.3330197838778312,-1.3264181424601893,-0.4878454499152458,-0.3283224106761979,-1.1440756552869846,-0.4371594821137455,-0.3463271669646817,-0.8274134162311194,-0.2242382989961611,-0.2754958272781119,-1.3684046118324296,-0.2195531168491815,-0.3672221097815785,-1.2535890682461548,-0.1764548996357259,-0.324376612415376,-1.0399686291365955,-0.14654267982208,-0.3007535930825354,-0.8564364286297915,0.0890280036925373,-0.2854293180966215,-1.2529829986719436,0.0587273878519603,-0.3680436103215873,-1.1456584406684782,0.0892146628150624,-0.3240121690672557,-0.9590641144338696,0.1138725619302258,-0.2846309829461796,Up,2026-07-28 16:34:55.330,sess_20260728_163307
0.0,0.0,0.0,-0.1689984546216615,-0.5411571075910375,-0.1064634168401453,-0.1080755570881231,-1.0274307148424886,-0.1559008576039471,0.0022771583552232,-1.3628890608119717,-0.1918619225023539,0.0872767419390882,-1.6333714224900449,-0.203954652078934,0.3133301400311188,-1.133046776655217,-0.1178092705402513,-0.2174170758309112,-1.1913723996497714,-0.2510332454504448,-0.2881805755046512,-1.0182193367075938,-0.3241900154903846,-0.1748533306965898,-0.9521873359551808,-0.367177735463883,0.3774676540671927,-0.9155393623597836,-0.1389454788859668,-0.2588396207489984,-0.96672414036326,-0.253643406762656,-0.2808624609347383,-0.8064430854641071,-0.2723274805831083,-0.157247814269294,-0.748195569420503,-0.2847798821846601,0.3587235584622853,-0.66734002263471,-0.1778019942296491,-0.2364042290840779,-0.718248106327605,-0.3002184986147856,-0.2286656999191168,-0.5853988416514798,-0.2719992391796179,-0.0901567391774852,-0.5545104256931063,-0.2447074342610198,0.2869301653458131,-0.4218516231568824,-0.229536382190274,-0.1670006989835962,-0.4748815249826408,-0.3109614151427695,-0.1680442218271653,-0.3986968437580412,-0.2959223978926318,-0.0428773960894798,-0.3715168479786811,-0.2695618043126291,Up,2026-07-28 12:57:42.075,sess_20260728_125637
0.0,0.0,0.0,-0.2956667802811367,-0.2028191381729883,-0.1625660498721372,-0.4051505781715271,-0.6589476610477686,-0.1948427170462404,-0.2478200038182666,-1.0493901888092352,-0.2166564616374021,-0.0364402872142594,-1.2665965817811138,-0.2260306305696733,-0.3744049683397317,-1.0362389966248984,-0.0385285234774587,-0.3356505739125504,-1.4576065703389485,-0.1365689627361637,-0.2908264472934063,-1.7383815011420027,-0.1997906363464459,-0.2460015274111289,-1.9874918267731512,-0.2561949768404278,-0.1212185394236257,-0.9924189824800848,-0.0202639806848547,0.0190092817722931,-1.280178039889038,-0.2135689427009376,-0.0027448490943893,-0.971688319708189,-0.2599950840496772,-0.0668846157079676,-0.7256146053519156,-0.2324872371918231,0.1168135492435367,-0.8819324999890042,-0.0233277624615242,0.2371376051578758,-1.107591190974185,-0.2459512923559956,0.1370715858405185,-0.7845139170532476,-0.2018551829775822,0.0460016464144481,-0.5703825292919034,-0.1035723894368695,0.3209404610183429,-0.7394733882512965,-0.0388028958426906,0.3828602014266274,-0.9167531025373704,-0.214570992691121,0.276621801667838,-0.6974872398184097,-0.1886897913831564,0.2043982077664486,-0.5275986754520118,-0.1238121710659926,Forward,2026-07-28 15:12:08.123,sess_20260728_150914
0.0,0.0,0.0,-0.1191716725807107,-0.5721101301069731,-0.1091246368351148,-0.4627284819929678,-1.15689560623611,-0.2027842718504594,-0.7253199716376332,-1.5926557996377877,-0.280098694014544,-0.7677284006316615,-1.9700834108803689,-0.340061820347605,-0.383015940340936,-1.191178066442578,-0.2347746926674118,-1.1581446714292207,-1.1521756249751305,-0.3866182263383974,-1.0556236471727731,-0.9824863103654216,-0.4353530705722357,-0.8256214298946765,-0.9752128856940434,-0.4592715741842033,-0.4017032694332036,-0.8791057921635923,-0.2565297049292692,-1.2011871533337763,-0.8072085714542181,-0.3634246232330338,-1.003923058531199,-0.6995029746149628,-0.3609223277094493,-0.7797403711762645,-0.7196770911402193,-0.3791029142897786,-0.4567892341216092,-0.5390788295626898,-0.2856310912683143,-1.135763174906444,-0.4597054966974761,-0.3768840385131369,-0.9311807671521106,-0.3996999097641005,-0.337833614663271,-0.6984425068416349,-0.4423128351022447,-0.3274259360268547,-0.4981281510440362,-0.2099743327754482,-0.3208164342510906,-1.002137666450482,-0.1823749425709621,-0.3977310984314959,-0.8493612848149616,-0.1484852905189739,-0.3812291574114738,-0.631108658228403,-0.154315721201634,-0.3629394680330268,Up,2026-07-28 15:06:36.212,sess_20260728_150120
0.0,0.0,0.0,-0.3054644581110391,-0.2601057875652436,-0.1192168637136019,-0.5096580502238931,-0.6057304727179382,-0.1809714597661917,-0.6085748830091744,-0.9175537411867202,-0.2414721154938583,-0.7023166191504561,-1.1505474990829248,-0.2964532967635288,-0.2815233227136887,-0.9799903143715551,-0.0415736887257646,-0.3394510684146329,-1.357692655203676,-0.1339053756687774,-0.3552069434712872,-1.586957240523156,-0.2213045210090376,-0.3553858120451932,-1.7801435787104278,-0.288565569366557,-0.0736867832804861,-0.9956377334962416,-0.057234269526586,-0.0813454835604011,-1.3963604504885334,-0.1338221152776086,-0.0793015636212375,-1.6364479332523256,-0.2081816787947367,-0.074164696298026,-1.8341800260289696,-0.265011889530624,0.1234688001768288,-0.9261766388858292,-0.0969426046029896,0.1635428019621083,-1.3003732300816948,-0.1751898447161984,0.1859103961921323,-1.5197291661175083,-0.2320260084363447,0.2020574939330554,-1.6973651002204393,-0.2716700931396721,0.3190072182540446,-0.7903663721863781,-0.1510641202991305,0.4065743144880953,-1.0617980843658166,-0.2132428315994044,0.4555565851553978,-1.238893227054972,-0.241471952716945,0.4956560731545359,-1.395379324270353,-0.2604042099526517,Takeoff,2026-07-28 16:28:23.293,sess_20260728_162716
0.0,0.0,0.0,-0.3244196108550043,-0.1040594186565184,-0.202883721925787,-0.6797351614142965,-0.3922850154348791,-0.3076033375097038,-0.7643386671475361,-0.7398596045136543,-0.3915411973191695,-0.5010021754076047,-0.8630176903390447,-0.4297425261403123,-0.6106440582871554,-0.8619414375728516,-0.1203176632357288,-0.6416114645096437,-0.9795045547054396,-0.2930549513699513,-0.5589215768342223,-0.6957407090469572,-0.3396157353239598,-0.4971080751133359,-0.654540912578836,-0.3552068770131426,-0.3653370147141486,-0.9264651962798324,-0.0905047278429443,-0.3360303583830146,-0.9502939396490684,-0.2697533278453164,-0.2739823110173414,-0.5944105645909754,-0.2535200512406255,-0.2729291567855849,-0.5987725404624791,-0.2028195930999169,-0.1255995835480213,-0.924895624813886,-0.0997695521763849,-0.0889851066753548,-0.9086347775900836,-0.3052152008750853,-0.0810994754265244,-0.5767509534848236,-0.2337049604486871,-0.095938112887158,-0.5679344339308786,-0.1365361884737377,0.1069323205862211,-0.8711154633909903,-0.1259951266943764,0.1113559504406195,-0.8668277328087473,-0.2338025430730222,0.0888494679129864,-0.6172145492952245,-0.1800778051072852,0.0667754316315726,-0.574543654060597,-0.1113741017423824,Land,2026-07-28 16:28:44.180,sess_20260728_162716
0.0,0.0,0.0,-0.1907424516334774,0.4519020099179623,-0.195455682496041,-0.5086343988841262,0.8409805008551132,-0.3243979470246291,-0.7537188129307011,1.1564929362766512,-0.44541660649351,-0.9044981758781548,1.419853188529552,-0.5403212533628337,-0.9461528427637816,0.4878528664792203,-0.1666777377022374,-1.2063236494659983,0.5203461017021349,-0.314688662523738,-0.9462591338138924,0.4637668248916488,-0.3853322241951349,-0.7825632661358983,0.4384789395877579,-0.4180051443362549,-0.9682611771732847,0.1974922393358076,-0.1531897783180486,-1.2425257486917696,0.2168125248186055,-0.3074055579473757,-0.9304700165476816,0.1818983630196081,-0.3463697453779201,-0.7690407392089013,0.1819531406529186,-0.3516007543421515,-0.9402270147133416,-0.0792321233365835,-0.1656794229856622,-1.1926861609137855,-0.0724911082161242,-0.2932831547315697,-0.8934815471632694,-0.0684420516488536,-0.2474320570035786,-0.7314303345725456,-0.0406214403534083,-0.1983296721230517,-0.8678877945717038,-0.3289548870372713,-0.2000984694444724,-1.0799157430372197,-0.3344165332992958,-0.2712838400531662,-0.8728910734309715,-0.2854258458274745,-0.221044462257767,-0.7388816228042535,-0.2359267566342023,-0.172573856282097,Down,2026-07-28 14:57:55.192,sess_20260728_144941
0.0,0.0,0.0,-0.3140845337370733,-0.229126403802715,-0.1628163797248097,-0.5048733465591061,-0.6715088615747743,-0.2244387356007454,-0.4343840447135615,-1.0818515421963988,-0.2916608803472894,-0.2357401880000667,-1.3168585790564296,-0.3484310676145309,-0.391955144265381,-1.0295823168193714,0.0232647514319532,-0.4231463110900318,-1.4772816260267352,-0.0835123988581664,-0.4279175958384811,-1.730940756486689,-0.1434116347216088,-0.405096338612731,-1.9474801259652528,-0.189004370252536,-0.1496950377418721,-0.9882698156226984,0.0302351981064626,-0.1516863414594295,-1.2860013771920815,-0.1894903711635376,-0.1716413905015724,-0.955437248109055,-0.2450322805503336,-0.184591915608336,-0.6988180437915845,-0.2128360973337089,0.0827409022630091,-0.898966836075039,0.0061782379353438,0.0877904054565051,-1.1384996967428258,-0.2386400869149422,-0.0010855513774526,-0.7925409361127451,-0.2180920793032445,-0.0453359453412506,-0.5508064186052749,-0.1253165839521625,0.3089743630579362,-0.7817618075501636,-0.030921648660522,0.2835148781273078,-0.9837691107981014,-0.2085102154905855,0.1783105539775845,-0.7618251203378151,-0.197848694447838,0.1268582096844563,-0.5736905467362414,-0.1410662506592087,Forward,2026-07-28 12:39:07.765,sess_20260728_123245
0.0,0.0,0.0,-0.3514083980786766,-0.2234065652856335,-0.0803752970591066,-0.5639559602957263,-0.6559081616473987,-0.123494015213679,-0.7178950626088215,-0.9903938506836552,-0.2020663401247921,-0.9174309377200568,-1.2031993932363192,-0.2518404753599739,-0.2831776387693366,-0.9981091647880062,0.0503332392166807,-0.4000880525743627,-1.249208867823619,-0.1485350366848519,-0.449445798203168,-0.9500903804871238,-0.2419455444718414,-0.4410415130705608,-0.7093990659675121,-0.2485888551660675,-0.0822403263679183,-0.9964840555431936,0.0160017426265887,-0.2165415516975542,-1.2306910860567035,-0.2439563059505725,-0.2833744780991494,-0.840164325377571,-0.3131463649710246,-0.2796773829350257,-0.5716323604193105,-0.2796503550522533,0.1593516165264522,-0.9525816762300648,-0.0533223960831686,0.0437281007474656,-1.2197596616002435,-0.2988050946064087,-0.0857984525647072,-0.8651297465958008,-0.3010668779602138,-0.124093747760646,-0.5987572072048863,-0.206511027592658,0.4173562483482549,-0.8900026553314533,-0.1306040767466803,0.5911905405021947,-1.2344212881409993,-0.2323397484656745,0.6926137239446766,-1.452475078514796,-0.2437793908459035,0.7662990485958177,-1.673491871496161,-0.2129516418356093,Hover,2026-07-28 13:00:13.682,sess_20260728_125902
0.0,0.0,0.0,-0.1934000525148038,-0.4954662549760997,-0.0204500406304282,-0.578226340923684,-0.9755023971136252,-0.0822897268726803,-0.8583132961519326,-1.3312936101422987,-0.1443309294095918,-0.882524771426879,-1.6663513742091296,-0.2087708917931576,-0.7058833376279511,-0.9862622818108014,-0.1980320429022572,-1.3575433453800427,-0.8631793267744963,-0.3256961379449453,-1.2342003837903364,-0.727446654132168,-0.3695831306088545,-1.0266718463361932,-0.743996948578877,-0.3875816854849914,-0.7026489677628969,-0.6668916063847102,-0.2480725971068873,-1.3655003434802324,-0.5403175449510201,-0.3361188515671207,-1.2005137034375106,-0.4578895655336083,-0.3088497869564495,-0.9934817705247028,-0.4702775219407778,-0.3042540116118613,-0.6930423636676164,-0.3389461381459614,-0.2951283797620672,-1.2891420017091193,-0.2522885061089271,-0.3904780069523183,-1.1268745436996437,-0.2074220623778269,-0.318140993531661,-0.9270794465637324,-0.2356611667755353,-0.2733168008654885,-0.678714247929761,-0.0337831459744018,-0.3373816379965687,-1.1557749101630723,-0.0138538829260385,-0.4067770281945825,-1.008711454998646,0.0150896318641972,-0.3457550852435633,-0.8123253947069142,0.0078547501242816,-0.2903779164695276,Up,2026-07-28 16:22:55.131,sess_20260728_161633
0.0,0.0,0.0,-0.3193486189753095,-0.1807332065819102,-0.0881844819231852,-0.5258626314506323,-0.5110346296341837,-0.1329043611778726,-0.6398557967119489,-0.7618375199969581,-0.1861204586710066,-0.7888731119424979,-0.921002983134851,-0.2447397074049868,-0.3333018434389367,-0.9317725989619268,-0.0452084689379398,-0.4843141375163332,-1.2487356721188985,-0.1408932978737745,-0.5553381198139415,-1.4526496766564865,-0.2315042227015605,-0.6051725408302999,-1.6378108533039055,-0.3014274717116607,-0.125940674407225,-0.9883508601756472,-0.0854489538842441,-0.1570785783183996,-1.3906104275906803,-0.170589095500887,-0.1673696415724459,-1.644639159678745,-0.2453479440722343,-0.177149630993147,-1.8435779459840864,-0.3008183663258157,0.0674822388505389,-0.9440939689524512,-0.1459044676910549,0.0667297948961106,-1.3162378692223435,-0.2364959465871589,0.0548745926698928,-1.5419939540820642,-0.3056339408096493,0.0411435819685324,-1.727928423930251,-0.3520809161667512,0.2484460345329892,-0.8292604186848389,-0.21812551080373,0.3277768822583395,-1.1112454953324231,-0.2866676086180242,0.3886798473986484,-1.2828638390915967,-0.3206485612007043,0.4397608573275474,-1.4384996317434413,-0.3468628799490926,Takeoff,2026-07-28 12:34:13.446,sess_20260728_123245
0.0,0.0,0.0,-0.2997402353115108,-0.2723123044055079,-0.1259156156754466,-0.3342316251034486,-0.6873725179445213,-0.1443093920089968,-0.0453704039900719,-0.9127339406220164,-0.1548098410085313,0.1836199254162281,-0.8468204629896958,-0.1614540566249882,-0.2525919302554286,-0.986700244201976,-0.0260042341146134,-0.3524200760612127,-1.3658759207403703,-0.07552236498582,-0.3975537084467743,-1.6158321984201314,-0.1345583759427044,-0.4228888156860674,-1.829014477106869,-0.1939053030683282,-0.0110072200208527,-0.9995420349902642,-0.0281879654273593,0.0136011375095503,-1.431011161750954,-0.0625855791384642,0.0401250809762131,-1.698466784091366,-0.1061597462430666,0.056626125084322,-1.9081904379319203,-0.1470963513235778,0.193018639724067,-0.9136933020656371,-0.0550654807766503,0.2581643827009797,-1.2816598344123968,-0.1237370799377636,0.2897209502660441,-1.5529759522975457,-0.2019685968850027,0.3177359683676774,-1.7649239771622698,-0.2611025778897931,0.4003623024939391,-0.7558150600137281,-0.0972557580876961,0.5615723956556302,-0.9835448806821918,-0.1678491403681222,0.6768733475934846,-1.1464113521566566,-0.2174558432207755,0.7753463305752974,-1.289637032563549,-0.2591990282980598,Right,2026-07-28 15:05:46.033,sess_20260728_150120
0.0,0.0,0.0,-0.1754628861516884,-0.2361466837411866,-0.216680520202103,-0.1875971594406761,-0.5809202826018139,-0.2436706327975322,0.0729900868413349,-0.8119357006472419,-0.2294998078273373,0.3304446846942231,-0.9108798418795826,-0.2081897376890012,-0.225655108511151,-1.0074980382700918,-0.0533155413856482,-0.2198698092222287,-1.406013262040679,-0.0720764547985629,-0.2001606956902516,-1.6376961937016523,-0.1131083415447234,-0.1816463705397986,-1.847204449696478,-0.1584823688147058,-0.0281919711904218,-0.9996020860241864,0.0009393489730805,-0.0375105125419134,-1.4578031972547167,-0.0048147428621876,-0.0487712648415997,-1.7040122709600047,-0.0525866295701739,-0.0549211074447443,-1.920734281295678,-0.0918555615015119,0.146151412698984,-0.8983916694439021,0.0277170419578826,0.2097045515368933,-1.286264668051317,-0.0670041302093157,0.2382197324858755,-1.5361366561958656,-0.1863230630529905,0.2856712759431231,-1.7745580840022277,-0.2718122384288227,0.2905119636347915,-0.7226247641130679,0.0409554752430444,0.3324050761913369,-0.906881519621162,-0.0985634362415891,0.2705630844021132,-0.7863687210199733,-0.1455555712126907,0.2406354146524997,-0.6425964740004685,-0.1666090547578429,Left,2026-07-28 15:04:44.223,sess_20260728_150120
0.0,0.0,0.0,-0.3390871708627724,-0.174082163087329,-0.1143144883811418,-0.5113877056819646,-0.6299655264327555,-0.1210114528313683,-0.3400537971430714,-0.9429144682075472,-0.1183337421274757,-0.0551380454582539,-0.9352816841923756,-0.1250149230885011,-0.2998376379855826,-0.98205974867574,-0.0213081580935379,-0.2866408420811893,-1.4115601424791964,-0.0561252396115774,-0.2544614557316663,-1.6787313117836555,-0.0938360107868243,-0.2177626375055028,-1.9046593029236687,-0.1367075974453377,-0.0898597514414805,-0.9947458191385218,-0.0490507938499117,-0.0718234850408795,-1.4981444665497523,-0.0940730201151668,-0.070861141932684,-1.8312513868582927,-0.1483940933264151,-0.0575339662694628,-2.094921319958536,-0.1799021566963092,0.1075910559883183,-0.92825094284806,-0.0953012839634029,0.1033511439231467,-1.41493990792256,-0.2255995554421211,0.0515980037147805,-1.7365102754974338,-0.3462074070271867,0.0411085152335145,-1.976777812859032,-0.4194383638371093,0.2929783948522879,-0.7747886555741127,-0.1478755725115756,0.1669870028345782,-1.0598490071491415,-0.3251212436827667,0.0247307787347982,-0.9200604898250238,-0.3756696560736051,-0.0348812113123578,-0.7028099483762054,-0.3906848298627826,Left,2026-07-28 14:55:13.640,sess_20260728_144941
0.0,0.0,0.0,-0.2860789621170493,-0.1648826957111212,-0.1360125497604591,-0.4570780502742064,-0.6029791088547705,-0.199791732451156,-0.2938572549703594,-0.969864970169835,-0.2727803421312808,-0.0387390535781216,-1.1613360224290197,-0.3357688275289615,-0.3441442257622574,-0.9837213299744296,-0.089474051889555,-0.502044640233142,-1.4725360094195126,-0.2496679519812862,-0.5911917018633289,-1.7631948681593113,-0.3351752057233438,-0.6463180239645351,-1.998888015359628,-0.3820289475002734,-0.0637084699246548,-0.9898181140278024,-0.1272844531052549,-0.0261085748312147,-1.577676834783654,-0.2908749000342022,-0.0360140217722651,-1.92843461487502,-0.3757083158188375,-0.0149631644413818,-2.2111917370167875,-0.404664385780997,0.1880447530284414,-0.8691942344295281,-0.1875647186655614,0.0951076564836068,-1.2013205654574923,-0.4218282357826067,-0.0439381297637442,-0.8783222977305353,-0.4305227753476393,-0.057748855490868,-0.6266967075878657,-0.3615698402647991,0.4015080437244638,-0.6839756746872745,-0.2576979898576761,0.1948313959873327,-0.9161568696325324,-0.4372374465925504,0.0360568037198941,-0.7822518691671593,-0.4216120086889648,-0.0074880886418928,-0.6649111475331858,-0.3630764332892741,Backward,2026-07-28 15:13:10.622,sess_20260728_150914
0.0,0.0,0.0,-0.30837283556823,-0.1456685163053324,-0.1166149749578994,-0.5337688709139226,-0.5344923572383621,-0.1945176834116486,-0.5277769685089031,-0.8628786696323822,-0.2939696880746734,-0.3618303624627026,-1.0451667952033588,-0.379722652002246,-0.2470253204194672,-0.9933837376102036,-0.0823708894639582,-0.2668503058536949,-1.4736691972484175,-0.2450501220644698,-0.2732326692995239,-1.765403327920722,-0.3295058036898752,-0.2644798683373777,-1.9941587679403576,-0.3703023964876644,-0.0431591169431171,-0.9888454448748932,-0.1425551709860607,-0.0293356320671086,-1.5713632848366936,-0.3383575983703962,-0.0310119393126558,-1.9218300465588865,-0.4299662015599545,-0.0203358318220861,-2.2001628068799484,-0.4435515194961908,0.1556993011552334,-0.8980918431302145,-0.2230724189241411,-0.0994483032475621,-1.1852471441861407,-0.4912255974937019,-0.2534247359034278,-0.9061101811565492,-0.495468747018118,-0.2880492567076755,-0.6655112327364122,-0.4002128711396314,0.3169309165500352,-0.7417697852051333,-0.3130506124198896,0.0347136610993906,-0.9398940466917104,-0.492018772536853,-0.1279270448715549,-0.7645825532008494,-0.4609678279633212,-0.179393363409116,-0.5879869493414681,-0.3790255605991059,Backward,2026-07-28 14:54:35.898,sess_20260728_144941
0.0,0.0,0.0,-0.2537675114110895,-0.1396067729044752,-0.2124000480981845,-0.3273222587984886,-0.4404206068759408,-0.2961549512118956,-0.1223698343044405,-0.6753904874214218,-0.3546058273614546,0.0964173126212224,-0.771777483565069,-0.4006087830823471,-0.4139562419963273,-0.937849935063186,-0.1645728488666638,-0.4261397269493435,-1.3568546790151943,-0.2742339399803656,-0.4214940299257122,-1.6288399681308037,-0.3602780403157838,-0.4224404093006863,-1.8529625119449349,-0.4247429729680644,-0.2089338874940056,-0.9689647465479178,-0.1321134005465445,-0.2504732219028376,-1.40589289520719,-0.2310044366829821,-0.2934277294848822,-1.7025686310445591,-0.3062752735472596,-0.3406993034736424,-1.956864154440084,-0.3581726367393767,-0.0115996906498421,-0.9291976123632096,-0.1245143101731293,-0.0510689149149108,-1.3298506808347414,-0.2250423476755708,-0.0981686955307446,-1.5884405332788007,-0.2925054031139244,-0.1492573161560793,-1.8176286573309808,-0.3328152780384233,0.1814617018448655,-0.8338817984272213,-0.1382548999418731,0.1898470374323292,-1.1512270055106204,-0.2261645878842126,0.1649460933012712,-1.356291600971697,-0.2661426489616505,0.13018946442035,-1.543069903488934,-0.288172521611407,Right,2026-07-28 14:56:13.224,sess_20260728_144941
0.0,0.0,0.0,-0.3486000711643794,-0.1897978806007336,-0.1232080899275099,-0.6076223815199676,-0.5161877542030147,-0.1874325341200109,-0.7704859834984429,-0.8032959417275455,-0.2493795108646435,-0.9533830025202228,-0.985844888529715,-0.3110767065736872,-0.3496508515082876,-0.9362500779122546,-0.0820714326056639,-0.4858901777106708,-1.2878236296900218,-0.1931860471383674,-0.5710278024757146,-1.5169172426545694,-0.2926648479285492,-0.6441322890267329,-1.7127831844717416,-0.3667712810065059,-0.1145580960206055,-0.987586234180529,-0.107470334014811,-0.1373543650231909,-1.4176752432127375,-0.2047812726932968,-0.1417572193357035,-1.686215947118965,-0.2903402532218311,-0.1464970532400472,-1.902461606004081,-0.3518585228756875,0.1054918090980405,-0.9332317016929428,-0.155459494965809,0.1195936239376487,-1.3264470437914428,-0.2601460547694432,0.1231265930669634,-1.5713782381140975,-0.3412822930196829,0.1116268855391107,-1.7776546439206655,-0.3946215218811997,0.3109765032106725,-0.8007068305122416,-0.2161212201263858,0.4246198840790072,-1.0692176040145198,-0.2946611927445881,0.4895046678086365,-1.248431804976687,-0.3353347082428249,0.5307240849946918,-1.4086560179121717,-0.3643009396726626,Takeoff,2026-07-28 15:09:40.656,sess_20260728_150914
0.0,0.0,0.0,0.1145882450735654,-0.3949723478505978,0.1305313864183569,0.0408242609714472,-0.7560011236024063,0.1188618216036729,-0.1612376673182862,-0.954157768658834,0.0715435590179643,-0.379368610012213,-1.0114440380702774,0.0041404065502359,0.1151827182175386,-1.0228047238435536,-0.0630821570199233,-0.0569427585094996,-1.4924499917226517,-0.1309690003921362,-0.1611018842479014,-1.7710655368963637,-0.1701068132522193,-0.2259345848994861,-1.997800465042807,-0.2123276955667917,-0.0378370334229819,-0.9841830534242934,-0.1730666815253085,-0.4874640937164463,-1.207501280952634,-0.2172806321635902,-0.5224679221782652,-1.0175924441155864,-0.1738693997093642,-0.4209099542135779,-0.8925142813171328,-0.158326238599908,-0.2329155911151894,-0.8704245374860519,-0.2658474625136964,-0.6482743145780859,-0.9535090836173564,-0.2592114871596798,-0.605882890669281,-0.794450531917447,-0.1813786974885593,-0.4688756615958347,-0.7242717950805011,-0.1597227966113773,-0.4391933810790714,-0.7266942731421919,-0.3542699383783989,-0.7032100506890125,-0.7528108969860275,-0.3533411163120447,-0.6612447221615271,-0.6085849568814966,-0.3001663802268268,-0.5394798182764364,-0.5405937798837226,-0.2693027321102806,Forward,2026-07-28 16:29:33.305,sess_20260728_162716
0.0,0.0,0.0,-0.2980506862462131,-0.2165077821894007,-0.2144332759497366,-0.3886195365210498,-0.5614587340924927,-0.3362014878109044,-0.1233616608687236,-0.8439171431906055,-0.4463704952239609,0.1948291068753424,-0.919677981028205,-0.5351863870650402,-0.3226957152215711,-1.021398526538323,-0.2133286480931929,-0.4283480978632799,-1.496834529323115,-0.415464671109998,-0.5067380523262551,-1.7991675320288294,-0.5505600460108901,-0.5552668791285328,-2.050481113706701,-0.6358189378399127,-0.0041744519720471,-0.9786788925897518,-0.2053538388977183,0.1590867964463205,-1.5034161089530544,-0.3784202420971241,0.2682085793321871,-1.8417852404572617,-0.4748904194753675,0.3873635251902054,-2.1348095539469605,-0.524034932598704,0.2376487401924906,-0.8114342022292035,-0.2196354702284905,0.3198337750261775,-1.0329047139172682,-0.4305140945429654,0.1284393174105677,-0.7694718668696321,-0.3996202687481054,0.0144570515714362,-0.5592959869139883,-0.3090795282476221,0.4155559635479692,-0.5821931136034383,-0.2540098318312243,0.4237406630714304,-0.7487384504344673,-0.4150420814829973,0.3155792272516906,-0.6751365074722488,-0.370127758342524,0.2374235409724044,-0.6144388168974936,-0.2874447732019857,Backward,2026-07-28 16:18:27.083,sess_20260728_161633
0.0,0.0,0.0,-0.2928656105394258,-0.2864164408326814,-0.1024774212615539,-0.3833834433841248,-0.7837289463870428,-0.1441705108487808,-0.2260349572148928,-1.1632132767157672,-0.2037055898432206,0.0691450840190675,-1.3195435758800638,-0.2551349422015679,-0.2684879536783925,-0.995003276533639,-0.0038454511020777,-0.4098022890893953,-1.45485065310102,-0.1437623219805948,-0.5088859379674131,-1.698827413496497,-0.217823586987167,-0.5725434649808655,-1.901422929465736,-0.2643045309412637,-0.0159921714210964,-0.9987669723724824,-0.0469977164460507,0.0082815151103357,-1.5488929447019784,-0.2169489046158886,-0.0405889032458043,-1.8740067359605224,-0.3061723933736096,-0.0449576131155099,-2.123550498128661,-0.3409575216051912,0.2031998529140187,-0.8982690411310997,-0.1118915603287892,0.1896803998672547,-1.3321467057614582,-0.3504055055725924,-0.0040097037822554,-1.0457302649287767,-0.3404256704871633,-0.045430670592016,-0.8289822204253691,-0.2640835751829148,0.4173596230182986,-0.7285957826922852,-0.1836244015284491,0.2182344741504826,-0.9495465757433292,-0.3853740677087687,0.0803031617362238,-0.7208089918131046,-0.3794064566704587,0.0910313650225983,-0.5335548170758311,-0.326476230161937,Backward,2026-07-28 16:31:39.394,sess_20260728_163042
0.0,0.0,0.0,-0.2197117966837581,-0.472508263135574,-0.0909850530337311,-0.5172691497562875,-1.0433711516917967,-0.169459559145365,-0.6945543663316512,-1.482108926609015,-0.2362465081180779,-0.6474106095280373,-1.8366027859405776,-0.2901943410830402,-0.4139581620030276,-1.171922055654227,-0.1968764159766264,-1.122374301559054,-1.1107951164497842,-0.3454999731704162,-1.0500428727312552,-0.9017172340589384,-0.4007163886326541,-0.8378838261973467,-0.8912592196752188,-0.432136103621648,-0.391418309399965,-0.891164577876251,-0.2293848342962466,-1.1643106562683505,-0.7810923417656203,-0.3348113530497672,-0.9921715636124168,-0.6266678995298189,-0.3261812637550006,-0.779833414643795,-0.6456681488514855,-0.3357379584002169,-0.4160447746758259,-0.570442258338588,-0.2721406531477168,-1.093295895619525,-0.4538605784145067,-0.3714604098228395,-0.9176750841360084,-0.3417436970550643,-0.3218330466790902,-0.7043722580023523,-0.3824930141706402,-0.3011410991003183,-0.4471593654609254,-0.2536499634025073,-0.3206968193037045,-0.98017036211775,-0.1778179829851089,-0.4005332232924294,-0.8415445996607546,-0.1102502391709116,-0.3781140150836066,-0.6389125407629419,-0.1234836482088063,-0.3551537712573512,Up,2026-07-28 12:57:59.304,sess_20260728_125637
0.0,0.0,0.0,-0.2802496570992855,-0.5214322471808991,-0.1122861779670808,-0.5860942183388238,-1.1298912612073944,-0.1987993991917773,-0.7492548778386915,-1.614487000332187,-0.2718736740328987,-0.6822339520009408,-2.0001577375947925,-0.3332661239713408,-0.404404690782057,-1.2210578834980907,-0.1936829415755208,-1.1799466175710445,-1.1282547497469495,-0.3313224561775407,-1.132035295859014,-0.9170805983252016,-0.3815526492639285,-0.9129842533826922,-0.9174986170350204,-0.4145755809748399,-0.3518937725153638,-0.909135461345332,-0.2228081816031811,-1.2081158931145646,-0.7694683374547883,-0.3169424585842578,-1.045986422592185,-0.621720180768065,-0.309088539684305,-0.8220255973869117,-0.6398966435556956,-0.3274651706516611,-0.3674487771914443,-0.5665438965310431,-0.2654170581681903,-1.1207396515015866,-0.4422598214262054,-0.3547641119695638,-0.9485224994334234,-0.3327935559295861,-0.3093490811698509,-0.7182713270933745,-0.370242588549557,-0.2997133922879627,-0.3890025688993251,-0.2286103396310591,-0.3165059379769336,-0.9803372199850742,-0.1535185632494474,-0.3929210098037672,-0.8447435930562277,-0.093343140810688,-0.3752266642460384,-0.6273742613067402,-0.1038681128414107,-0.3603870497170014,Up,2026-07-28 12:57:52.249,sess_20260728_125637
0.0,0.0,0.0,-0.2787332592914573,-0.2166406212237033,-0.1982850175000412,-0.3814440921332913,-0.5877681272596061,-0.2809430133557449,-0.1545971154168118,-0.8603466199310543,-0.3572262568557069,0.1302199064531501,-0.9750106978760716,-0.4148497214561538,-0.2964841904219943,-1.0163526425508886,-0.1377741905896149,-0.4002048497157162,-1.486018384552089,-0.3039220330813545,-0.4539030825239527,-1.78516712842447,-0.4048400138752006,-0.4805542434641445,-2.0320392259847626,-0.4649940672696019,0.0087191536547019,-0.9902397968494692,-0.1391011182380208,0.1171280608272701,-1.5207539420348724,-0.2978794187713223,0.1936177985026231,-1.8582033436346832,-0.3805911827544376,0.2851025437020385,-2.1371809170555585,-0.4125141560395906,0.252017354710742,-0.8479042710955434,-0.1683368639306269,0.2496385608291779,-1.0718706709050054,-0.4030898751959301,0.0843008954510836,-0.7811907438936739,-0.4073345459293285,0.0124635866514966,-0.5738830333575433,-0.332675896295296,0.4358949994797081,-0.6429468260314438,-0.213488559773232,0.3741975591295689,-0.7940822566881663,-0.3936990359878889,0.2521249702111472,-0.649982882769278,-0.3684979107077963,0.1970012678732426,-0.5421764005113493,-0.2985845855830718,Backward,2026-07-28 15:12:46.701,sess_20260728_150914
0.0,0.0,0.0,-0.3166502028305685,-0.230799951495134,-0.1020799713600099,-0.4225946299598363,-0.6398673382874817,-0.1204448978407597,-0.2392965954334092,-0.90015787253694,-0.1319433643519756,0.012048824422817,-0.9707241771471248,-0.1568978617077539,-0.2529716927454186,-0.9730277569888098,-0.0232753400297849,-0.4277183588950176,-1.329197716192528,-0.095784866431107,-0.5306481565830174,-1.546085881043885,-0.1694111690053286,-0.5967128239698214,-1.738319582022359,-0.2322106217835224,-0.0254278453441804,-0.99754111524659,-0.0653081011341001,-0.001414859867608,-1.4805879674276543,-0.1351818302439837,-0.0074017870656131,-1.7696241694842294,-0.2082912108023566,0.0079679273335121,-2.002596288548201,-0.2547504032881553,0.1806894211550502,-0.9168269856003588,-0.1266066119506898,0.2711335805160891,-1.354586665467154,-0.284569961514038,0.2590681915210643,-1.646799707072098,-0.411700292446162,0.2905713084483577,-1.8929104767096188,-0.4902119168163086,0.3599020186723822,-0.7442464746933886,-0.1890959237894281,0.2518624799101765,-1.0008361154100405,-0.3628173809574717,0.089477401846783,-0.8741483039569318,-0.3915276496602781,-0.0024089796011402,-0.6947711650223366,-0.3968682517908454,Left,2026-07-28 12:41:35.864,sess_20260728_123245
0.0,0.0,0.0,-0.3113960771798036,-0.1746856004357194,-0.1406487272858092,-0.4160418310947255,-0.5921455439962368,-0.2011463632499578,-0.2478582849645654,-0.8970471158777293,-0.2429734465255352,0.0246340619965686,-1.028621594086229,-0.2959566453696197,-0.1334130546509242,-1.0115146000356543,-0.1382053259553604,-0.1631935737035355,-1.493451400858903,-0.2470683897802821,-0.1667018961866951,-1.7989523324617145,-0.3166618422709042,-0.144694416899585,-2.046072937874234,-0.373444314919177,0.1010278921911697,-0.9798907077755968,-0.1720684916376306,0.201857072493626,-1.5136913901885105,-0.28495953076628,0.2679070327772157,-1.8395558474791285,-0.3610539563244442,0.3641388676654518,-2.0869424767616587,-0.3967451514637513,0.2877659545117679,-0.8513957527114538,-0.2225986563034755,0.4132214905325603,-1.324668023194471,-0.4168659687049753,0.4987894090566535,-1.6304366300126287,-0.5512324000629673,0.6490684399746518,-1.867009227776464,-0.6317864016530701,0.4224981981793342,-0.6357843103759162,-0.2733869812901141,0.2557219128170463,-0.8136411229398629,-0.5031051984257229,0.1035902297035255,-0.6512995647939881,-0.5642107555504003,0.0636643167221395,-0.4445056774664442,-0.5821972875808953,Left,2026-07-28 14:55:43.433,sess_20260728_144941
0.0,0.0,0.0,-0.2951474851692561,-0.1139397816626847,-0.2595516259732654,-0.5630611247922349,-0.3179608612591142,-0.4311129760929664,-0.6510653124522378,-0.4905926235302045,-0.5642662088870709,-0.5032870264317566,-0.6214757929703837,-0.6507452769621023,-0.2878189559627284,-0.975119210516064,-0.3077156946938194,-0.3207605248419932,-0.7501197847203258,-0.4902322852123992,-0.3483190320556099,-0.4768930865457722,-0.5532794078179949,-0.3501527448602877,-0.4350133119620539,-0.588258245123387,0.0040553073985297,-0.962359546009576,-0.2717492570112123,-0.0600762378594139,-0.6285962226092052,-0.4499194806172213,-0.165647519311388,-0.360892197202685,-0.4690672091636503,-0.1894322462315207,-0.3743492586781633,-0.4674485764817981,0.2449063226385336,-0.8380766889975397,-0.2630561939146028,0.1561604180699624,-0.4664778348906591,-0.4444947661108851,0.0238121223062611,-0.2525946797051713,-0.4116223113127303,-0.0155508328854953,-0.3003634086378035,-0.3719461531007171,0.4393586416695009,-0.6563962833716658,-0.278980206618231,0.3546675176651108,-0.3660244857183884,-0.3978702555291696,0.2110022932586271,-0.2089581759859678,-0.3896177905837433,0.1339785846555168,-0.2524013314992264,-0.3663792591745461,Land,2026-07-28 12:38:08.038,sess_20260728_123245
0.0,0.0,0.0,-0.070200379468161,-0.4987980895560791,-0.0546712798369986,0.1335803021025663,-0.9965313411997504,-0.1009947019994704,0.2969938543326046,-1.3389351621467442,-0.172926575971413,0.3046143469250376,-1.6222398034394097,-0.2294452434385345,0.6295006947839212,-0.902367380092527,0.0079464535093884,0.8783156436548375,-1.1327463796975554,-0.1869356034747624,0.5746310315025492,-0.9861279491022537,-0.2925609268489579,0.3863526471059771,-0.8464835425761192,-0.3348028655707943,0.7410589599502663,-0.6697677352153133,-0.0473581961436415,0.9692958992760105,-0.8983032524797024,-0.2473791719546418,0.5765443171320118,-0.7202404668165021,-0.2766559941721331,0.4199442414068468,-0.5767300839490421,-0.2437506393812659,0.8169641820764536,-0.4005274433470387,-0.1317203857672267,1.0208744500753033,-0.6249119166454231,-0.3149452653713632,0.6195886277709821,-0.4804929651637603,-0.2362904128882527,0.4640146603915227,-0.3599429105374493,-0.1357256450015938,0.85340487642082,-0.1009182174025465,-0.2235922376706828,0.9850493757039804,-0.3290214046200288,-0.3182968928014142,0.6902781931906563,-0.2865814553591305,-0.239697320019614,0.5680819068076075,-0.2046301425613296,-0.1553451118441333,Up,2026-07-28 15:06:22.369,sess_20260728_150120
0.0,0.0,0.0,-0.3742126168439028,-0.3515650816490668,-0.1170937215575441,-0.5542984460198501,-0.8507419281549642,-0.1648883712619854,-0.5612303317970588,-1.2605477012533326,-0.2410377545014533,-0.5875501149511902,-1.5502701164350845,-0.274834282116381,-0.1841528092739312,-1.0228672668640535,0.069246720223012,-0.1604255135203513,-1.2684995182337353,-0.1068779697285733,-0.1953515193574553,-0.982188261367976,-0.18374409935451,-0.1879648950760805,-0.8420958782382675,-0.195353262270923,0.0475740732083323,-0.9972735784331954,0.0564102589731479,0.0704557040325024,-1.2017242931221646,-0.1343534396372957,-0.0161128596953028,-0.8738087998684336,-0.1661101269720765,-0.0146336762347874,-0.7977448017928221,-0.1387169777428379,0.2822682616129737,-0.9491451986363866,-0.0016551800288954,0.3583199574986126,-1.2485254524813567,-0.1938966475761846,0.2516583773470392,-0.9578986935791748,-0.1539849469271646,0.1968531830787839,-0.8005551884143267,-0.0634405244932001,0.4873423167622079,-0.8887820696494424,-0.075459122435418,0.5991352377068025,-1.2304191069807136,-0.1611607191953314,0.6454052787780419,-1.449381892084166,-0.1536330069384887,0.7017569202793245,-1.673613200674578,-0.1187905829766031,Hover,2026-07-28 14:58:46.999,sess_20260728_144941
0.0,0.0,0.0,-0.3057542690544315,-0.1827508524218443,-0.0746047025350012,-0.4664617317343958,-0.5151814294442678,-0.1087004545459695,-0.3897116388775968,-0.7416092765513778,-0.153941631014699,-0.2133081016446287,-0.8068445943825806,-0.1963401687340741,-0.3119281693910306,-0.9422918542496174,0.0044734301235022,-0.4443115826480974,-1.23598611391334,-0.0786434279975639,-0.5297266031825955,-1.429590424530467,-0.1642806595893081,-0.5927644998913452,-1.601853246645823,-0.2345752842504276,-0.1474134373333809,-0.9882220646100572,-0.0410661601734751,-0.1933580168335825,-1.3697624206381636,-0.114094168262285,-0.2362189020491598,-1.6281517519641888,-0.184036448640965,-0.2688762082567464,-1.8381963768765368,-0.2356581839521837,0.0032701086429403,-0.9413754972028612,-0.108228339398742,-0.0201757620027584,-1.309890876810662,-0.1915583689193922,-0.0576528333106855,-1.558167217183717,-0.2599472924267534,-0.089854604147693,-1.7602957436349884,-0.3074591654221232,0.1402677938845552,-0.8234522442786407,-0.1878705460195604,0.1402706773239723,-1.103111362579598,-0.2631798682999477,0.1236095876840484,-1.3045469985389386,-0.3023896464109377,0.1054465144517538,-1.47933571358368,-0.3312274045946544,Right,2026-07-28 12:42:55.460,sess_20260728_123245
0.0,0.0,0.0,-0.3569616516336235,-0.2450413673728178,-0.0766894119362724,-0.5665719018120909,-0.7056392817926649,-0.114928587586928,-0.7046771629828235,-1.0474527848849209,-0.1876767723564516,-0.8992902105397935,-1.2519905836484078,-0.2326806868334346,-0.2781382544313612,-1.0213114888526615,0.0383153286561616,-0.3950468189550507,-1.2614007361326298,-0.1684141130390376,-0.4376235959685964,-0.9471383199035084,-0.2624871883357155,-0.4260500625553052,-0.7007035705164696,-0.2693027156781743,-0.0662544715453585,-0.9978016048578356,0.0015173474793224,-0.199730851117981,-1.2184798297698078,-0.2629763571905336,-0.267335099766637,-0.8263118465366481,-0.325018282877011,-0.2667044998266059,-0.5617521917536318,-0.2885050384093494,0.1772009381177823,-0.9299401328147758,-0.0706857791678507,0.0709386569329329,-1.1863550131645395,-0.318992980594929,-0.0673146634214064,-0.8358677792021639,-0.3107021790884655,-0.1210337866106074,-0.5753113439155716,-0.2113427110346661,0.4284062470800616,-0.8506392846279219,-0.1509677805817817,0.6143284712495637,-1.18140228533774,-0.2635731519295872,0.7339824738930848,-1.3903401538671032,-0.2756873026749144,0.8259470542330668,-1.6068656187475412,-0.2450551376262882,Hover,2026-07-28 12:59:42.962,sess_20260728_125902
0.0,0.0,0.0,-0.1941861735925462,-0.2491821481488063,-0.2355894250320651,-0.2108006349123619,-0.6180383754339471,-0.2290487360374521,0.0596883020679479,-0.8640215319272745,-0.1708854191220384,0.3067766292809388,-0.9852763727787254,-0.0995744185867845,-0.3572163824922192,-0.9704437100719848,-0.0051397296479495,-0.461806804390193,-1.351846967361308,0.0008773845713082,-0.5225412363380227,-1.593186902426035,-0.0273365917375824,-0.5643334225100768,-1.7938434411283102,-0.0594264834343447,-0.1520561347303472,-0.985751325111248,0.0719253566712403,-0.2402618720383287,-1.4196328767229198,0.1205664044424289,-0.2879513297839615,-1.6486644997943125,0.1025106494249078,-0.3113515847385415,-1.8440096337177656,0.0758004262603853,0.0411372728182737,-0.9196856898337562,0.1090713143767305,0.0734380053324911,-1.2862440788581146,0.0473513456945341,0.073156425942763,-1.5003155904868917,-0.0707634201567608,0.1013718445792979,-1.720557721423429,-0.1584524791541047,0.222994697203715,-0.7701825037235844,0.1279982411124967,0.2689824020902075,-0.9714985683452476,0.0173673130645501,0.2257581207407084,-0.8307284591444187,-0.0256159118363923,0.1994899144162042,-0.6758904506146464,-0.0491621145760307,Left,2026-07-28 12:41:44.918,sess_20260728_123245
0.0,0.0,0.0,-0.2535524176371145,-0.2429998198032061,-0.0845990970053191,-0.4170718257356743,-0.5835077920229371,-0.1523214022520472,-0.5159781074546024,-0.862733648534642,-0.2409437381941208,-0.4862820923500653,-1.1115320339209231,-0.3231674633374881,-0.0207051131743743,-1.0113793322965168,-0.0167886798713728,-0.083276523182662,-1.3926497819958292,-0.1758937013152713,-0.1268035353558915,-1.6482193378255936,-0.2743199036732014,-0.1389412294042514,-1.865810189379904,-0.347221353358962,0.1463506472484608,-0.9871662926786572,-0.063907735439711,-0.2893141387845288,-1.1224646904924689,-0.3291124771738057,-0.3930163063301496,-0.7738528294624821,-0.3857257008554373,-0.3184041800712256,-0.5689020719159124,-0.3614374347353761,0.2920832279010658,-0.9024485302252112,-0.1359221425588647,-0.1636861942057378,-0.9710101842005768,-0.3832553975853279,-0.2106468486146415,-0.6344025255135816,-0.3222314116469913,-0.1087256959922333,-0.4708798979091863,-0.2181871323440974,0.4106348557028078,-0.7545486724736834,-0.2209894962313109,0.0210114373759286,-0.8358748033163799,-0.3821282564448227,-0.0409149721218317,-0.6022253707534404,-0.3378947590520639,0.0461328487865541,-0.4698564091516731,-0.2603434202767906,Forward,2026-07-28 15:12:32.976,sess_20260728_150914
0.0,0.0,0.0,-0.2880800376084574,-0.1747378821538102,-0.1895646743933674,-0.4536106697313812,-0.568782791597317,-0.2592189495911384,-0.2963384598211978,-0.9266286148245868,-0.3201897032983718,-0.051126917665703,-1.101361782306009,-0.3659306129039082,-0.3882621953780959,-0.958984401138573,-0.1173188763839069,-0.5385134161963118,-1.420805757024763,-0.2514605562709378,-0.6266638142215782,-1.6990413061147078,-0.3312327078428093,-0.6721098884216891,-1.927386528753939,-0.3789514856581729,-0.1156644683682001,-0.9876280564713972,-0.1058893423703846,-0.1030217375966509,-1.5177030509984293,-0.2274389005472845,-0.1071435399321252,-1.838543831602797,-0.2909466952381845,-0.08452178409784,-2.1108004183891675,-0.3140847287466335,0.1261577294835747,-0.8991893899058173,-0.1206824688944703,0.1062530561847844,-1.2253748409963754,-0.3200481157932106,-0.0047012018957654,-0.956832489955626,-0.336306200476094,-0.0413982753830172,-0.7471684831304204,-0.2811506163022303,0.3336410319480331,-0.7449148697288113,-0.1491984597390299,0.2583244773071989,-1.002671060632063,-0.3124484006655788,0.1693752790744285,-0.8881395448768878,-0.304544462883034,0.1411281613656919,-0.7685794942572736,-0.2526237964445287,Backward,2026-07-28 15:12:52.734,sess_20260728_150914
0.0,0.0,0.0,-0.317752047321475,-0.2245524336541771,-0.1208933093585372,-0.5288293518422144,-0.5673440976668487,-0.1863621841463427,-0.657493849718969,-0.8568822279138094,-0.2509157010266793,-0.8289228708871582,-1.0333149887740292,-0.3190358586552705,-0.2853357070433507,-0.957384116030776,-0.0856362280092457,-0.3969504465801008,-1.2879788042399467,-0.1884026999360237,-0.4588842226766984,-1.4999252859671393,-0.2846972853013906,-0.5106594798784679,-1.6876843630300806,-0.3589468552244765,-0.0601698915591883,-0.9921294625054606,-0.1098121750006861,-0.0424528910620221,-1.3972031829260896,-0.1936280575797849,-0.0415393243810304,-1.658674647268248,-0.2680900010788744,-0.0515683808380581,-1.8725245233099703,-0.3257576933710862,0.1440544687031283,-0.9199630477977372,-0.155858359025615,0.1655786696055561,-1.2988408839529224,-0.2484167136140756,0.1713443599811289,-1.5531523013454636,-0.3262332742951876,0.1670890647132265,-1.7703985074984363,-0.3823891508518333,0.3281806914045887,-0.7712471077813939,-0.2151683589316974,0.4390249153128019,-1.0157818875285218,-0.2875324673938355,0.5026664096729031,-1.1760495500403727,-0.3264579599796207,0.5401548444925326,-1.326203165487174,-0.3580359239111754,Takeoff,2026-07-28 12:34:11.125,sess_20260728_123245
0.0,0.0,0.0,-0.4752831945933624,-0.2677479593902453,-0.1887337963620688,-0.813309422007908,-0.7190376232898215,-0.2818743686562827,-0.9568145239663116,-1.159279559696413,-0.3894599242377972,-1.0113134760890476,-1.476527802190336,-0.444667304909283,-0.3243506120891457,-0.9875730221563036,-0.0411514805665473,-0.2965911541151995,-1.287975036766402,-0.2489038919247879,-0.3029112223372162,-0.9645287308106624,-0.3311449987039109,-0.3296459813714484,-0.7994426893991892,-0.3396522364895614,-0.0416186345487963,-0.9989705436438496,-0.0180483292912426,-0.0143903153822606,-1.2498011476847868,-0.2579171572986252,-0.0736789870008062,-0.8584516870174745,-0.3176405023588575,-0.1288388402192579,-0.7672858212078965,-0.299325431864517,0.2438545713319988,-1.013413146780482,-0.0385315612015159,0.3106607914200726,-1.3896869094200832,-0.2670156547345013,0.239795268443497,-1.048525633179855,-0.2392718377506634,0.1709237324313121,-0.8814393584826596,-0.1459037910568324,0.4785322891569031,-1.01630156666069,-0.0756721752449765,0.555695917483717,-1.4252972880778445,-0.1763835723441877,0.5887300915807249,-1.6716139174856204,-0.1746141129262054,0.6200364525997568,-1.9559088858184897,-0.1386487769840722,Hover,2026-07-28 14:58:39.113,sess_20260728_144941
0.0,0.0,0.0,-0.27200783667539,-0.2030962454553156,-0.1091838608637857,-0.4669129041480567,-0.5602138673073183,-0.1818834057693827,-0.4531903606774322,-0.8846686618823275,-0.272763566195215,-0.2472636092835033,-1.0107245333229622,-0.3494404263940979,-0.2396263832933723,-0.9720888098514198,-0.0729816642545116,-0.4063467838572736,-1.3803323707760282,-0.2236596297747561,-0.5059907080635123,-1.6328827124313934,-0.3128609038183688,-0.5697148861244091,-1.843801353737389,-0.3645629218114107,-0.0064514425486544,-0.9913669988758512,-0.1309574451069108,-0.0723833657653092,-1.4796787038357735,-0.2861742024427946,-0.1306781546147228,-1.7794030144523858,-0.370254535733874,-0.166350702203033,-2.027786347073726,-0.3968380010182194,0.210305042812133,-0.8857897595635134,-0.2100235554065033,-0.022559846073061,-1.05495722427167,-0.425924053918118,-0.1757791556912992,-0.843641764229387,-0.4567373815389805,-0.2239631753911365,-0.6651314218121588,-0.4063505185079966,0.3663884839695889,-0.711041086515259,-0.3001701486169707,0.1070751819398065,-0.8221178981727666,-0.4466243218171559,-0.1106915374053511,-0.7502641127112539,-0.4408108494510853,-0.2447993200359409,-0.6620169765376517,-0.3961951290110242,Backward,2026-07-28 15:13:20.125,sess_20260728_150914
0.0,0.0,0.0,-0.3297611497845815,-0.1578879491129494,-0.2276072015292891,-0.5953536026954027,-0.5315026178531516,-0.334838077513321,-0.6763450640561441,-0.938689330584444,-0.4129134946048172,-0.6172960434181392,-1.2514418347420553,-0.4397771353808527,-0.5339815891255191,-0.8932339891417929,-0.1762199495807785,-0.4451381614223957,-1.203047344217156,-0.3330179270550449,-0.3193662360269684,-0.8994511857006239,-0.3721212382557632,-0.3330774828538298,-0.6418413622714229,-0.3674141539244079,-0.2850255608018651,-0.9504244069071016,-0.1243136213166774,-0.2042764914504608,-1.2450089376546123,-0.3108811598409962,-0.0992846344976193,-0.8599768212123845,-0.3557095225719526,-0.1648002085120442,-0.6308519791915298,-0.3428773221278861,-0.0576465084422033,-0.9768547281757364,-0.0999997885005282,-0.0039731937277239,-1.2515678685776055,-0.2915460388780215,0.0666783216435232,-0.8906081313145586,-0.2613467137092118,-0.0059961577340741,-0.667537250765724,-0.1923123475736928,0.123933466249591,-0.9695928937900168,-0.0922961996824442,0.18566877589541,-1.1628216979573751,-0.2514953886387461,0.219809181604196,-0.9121612517676526,-0.2401944242268232,0.149689327164647,-0.7335624652402487,-0.192449058001533,Land,2026-07-28 14:52:14.328,sess_20260728_144941
0.0,0.0,0.0,0.0663458243949144,-0.3872131247640549,0.0947461285924074,-0.0266153899788151,-0.7486085004317705,0.0565454665051325,-0.2819502793953398,-0.9824148113568746,-0.0144680837616188,-0.5238709285714079,-1.0508261973106456,-0.1030114637286914,0.0992602597446606,-1.031865166236121,-0.0626712257361457,-0.0719558664127626,-1.463643819724454,-0.1190175439446995,-0.1888300518674766,-1.7204743662678648,-0.1580952679897577,-0.2634529293907124,-1.936492126713447,-0.2070870316685389,0.0180236903764744,-0.9857201283067138,-0.167424535944432,-0.5103322782417354,-1.1618302544549204,-0.2149567342977589,-0.5485942551494191,-0.9621840892166008,-0.1950155915275002,-0.4316585889002932,-0.8584197979755555,-0.1995774020950732,-0.1297528024391416,-0.864116428127942,-0.257482050220039,-0.6351926096627298,-0.9458437172400082,-0.2541848006126602,-0.5968087173053942,-0.769925115032509,-0.1905993954854357,-0.4393969608273139,-0.7097584323649735,-0.1836599721148557,-0.3051887321271603,-0.7191667642993727,-0.3471215715422764,-0.6710378441387639,-0.7554853365145837,-0.3536493995028845,-0.6318444814790853,-0.6017048095745212,-0.3100941595658379,-0.4919152395366148,-0.5368828075918909,-0.2886274642300492,Forward,2026-07-28 16:29:32.503,sess_20260728_162716
0.0,0.0,0.0,-0.2697944414689833,-0.3583054029084254,-0.1179216043082783,-0.367928799411933,-0.7254142188289201,-0.1446037582237494,-0.1649524406353115,-1.0042654513283924,-0.1851320806435638,0.0767094151852516,-1.12859491384777,-0.2158540065102014,-0.3471587342686457,-0.9905613169167388,0.0548144728607561,-0.4862886850604995,-1.3729033163577635,-0.050246572721027,-0.5639064714180335,-1.6230117993623612,-0.1370120363305454,-0.6153663569027108,-1.834043568738262,-0.1831955672144825,-0.1165806936259287,-0.9924050954930912,0.0392564429494769,-0.0603694792532114,-1.4587461252302356,-0.0560347923687533,-0.0257634491834429,-1.7515474756348477,-0.1301241952218672,0.0177912269896641,-1.980672261049255,-0.1591838983186704,0.0936603237399106,-0.8871303994113658,-0.0064989167780771,0.109670741154608,-1.109781855943877,-0.1739042888659897,0.0120407129200038,-0.9107956521449678,-0.2053072187056404,-0.0436036649007905,-0.725597464399925,-0.1591428240434547,0.2675123062114251,-0.7302523178454751,-0.0642307386584529,0.2545512060161221,-0.9805849473871152,-0.1564480251903478,0.1439912732382776,-0.9389124088884524,-0.1196791254624345,0.0672448854283591,-0.8524803488103534,-0.0579156916046956,Backward,2026-07-28 12:41:08.437,sess_20260728_123245
0.0,0.0,0.0,-0.1774604624369084,0.3789602952130221,-0.1713973084277107,-0.5076763395215262,0.7504263144524375,-0.2662222896589414,-0.7550133247308214,1.0622028538421853,-0.3644498366124761,-0.9093394263376858,1.2951216496374802,-0.4407541289477313,-0.9115386613273132,0.4753788076404187,-0.0480425021567403,-1.149955383863259,0.5697474867900724,-0.2294248047368889,-0.8916399445651438,0.5583974572225553,-0.3471341058750327,-0.6942775506977091,0.5089876831109927,-0.4026190807974267,-0.9718648866117632,0.2305263592374211,-0.0483346652811846,-1.291812228930816,0.2909200925573649,-0.2527471232074222,-0.9649690211527834,0.3297888887601197,-0.3243035312047106,-0.7413798358627275,0.293297018340417,-0.3222610514808339,-0.968479117531624,-0.02039031992064,-0.0853039290206368,-1.3220391929232789,0.0030014554780784,-0.2760271286057086,-1.025221309065026,0.074414107524784,-0.2599842458041586,-0.7992570464262231,0.0699703910884065,-0.1950286971690776,-0.9072040025149416,-0.2631358746825606,-0.1401615714590309,-1.175903744822823,-0.2532568773551364,-0.2682986439506284,-0.985959198188811,-0.1476157225120746,-0.2458240134341182,-0.800521054024135,-0.1180963070249536,-0.1936465706007288,Down,2026-07-28 16:35:46.024,sess_20260728_163307
0.0,0.0,0.0,-0.2594865896454326,-0.151459054219068,-0.2018002352104513,-0.4999429807224572,-0.4779295859222442,-0.3479673013914984,-0.5460584328311313,-0.762523238126672,-0.4820396119894918,-0.3200356815076102,-0.8693200423562197,-0.5892760437389044,-0.3160985639725026,-0.9740944802795176,-0.2340485878048433,-0.4087479048395378,-1.3887207590780082,-0.4957517325065174,-0.4658842701671838,-1.6238468159420585,-0.6299242513416997,-0.5011555767858616,-1.8456608877327072,-0.718630097483856,-0.0232120407609925,-0.9748654559512538,-0.2215819125214508,-0.1423149612356262,-1.019559591889631,-0.4915600588130354,-0.2136882034407044,-0.6340441215325421,-0.4879805289085461,-0.1881733328816414,-0.5644972799063639,-0.4350154767674557,0.2348212803362261,-0.8738927531385419,-0.2469252134254925,0.0688035004434513,-0.7724907857393436,-0.4938513963837054,-0.0389889425391536,-0.4711034685625799,-0.388443657015767,-0.0177895694416336,-0.4741499052596176,-0.2712992146988141,0.4535792167870598,-0.7176416393806402,-0.2961681788990791,0.2665559037941911,-0.5934877188908306,-0.463697518840322,0.1470569332631304,-0.3907090271352792,-0.4268104581923801,0.1584750258325512,-0.4013970643339969,-0.3676613587722014,Forward,2026-07-28 16:29:50.207,sess_20260728_162716
0.0,0.0,0.0,-0.3180328452570896,-0.5546241756044429,-0.1236894901392197,-0.5654911771440744,-1.1670849372227785,-0.2065368937691728,-0.6855937375141206,-1.649098661207686,-0.2747239344452225,-0.6709669521450026,-2.035254199537346,-0.3276514685068212,-0.3199668054607524,-1.2664487766929264,-0.1852027084788063,-1.0738077199052651,-1.2081336365104398,-0.3210262238562362,-1.0509941623805747,-1.0035938429279196,-0.3687557983580818,-0.8396626852899123,-0.9992752628796172,-0.3960036574656929,-0.2535167878120582,-0.944455089647554,-0.2091263300885052,-1.110967940156481,-0.855123046088201,-0.3098018010398531,-0.9754338644655678,-0.7109143157083666,-0.3064485029687299,-0.7572473524964125,-0.717762965638168,-0.3230659659048872,-0.2554563631479036,-0.6019124641133904,-0.2488465298567566,-1.0303863555705142,-0.5284908070267664,-0.3574982960734779,-0.8767734108679378,-0.4187687694460485,-0.3210308427552897,-0.6476521535063675,-0.4400591770828866,-0.3068613283924605,-0.2740099372456162,-0.2704503057084447,-0.2978035994237115,-0.8796840870881033,-0.2340707699639057,-0.3806759315235558,-0.7684932848917209,-0.1771938281533477,-0.3676974138666491,-0.5568935946726915,-0.184633516028691,-0.3521556110100508,Up,2026-07-28 12:57:18.425,sess_20260728_125637
0.0,0.0,0.0,-0.4024920099265409,-0.2289174490045231,-0.1191017218933535,-0.6742676035661751,-0.5382749903924108,-0.2008770667268174,-0.8099561905928461,-0.8134180663054271,-0.2903617718343908,-0.8316054653346604,-1.0556877829081164,-0.3437480512761445,-0.3945026255695822,-0.9890777239827516,-0.0428964157317186,-0.632138475756977,-1.092727959291885,-0.2417892458383491,-0.6000284114499391,-0.7778988280660142,-0.3281754459337726,-0.4947886816416974,-0.6803120867112717,-0.3632556372396175,-0.1675499693959125,-0.9834539008687976,-0.0688871005441088,-0.4457146629746084,-1.0254634587616231,-0.2703136256197664,-0.4177018317749463,-0.6620818950109242,-0.2746301436413,-0.2939121029455252,-0.6207240628930966,-0.2362145278650047,0.0582248974112049,-0.9242200359496384,-0.1319022539673371,-0.2252077721638428,-0.938645423362026,-0.3308901381204394,-0.2255145141408354,-0.5882336355985557,-0.2387259365136766,-0.1022740435583238,-0.5457517435056949,-0.1335165120640735,0.267282436573441,-0.8119880717622903,-0.2113017247442604,0.0004266054965974,-0.8429987387658119,-0.3144075095594139,-0.0523595856386469,-0.599727101132745,-0.2441072800581178,0.0346503194732876,-0.5366517315215829,-0.1649518669680813,Land,2026-07-28 12:38:43.847,sess_20260728_123245
0.0,0.0,0.0,-0.4041227703672287,-0.2494671851568964,-0.1336014298058747,-0.7094082593320513,-0.5944396685096917,-0.2352698167397553,-0.7723029025369398,-0.9621946078099438,-0.3488489693779749,-0.5709560597868805,-1.204696321839022,-0.4273597050484339,-0.4944581411038138,-0.975076693506524,-0.0041381693415591,-0.5774555518168907,-1.2929564854787263,-0.2328046951991005,-0.5735633396135386,-0.987075156723972,-0.3441623516024379,-0.5121555657226762,-0.7869435441582712,-0.3836753516553875,-0.248182537666547,-0.9683882268678654,-0.0250932273951497,-0.348321512258927,-1.28984376979552,-0.2601888490508462,-0.3668491906483485,-0.8880044109620874,-0.2895176608320158,-0.3069019815656853,-0.707544010573418,-0.2471059897028414,0.0039781529173354,-0.9186862904373908,-0.0893906123829622,-0.1073848688454937,-1.221591459030163,-0.3307226008861152,-0.1575676934258152,-0.8220355592115841,-0.2538431006848569,-0.1099061129960536,-0.6341401000369226,-0.1338780307060458,0.2639528960877706,-0.8116456592584048,-0.1660981777400642,0.1133535226532203,-1.0379694374691144,-0.3123725016515541,0.0429961866869044,-0.7694818155085873,-0.2511783212976277,0.0812345814931552,-0.6171587847265111,-0.1629784823414128,Land,2026-07-28 15:02:42.226,sess_20260728_150120
0.0,0.0,0.0,-0.3167320482461184,-0.2259948326412454,-0.1000959137077191,-0.5604398399453906,-0.5960506837431764,-0.1750149004665662,-0.6383076365624399,-0.9163868265875752,-0.2667960887075319,-0.5116504982700024,-1.1429244382749213,-0.3476016182257369,-0.3246126470442397,-1.023090770729742,-0.0500005792345749,-0.4491443137140556,-1.4249734010447248,-0.2512535937687403,-0.544046399961955,-1.6692623132219944,-0.3804589864373021,-0.597308647865879,-1.894720365816688,-0.4690903575811195,-0.1053895111758884,-0.990207385117961,-0.0915553679035663,-0.3199376006135279,-1.1425368507388782,-0.3677092540111217,-0.3634629505981872,-0.7843097226161491,-0.4197427503118832,-0.2978697591224295,-0.5923925981489601,-0.3952220352771549,0.1229356719638615,-0.9094032086349804,-0.1620286640038399,-0.1019376085878916,-1.0252204155694409,-0.4065427994902435,-0.1526487167273215,-0.6928341084146823,-0.3253064994202241,-0.0802460086989077,-0.5363392504986041,-0.210264614272513,0.3529592240409904,-0.7770449341629792,-0.2471229239437917,0.151194350575924,-0.9356037087497908,-0.389372717288093,0.0517604114082735,-0.7028949523095633,-0.3205669311411081,0.0923679001777813,-0.5683366099596859,-0.2331008819612057,Forward,2026-07-28 12:39:42.342,sess_20260728_123245
0.0,0.0,0.0,-0.3277750248514551,-0.1852304553269613,-0.1867630861931464,-0.5527563560050319,-0.5179977522291899,-0.2618200071076126,-0.6280506562399703,-0.8610526533336765,-0.3194774576442813,-0.6592503967889474,-1.1378577183539955,-0.3647514173429692,-0.3779019418057499,-0.9279927084166774,-0.1127806415768554,-0.4956707011832419,-1.3378838539619322,-0.2319838847968199,-0.5589575197282571,-1.595537834285549,-0.3300731830965975,-0.6063952920144218,-1.818657651877271,-0.3999811265993248,-0.1731082035135142,-0.9807466282580296,-0.0903858453344872,-0.2480981498200883,-1.408375694273464,-0.1928580799413609,-0.2984616850197654,-1.686334244699706,-0.2734436025222998,-0.351303661248994,-1.9124609938632555,-0.3301336885662272,0.017031718894463,-0.9463235824892288,-0.0970369185969782,-0.0213993766191337,-1.3304055301307105,-0.1992337962364048,-0.0602390933483811,-1.5719850718076671,-0.2654082097791849,-0.1067321811794771,-1.7736784185070626,-0.304678010041612,0.2194544799598104,-0.8469044196314941,-0.1234972162399747,0.2831027330649159,-1.1308613833770698,-0.2082552188388352,0.3081486487612461,-1.3255454568230152,-0.2567261315323668,0.317413063612935,-1.5032723206257774,-0.2863126212137435,Takeoff,2026-07-28 14:51:07.020,sess_20260728_144941
0.0,0.0,0.0,-0.4377882343020229,-0.6066133784665065,-0.2469240208324612,-0.6661782608125166,-1.2315449591166578,-0.3773906316771235,-0.7319449655971845,-1.7229072900720257,-0.463114183162305,-0.6587476410387539,-2.128563505323745,-0.5152429173160178,-0.2280650192900908,-1.2988779073985366,-0.3490450477444664,-1.0444226632852582,-1.0628716338303996,-0.5415126864045908,-0.992759485761622,-0.9174385042756332,-0.6322398287688784,-0.7603727315976765,-0.9604160047023614,-0.6881268775267289,-0.0902871546699346,-0.9378443223506188,-0.3351063364610041,-1.0262403326186806,-0.697043421492418,-0.4966330910546612,-0.8711381053622547,-0.6243081451446092,-0.5249750602521225,-0.6101813347362867,-0.677483876716224,-0.5680112469679127,-0.0282978481649237,-0.5673299247784487,-0.3423848981461239,-0.9044893533309684,-0.3730304658999597,-0.517370295294513,-0.7526225267063048,-0.3118227927231796,-0.4807207609332033,-0.508551991547722,-0.3557426758786126,-0.4568129555057616,-0.0316555118988985,-0.1945811955922826,-0.3738382240844725,-0.7178464351759823,-0.0628925650410076,-0.5079446074819971,-0.611083742746355,-0.0542669563377954,-0.5044869537935608,-0.3756739004855323,-0.1039359695064773,-0.4904877222745032,Up,2026-07-28 12:57:46.632,sess_20260728_125637
0.0,0.0,0.0,-0.1785213913921552,-0.550236375568035,-0.1604410280735359,-0.1896443438038072,-1.102007490686638,-0.2603313821339496,-0.1638627141691211,-1.5107632706438197,-0.3318572862106692,-0.1279864760877669,-1.8364250376526927,-0.3728992072530658,0.2276797153917821,-1.1994363615476191,-0.2548822833160445,-0.416283543478924,-1.24691844938338,-0.4324110007377271,-0.4276305744579911,-1.0992767920073048,-0.5261415609237188,-0.2595210177907042,-1.059889088091878,-0.5781568232633484,0.2581102779603917,-0.930007199783924,-0.2616594977471181,-0.4662008269115272,-0.977029212311333,-0.4030935617656054,-0.3918543306977429,-0.8588932334281765,-0.4174776983673781,-0.2093515931409755,-0.8238281073547119,-0.4341658461312032,0.2154523455671366,-0.6318266700273522,-0.286351755606306,-0.4544642998786507,-0.6864556892515136,-0.4178654193740673,-0.3715214195137217,-0.585237261840958,-0.373239889511069,-0.1947547889889893,-0.5516959714571802,-0.3391115868183301,0.1250924730733728,-0.3419144788088967,-0.3301874106323172,-0.3750983930391358,-0.3976362508506901,-0.431286931017331,-0.3054141003496499,-0.3532612562098038,-0.4238290705417043,-0.1290283442212858,-0.3314295290478857,-0.4031893720470709,Up,2026-07-28 15:06:45.055,sess_20260728_150120
0.0,0.0,0.0,-0.2331708718649415,-0.2536870202550076,-0.1517144489037672,-0.3561252791510876,-0.7113260768704348,-0.2151528763902863,-0.228034989370564,-1.0685301764525923,-0.2873090755642409,-0.0009990045150929,-1.2442234971465682,-0.3533102396792013,-0.1660379942782173,-1.0763241900620797,-0.002355351739866,-0.1692101652978154,-1.5090750068263246,-0.1206858880682869,-0.1491856152019099,-1.776476814977855,-0.1977238079139922,-0.101142785182915,-2.0012951029636734,-0.2598775237803494,0.0749438282606096,-0.9971616213442602,-0.0072196623003024,0.0714546518523568,-1.2812062124001689,-0.2371127860208794,0.0071055219416963,-0.9452094345777314,-0.3126838325902641,-0.0334427982232545,-0.6792948418225752,-0.2990872512890213,0.2954931997359388,-0.8661054398742896,-0.0393465713625533,0.2818780582349596,-1.0915140551254907,-0.284713611587405,0.1447815550317422,-0.7542028199635418,-0.2704977865118748,0.0754870846011851,-0.5213819807628317,-0.1870860611920305,0.4986551220421776,-0.6980019705926996,-0.0833747790145011,0.4732956789452146,-0.9176747078432136,-0.2571813019131189,0.3370240107781944,-0.7227529496511538,-0.241845972166412,0.2724165906354598,-0.5525518249438346,-0.1860820108431689,Forward,2026-07-28 12:39:22.055,sess_20260728_123245
0.0,0.0,0.0,-0.3343605883320436,-0.2178331780204453,-0.1248477189095255,-0.5672273093201143,-0.5413036129654591,-0.1946262537418029,-0.6898334116040059,-0.8386130538741536,-0.263045367687969,-0.816326249178355,-1.0552771285883344,-0.3282069033295322,-0.2953199220904836,-0.9626482294697885,-0.0612341014510054,-0.3725454415600495,-1.3267857338378275,-0.1575587965835359,-0.4103699571830815,-1.5475626397831146,-0.2491300273154356,-0.4366126791218469,-1.7360978882133704,-0.3194584108071804,-0.0789592801369199,-0.993675439030926,-0.0798408037719818,-0.0967269440515124,-1.3933055253844362,-0.1605138718720259,-0.1070655237109584,-1.6340198276719775,-0.2351748535518524,-0.1187727768945941,-1.827333111521781,-0.2928524164072951,0.1272895950092714,-0.9339807338639292,-0.1230536256650641,0.1629389117550261,-1.3081592100361248,-0.2051460327639093,0.1774135326529617,-1.536766849862396,-0.2690406739001459,0.1845842599533358,-1.7269783268181522,-0.3152383341075955,0.327386742831751,-0.8046746462440822,-0.1810913020906604,0.4168334513627257,-1.090823210088894,-0.2479719017153658,0.4608539635899613,-1.2747015811304216,-0.2823674523962637,0.4894166108999193,-1.4410648203068015,-0.307232337786689,Takeoff,2026-07-28 16:28:21.595,sess_20260728_162716
0.0,0.0,0.0,-0.3448978996029497,-0.2038787720219915,-0.101131642126811,-0.6119357258252484,-0.5025655339704572,-0.1421991849511562,-0.8049352566531449,-0.768401233687524,-0.1871696296222022,-0.96528220375837,-0.9607691349839405,-0.2274122507424646,-0.4570709199167905,-0.9175273034998662,0.0162183520097959,-0.6346732119177173,-1.2340132767691714,-0.0543615296247539,-0.7331165659901456,-1.4347031509422683,-0.1313408638185584,-0.8064445172480494,-1.6005816749588142,-0.1894197822412066,-0.242632546849118,-0.9701127792947228,0.0032623087804585,-0.323956062850558,-1.3350573761044024,-0.0312867592660699,-0.3596902865771556,-1.547000054802698,-0.0758038616066565,-0.3866181115634809,-1.713314893139208,-0.1146763474376941,-0.0172454136137599,-0.9242374660999648,-0.0380866206529263,-0.0588485100124327,-1.252436172595938,-0.0943427097479059,-0.0827593586750287,-1.457337278137494,-0.1488527208529252,-0.1111355323936839,-1.6264137485042591,-0.1900688282986103,0.2128688626956561,-0.8123795984664014,-0.0938635345898593,0.3179076914530214,-1.0326788991805955,-0.1406227870512007,0.3748747017103713,-1.1705323754689076,-0.1687214458090105,0.4135390214349728,-1.2974805685349224,-0.1913344230519535,Takeoff,2026-07-28 12:34:50.358,sess_20260728_123245
0.0,0.0,0.0,-0.2957143356117629,-0.1602540216050499,-0.1460530840737932,-0.3488144356541856,-0.5909654544474857,-0.1654941845379067,-0.0438813573912705,-0.8172191378918344,-0.1562334612774551,0.2717379946078108,-0.8092429280563245,-0.1523599211564636,-0.2269799066719879,-0.9882610426209892,-0.0915957593012984,-0.3397584459884679,-1.411593294934026,-0.1343420300843768,-0.4008364083960626,-1.678873611964726,-0.1771291480108966,-0.4369898591266856,-1.907845155859932,-0.2208123819260814,0.0326505115726246,-0.995224887361992,-0.0919856927427098,0.074032396663762,-1.4459134546811003,-0.1363970460573896,0.100380075360205,-1.7321220159511792,-0.1896256726535924,0.1405662916820138,-1.9637848950775376,-0.22274912550373,0.2412517036766996,-0.8944053238567917,-0.1091752745079702,0.4375057026165788,-1.2532251062812667,-0.2429119365183286,0.5341782641211343,-1.5145931806518058,-0.3637136132754654,0.6464402819868342,-1.736498592457183,-0.4354622563188254,0.4011097961237438,-0.7046394953505768,-0.1289502707089294,0.4371967219423303,-0.8973737756005045,-0.2924197336833358,0.3255124962425729,-0.7669983377364844,-0.3182747890502652,0.2629087404862379,-0.5941918703087005,-0.3163600580151663,Left,2026-07-28 14:55:27.559,sess_20260728_144941
0.0,0.0,0.0,-0.3031058795691237,-0.1714592281287578,-0.1343742403358016,-0.4529630653374175,-0.5173401784953392,-0.1935895726569056,-0.2443869426509674,-0.7839979205051218,-0.2437177278071628,0.044305873683111,-0.8223279107921939,-0.2910647117311422,-0.4040414501664772,-0.9114559410988528,-0.1188311032491892,-0.5919353797674167,-1.2400975245419843,-0.2200233437975937,-0.7030785351804381,-1.466220147517734,-0.307419316740862,-0.7828235248486941,-1.6573974505211402,-0.377786094468342,-0.1671559069019902,-0.976912285799386,-0.1330461898815288,-0.1970834698745829,-1.4015457698650249,-0.2128134461901193,-0.210032768055263,-1.6848570203168305,-0.280928799591565,-0.2175914068939055,-1.905810751581702,-0.3333025458601393,0.0529916080890179,-0.9283890910516228,-0.1664862162376165,0.0706632315650015,-1.297407891591789,-0.2660696633844984,0.0644585313441866,-1.557879895711584,-0.3535543504294242,0.0547715294770612,-1.7745252303302843,-0.4116582452045834,0.2636914413361643,-0.8041999225215096,-0.212562389159485,0.3853932314069311,-1.0605365172064702,-0.3061398528535874,0.4603845268682924,-1.2425943489207765,-0.3590074303809316,0.5134892040229112,-1.3967500624641789,-0.3945375514556593,Right,2026-07-28 16:22:13.054,sess_20260728_161633
0.0,0.0,0.0,-0.3273062472868408,-0.177901756795265,-0.1517148252140422,-0.5170980375348764,-0.5650527301546998,-0.1946816063267937,-0.4472697981776745,-0.9147478765042178,-0.2256764599006269,-0.244861045930022,-1.090372479608467,-0.253391298496912,-0.306275003994111,-0.983688712836055,-0.0300951360232172,-0.3180495791857138,-1.3784109971370302,-0.0814009838325916,-0.3117003751818762,-1.6161871573629945,-0.136905604690714,-0.2874309653210612,-1.8146268964175385,-0.1916467630070753,-0.0925910231139852,-0.9952760539088256,-0.0291972422393299,-0.1115255110385635,-1.4516619695534547,-0.0735114332433921,-0.1295977716741473,-1.7259041835511812,-0.1366665706606665,-0.1290782511805754,-1.945531222118604,-0.1869025330376754,0.1030266159295047,-0.9172899589706782,-0.0531000590954115,0.091183265961394,-1.3763236618291763,-0.1636819385186049,0.0529755013949916,-1.635533627039696,-0.2734103229653361,0.0353238089381739,-1.835269332973744,-0.3548996174512202,0.2958821765850746,-0.7641737979951816,-0.087307418951398,0.2428654103241783,-0.9594698211747112,-0.2365332044384707,0.1975784287625696,-0.8609778388729885,-0.3042467653039463,0.1943215888006205,-0.7141892907896742,-0.3430978866433174,Left,2026-07-28 14:55:05.992,sess_20260728_144941
0.0,0.0,0.0,-0.2465215036314879,-0.4810104299227158,-0.174495586212335,-0.4527223281319379,-1.074783433297201,-0.3070706948812525,-0.5264009883154006,-1.559636649251324,-0.3991928911026936,-0.5018838821001965,-1.954472087729198,-0.4758839994989814,-0.4092701120467542,-1.1187652481962458,-0.4124817570501639,-1.1532845663259157,-0.9061803087717356,-0.6075392208514889,-1.0454543255269653,-0.7414085228502333,-0.6594240645649174,-0.8402571475722205,-0.7826483682872318,-0.6764775811960059,-0.3723225194629131,-0.8348624808342447,-0.4054387494999447,-1.1678681451913202,-0.6023620348079293,-0.539799246428853,-0.9720528883151016,-0.4996541184614756,-0.5023827973884043,-0.7659725723919342,-0.5484350676521454,-0.4910808143903892,-0.4038314303939535,-0.5134013252054593,-0.4108022685865021,-1.106491919920663,-0.3099721979825119,-0.5403280909548592,-0.9406296112405248,-0.2491040077670415,-0.494569573198623,-0.7325792729199524,-0.2910244870683688,-0.4715455132373082,-0.4630647682388205,-0.2033675418380915,-0.4256895592381733,-1.0272274032129538,-0.0589411178559185,-0.542576844899573,-0.8958888052799934,-0.0387160870143766,-0.5537056522800865,-0.696206092722526,-0.0646248986916756,-0.5511047346468996,Up,2026-07-28 14:56:58.984,sess_20260728_144941
0.0,0.0,0.0,-0.3118580657428255,-0.213566548639763,-0.1011607987919716,-0.526991061009177,-0.5430340099919366,-0.1547040598208067,-0.6460377907748529,-0.8372502680553511,-0.2127746425569343,-0.7890787520528123,-1.035919504467281,-0.2692381951989999,-0.3215642498885869,-0.9537183236139692,-0.039901734222062,-0.4285462361823145,-1.311769264727809,-0.1318802100378256,-0.4764679604297054,-1.5319720137632322,-0.2194363486532981,-0.508121560701262,-1.7200302632634237,-0.2877945155894287,-0.1150551901754083,-0.991128416936544,-0.0665339338575496,-0.1561099318827031,-1.395577578245025,-0.1426936014377219,-0.1684533234253406,-1.6277805885117438,-0.2093891026880079,-0.1802351792731315,-1.809684373974068,-0.2622203495163375,0.088186541411716,-0.9364258004364184,-0.1159052563128063,0.106627915199242,-1.3142193163530345,-0.1948982234589871,0.1241551865551182,-1.530751364263877,-0.2481197998209392,0.1356860881895522,-1.705359767146137,-0.286954126684209,0.2903028766927292,-0.8130295623319945,-0.1788102292206284,0.3768044007405377,-1.0909941759741848,-0.2401756971803532,0.4259568263317971,-1.2661993985769295,-0.2667233536235958,0.4644567584152662,-1.4248268046609809,-0.2876415839550492,Takeoff,2026-07-28 16:27:57.814,sess_20260728_162716
0.0,0.0,0.0,-0.340238797874694,-0.172866282609343,-0.1354917767187201,-0.6123416094449062,-0.4699750137821469,-0.2179050940460101,-0.7972588048402421,-0.7401387498792072,-0.2939142173255366,-0.9945525620704634,-0.915395607483648,-0.3675405035160813,-0.3938578153138992,-0.9227198276187134,-0.1068850845543863,-0.5518035169550007,-1.2808953108671837,-0.2260204785818594,-0.6548140271260675,-1.5042749365969512,-0.3293949988363833,-0.7411956310560431,-1.6967207496473926,-0.4056527570992156,-0.17355700022885,-0.9765730262165933,-0.1272127829179458,-0.2395966709679777,-1.3999932198494636,-0.2337505190430974,-0.2743594331905692,-1.6700234405664691,-0.3264932475433997,-0.301942440525295,-1.8994833815236296,-0.3912381694917448,0.0494274082960971,-0.9269296135412822,-0.169275839815891,0.0479193925928869,-1.32300112699633,-0.2794815441874979,0.0428557360303506,-1.5695466566536425,-0.3661337740839624,0.0261971921488538,-1.7821576720392116,-0.4222899852393368,0.2718063621670398,-0.7994778319167347,-0.2233114814501851,0.3725794494848103,-1.0643661410206744,-0.310874101550864,0.4223173960131398,-1.2485792599585863,-0.3578981235073039,0.449062081519244,-1.4189940133123913,-0.3882434538267001,Takeoff,2026-07-28 15:09:34.393,sess_20260728_150914
0.0,0.0,0.0,-0.1801489098616635,-0.3628071940277487,-0.1278579372264119,-0.157805618889936,-0.8218100773868362,-0.1958534849150839,0.0538209603362302,-1.1120741082561003,-0.2730130945682628,0.3372911752604955,-1.1525077469812093,-0.3395696913853499,0.1569417910656727,-0.9868563960871768,-0.0490259735979825,0.1740642185525733,-1.4292602671475343,-0.2076922571405483,0.1600044384376715,-1.6553358452737252,-0.2838022064810137,0.1728705595934355,-1.8674656610113205,-0.3267098042923191,0.4012889149002157,-0.912292740385985,-0.0817873010756381,0.457676832594009,-1.4048886910546825,-0.2888534378377828,0.3659593330108264,-1.6932260684308031,-0.3823135835295513,0.3344656683537844,-1.9542813006619084,-0.4007200228716514,0.5766340692901926,-0.7613057096376986,-0.1374932861308393,0.3386902301812661,-0.9777280877028526,-0.3765726679693441,0.1277928722406094,-0.696856492612664,-0.3899558882234042,0.1404814866627578,-0.4889992245801686,-0.3268606727118212,0.7029983568391895,-0.5830779574507166,-0.204408198007592,0.3843516226710648,-0.7801191266409974,-0.3604322284036446,0.21499034823361,-0.5663936369251102,-0.3512623732722886,0.2341708366939003,-0.3915499964765963,-0.3041105681331775,Backward,2026-07-28 16:32:05.057,sess_20260728_163042
0.0,0.0,0.0,-0.328668391794011,-0.1709173306661509,-0.1442197966882588,-0.4304759163825641,-0.6146182048852196,-0.2020350126813354,-0.2428692676400489,-0.9377036222194848,-0.2434441920943076,0.0393545054270775,-1.0730306682221031,-0.2942023798988747,-0.155743737928024,-1.0080668903026782,-0.122901564136389,-0.1841891391043542,-1.496190137882062,-0.2400227435043134,-0.1877927173243514,-1.82537555357596,-0.3161938189169714,-0.1721790040316528,-2.084147015838208,-0.3794333779841927,0.092285681659641,-0.9834394797085686,-0.1559812255085697,0.1847083304698004,-1.5248186898981295,-0.2825395394999769,0.2435825305370877,-1.877635232305526,-0.376172967917031,0.3395066365937902,-2.1404394309684576,-0.4246405406049947,0.2869646871571914,-0.8609159862193444,-0.2064787964206792,0.4034834674073196,-1.353208687257751,-0.39949143772364,0.4691042374833087,-1.6461386564536755,-0.5281747849675502,0.620652595729662,-1.8727121677444432,-0.6074133243305867,0.4377140842528646,-0.6473257603552504,-0.2592119204877869,0.248549111137471,-0.8185398670748677,-0.492567910856085,0.112930541017164,-0.6511313296925366,-0.5606511718993051,0.1079489548859874,-0.4532117130920655,-0.5842730868841775,Left,2026-07-28 14:55:45.257,sess_20260728_144941
0.0,0.0,0.0,-0.2490824181668402,-0.3676906468603311,-0.1467910119267405,-0.3094398041680138,-0.7850840466569915,-0.1793639086336397,-0.0874557274849136,-1.1548471655128434,-0.2161279986902177,0.1535908680203722,-1.3434143593259964,-0.2464430177644108,-0.2986841545575609,-1.0819207305118903,0.0996160665751271,-0.2601102028678337,-1.505584340502678,0.0115196454935987,-0.2022575482399955,-1.7628795779939603,-0.0548296900203578,-0.1321659989042219,-1.9670286828212853,-0.1029976656781223,-0.0366319956836296,-0.9940938107634796,0.1021547468010074,0.1528467418287981,-1.3390879556565825,-0.0877131915145341,0.1000856258909376,-1.102540297468113,-0.1646050021670352,0.015603137551234,-0.8878683818138019,-0.148018123477006,0.1901285961086386,-0.8470278713819804,0.074984983462755,0.357755538974876,-1.1221668979059714,-0.1644364280851998,0.2010784413197013,-0.861765837053368,-0.163847037906107,0.0695564228937345,-0.6613141772741996,-0.0796188598085135,0.3713102612725931,-0.6638670221315426,0.0390784182899794,0.4480190474699511,-0.8530059173429032,-0.131955866814521,0.3199496613646906,-0.6691033366896879,-0.1107526789431251,0.2148789560311946,-0.5012445347263099,-0.042008950078715,Forward,2026-07-28 15:03:30.360,sess_20260728_150120
0.0,0.0,0.0,-0.185274933793804,-0.2982145059748051,-0.1483713851952631,-0.1543286808591618,-0.7095045458214908,-0.1696711795499074,0.1473841880264968,-0.9431054410769772,-0.1741335919271694,0.4343876235204398,-0.9520673746416268,-0.1776327344348743,-0.0493605644431402,-1.0108994951111594,-0.033232504518053,-0.0503602414856564,-1.4190670936487235,-0.0654401427219775,-0.0369078300570955,-1.6617808524192856,-0.1169023346120898,-0.0053654973698931,-1.876561656005134,-0.1743568099956389,0.1793928755501908,-0.9835337745955054,-0.021897726634319,0.2613883776677335,-1.4305187477179198,-0.0492649405651913,0.3026678750285912,-1.6889647709491993,-0.1075107457327271,0.3409085038627949,-1.889663872528058,-0.1633793262213697,0.3767337857320732,-0.8729803924571884,-0.0328194326901126,0.5376636249705552,-1.2607976286655538,-0.1294797265346691,0.6093647065850808,-1.5105626070777338,-0.2389936332112072,0.6678375888255004,-1.6967773448758687,-0.3198687377137983,0.5497426985857365,-0.6962080537632045,-0.0534842113019509,0.6758133323731624,-0.9562259001662234,-0.1715955753976803,0.5971510745533524,-0.9297478286255434,-0.2098263618216355,0.4967393119351833,-0.820813513228159,-0.2337313739543572,Left,2026-07-28 16:33:19.730,sess_20260728_163307
0.0,0.0,0.0,-0.0906524155313169,0.3522261094707323,-0.2382893040261295,-0.2923679430115395,0.6705186697564962,-0.4165678590064331,-0.4416836251297503,0.9366285783241388,-0.5618454060620911,-0.5295181038054907,1.1777993885669686,-0.6785403737513483,-0.8818979936679705,0.3966570538162836,-0.3716014828481249,-0.6917582214656645,0.3996123457477842,-0.53290299508834,-0.4019712666427024,0.3513385843647617,-0.5903552899197282,-0.3431539778417444,0.3374125951936138,-0.6286251224821071,-0.934538526642033,0.0912354677387603,-0.3439677770492869,-0.6314699461135255,0.1146386595211986,-0.4578866989489183,-0.3513111282309502,0.119701897986246,-0.4512791459655595,-0.3709971017669031,0.1206063878578236,-0.4633120384307503,-0.8781618574756271,-0.1745321320386393,-0.3333750666924641,-0.5801074812870133,-0.1558348025404993,-0.4573049116582088,-0.3371101312804875,-0.0952240478280924,-0.4184537382463205,-0.3655954608721144,-0.0610080501771394,-0.4031352245649245,-0.753667822443147,-0.408127802403573,-0.3484974438732449,-0.5109771031342826,-0.3972545409558664,-0.4404790264678168,-0.325585623732009,-0.2874175425598393,-0.4236914236103408,-0.3390759606986416,-0.2142869396431382,-0.4110424794923261,Down,2026-07-28 16:24:51.424,sess_20260728_161633
0.0,0.0,0.0,0.1243933323410998,-0.3922050080294105,0.0440670988254717,0.1210373540398488,-0.9281810333079228,0.0167217292868878,0.1397895866832737,-1.3220611052508255,-0.0138911287013243,0.3414322155875877,-1.5276722753948486,-0.0377884178191097,0.1337023510360657,-1.1100748378429393,-0.1887865190738742,-0.4068083402811221,-1.371400165842659,-0.2459595932430051,-0.4321761795289687,-1.160047760756108,-0.2320139365711679,-0.324085376559423,-1.03313744468907,-0.228709424160732,-0.0544318984410185,-0.9643000331574836,-0.2591575090260415,-0.6302558696048463,-1.2180921442295092,-0.3154810531954966,-0.6049244129938459,-0.9928285911279292,-0.2564316679394642,-0.475900430270632,-0.8653950232686607,-0.2380703886682303,-0.2953891659357715,-0.7908579700100368,-0.3188578052510774,-0.7812745275064973,-1.0929962064944398,-0.3856145276044838,-0.7513370107880352,-0.8850604783796574,-0.3123194888965387,-0.6233113566502421,-0.7369162316161775,-0.2835487532862318,-0.5317962270695781,-0.5846488631132221,-0.3702478227280398,-0.8995286098276114,-0.8618991820669708,-0.4696153628851606,-1.1304413443156784,-0.9719129627970612,-0.4897049316736647,-1.3074201105710217,-1.10714612699048,-0.5090338016870039,Hover,2026-07-28 15:07:52.834,sess_20260728_150120
0.0,0.0,0.0,-0.251550686262955,-0.2517854765764762,-0.0901889443370447,-0.4027817464518862,-0.6437036485821578,-0.1624805591748868,-0.4131711707163912,-0.9677542295131426,-0.2570701521440058,-0.2742356514985655,-1.1896913750686866,-0.3407162034604188,-0.1133540687440821,-1.0180525895630088,-0.0320723618658487,-0.1163252214474902,-1.4297379012748306,-0.2059509446186277,-0.1316920213451645,-1.6926755408730796,-0.2971869555574595,-0.1318736729199916,-1.922915614349596,-0.360163474340554,0.0886054549382243,-0.9928221468392748,-0.0803321735087748,-0.1753658461887733,-1.1095475105265422,-0.3412002464924074,-0.2371380282212316,-0.7959254070642977,-0.3675533628430841,-0.1499833362234569,-0.6569845645508404,-0.3230037145416441,0.2635986704327856,-0.9140345449629164,-0.1578370907933705,-0.0275213441977587,-0.9686291343491612,-0.392287938223294,-0.0675040994897989,-0.687660314726405,-0.3064555434386469,0.0370683215969546,-0.5960342428333284,-0.1893143149459646,0.4234194569834423,-0.787758435171581,-0.251034029540284,0.1524399664942247,-0.8753717785522697,-0.3830701571946613,0.1026993747654042,-0.6812989293378301,-0.3190178851602797,0.1924587129177918,-0.5979025782735878,-0.2336382767115896,Forward,2026-07-28 14:54:17.801,sess_20260728_144941
0.0,0.0,0.0,-0.2979345407902855,-0.2934132265771458,-0.1151363722042355,-0.4765398346333613,-0.6465310488393023,-0.1562368697875211,-0.5677781285980242,-0.9767590127915208,-0.1950343455555062,-0.6856498972967502,-1.2124863667924326,-0.2259822904656825,-0.2337227135593166,-1.0004297199845114,0.0188231478479334,-0.2804981758951462,-1.3853612210669406,-0.0443519414834935,-0.3017700835750447,-1.6140279847913663,-0.1213556398238197,-0.3178028500395075,-1.81859720423906,-0.1844924966103409,-0.0261087203207759,-0.9995445348766508,0.0151346463926739,-0.0180921814789624,-1.4091258386427377,-0.0247420413965711,-0.0075605249614257,-1.6478728743893802,-0.0870689746221815,-0.0007930642352486,-1.847852972748528,-0.1404764103661605,0.1618478924570994,-0.908250182560031,-0.0147614057035024,0.2000897253097476,-1.2684075489026925,-0.0614894776273788,0.2184939818056416,-1.491324499665577,-0.1110920402626736,0.2232406186936835,-1.6802653430503294,-0.1543987510499866,0.3460689416067245,-0.7452633057666415,-0.0609917798301821,0.4394479176901467,-0.9529410211290582,-0.0947748681100992,0.4868196759446405,-1.0988155121772718,-0.1130608224211903,0.5220454838767378,-1.2338573199713472,-0.132168317521057,Takeoff,2026-07-28 15:01:52.991,sess_20260728_150120
0.0,0.0,0.0,-0.4643817228648702,-0.2663168989576912,-0.0066263779956296,-0.7219933797678596,-0.6084883233437332,-0.0362930674802484,-0.7944164536522468,-0.9626045899640918,-0.126353813046679,-0.6813840066866379,-1.2589917690169334,-0.1937577374824811,-0.336012810594805,-0.9552227196858192,0.2216980243291492,-0.5290368296810192,-1.2531829058127737,-0.0155471357241254,-0.6048967961577066,-0.9663127732264551,-0.1481025810210667,-0.5132552866226285,-0.7481573136202274,-0.1929996498203627,-0.1645747361115054,-0.9768920211492508,0.1363713138778104,-0.38176593313152,-1.2812732972391998,-0.157684171923483,-0.4342596439895554,-0.8696856311005455,-0.2328518602176832,-0.2780042707847197,-0.6670605557614907,-0.1916798011227315,0.0715105012573717,-0.9876510413090877,0.0053869300551195,-0.2096120343290566,-1.2511187897157987,-0.2626737564562676,-0.2532424950886952,-0.8306804967108886,-0.2175746343269916,-0.0749220385644233,-0.6565469268816346,-0.0984667059874187,0.3484485442100502,-0.9497095230482704,-0.1307173025680823,0.0407362583284313,-1.1771385966184418,-0.2615385633365599,-0.0255092669165074,-0.8970941503494285,-0.1988706225912851,0.1325719044681595,-0.7363051868495665,-0.101438613390183,Land,2026-07-28 12:38:49.974,sess_20260728_123245
0.0,0.0,0.0,-0.353894845660145,-0.2535962054154076,-0.1892001996671015,-0.5968838595726085,-0.6500472091927614,-0.3014148821358839,-0.5616171962324954,-1.037222819167396,-0.4079048950927464,-0.335503403993893,-1.2387870734538329,-0.4728646319973844,-0.363308423922743,-1.0366788104380953,-0.0884890825128848,-0.3466727501946441,-1.3330462804078738,-0.3144031897423707,-0.3932400667146121,-1.044644943516052,-0.4050258758329448,-0.4001751067133052,-0.849689789543273,-0.4317318743339535,-0.0956507329296119,-0.991859696627428,-0.0840552169479936,-0.0959518607801593,-1.2910568531583722,-0.3294026049867061,-0.171969184822955,-0.893688684415977,-0.3571077162813749,-0.1767104142618271,-0.715225729341591,-0.3149097426532968,0.157038279867878,-0.8983089760006061,-0.121309452393188,0.1492768841022225,-1.1798186539263151,-0.3833505429040381,0.0276199627923048,-0.776704482255673,-0.3057856005239288,-0.0084389863330855,-0.5923450396833138,-0.1851588332526306,0.3850394644459269,-0.7503812949153391,-0.1736683748293109,0.3181279249491998,-0.9506660732591388,-0.3475257984508849,0.2067220474454791,-0.6819691949209087,-0.2964678573107452,0.1862447187638751,-0.5441321007249887,-0.21381536465697,Land,2026-07-28 15:02:43.616,sess_20260728_150120
0.0,0.0,0.0,-0.0907126147914242,-0.4695091495811404,3.8973530978594034e-05,-0.34405110499246,-0.938438264787168,-0.0241994590918369,-0.5181163368258015,-1.302587939631075,-0.0497957388348573,-0.6199461869607469,-1.5946679826493255,-0.0764467717933145,-0.7356569125915308,-0.8217622580694426,-0.0775023338059066,-1.1547673695026384,-0.7720701215761835,-0.1139315440109315,-1.0633201978078433,-0.6758495248875053,-0.1367238085603747,-0.9197329678050448,-0.6622657907576487,-0.1503042398670054,-0.8468890550178331,-0.5211587217314576,-0.1057001194617808,-1.2275465334277027,-0.4899795294028287,-0.0827798451493599,-1.1307918037160467,-0.4229235155993683,-0.0611721330772634,-0.9603435803950494,-0.408005305617068,-0.0726433454000929,-0.890567212586668,-0.2152620110026735,-0.1305257169678708,-1.1562110526977845,-0.2029654986810196,-0.1291942621277973,-1.0408249280827373,-0.1793871734762644,-0.1037898251246216,-0.8705425899036897,-0.1865084661587746,-0.1085807111191083,-0.8879655347691924,0.0491424024213238,-0.1522666579399878,-1.0233136524227038,0.0346563324771983,-0.1488037661482698,-0.8854323933517612,0.0503154570157683,-0.1076107970617033,-0.7265482446666799,0.0517128781408845,-0.0825989338525979,Up,2026-07-28 16:35:08.427,sess_20260728_163307
0.0,0.0,0.0,-0.2399715238949238,-0.2738085334638311,-0.1305206207468116,-0.305666868578993,-0.6326395597946891,-0.1680361541841591,-0.074269600650299,-0.8614456367579876,-0.1997327227133973,0.1600133676992024,-0.888395991767024,-0.2242274855602239,-0.2144023262846363,-0.9881083859377916,-0.034630147920276,-0.2793498807194937,-1.359042162708323,-0.104021166586827,-0.2940857555900679,-1.5996933988231878,-0.1726947392996994,-0.2963588930612791,-1.804908302498696,-0.2328035990443058,-0.006451531003073,-0.9992336176079244,-0.0386077089438923,0.0258622210514181,-1.423022693349503,-0.0999807169744388,0.065140179036095,-1.6794989134894327,-0.1583090065442004,0.0934384418743323,-1.87971537593943,-0.205151264820079,0.1761454458631257,-0.9149733571914076,-0.0672091448168975,0.2409306532377307,-1.2740336941010777,-0.1519316949887957,0.2886710910519021,-1.528394665787204,-0.2267680359451832,0.3315060099711018,-1.7342327202640642,-0.279530342928772,0.3605939965240564,-0.7636233598773778,-0.1113115758707722,0.5141834173602859,-0.9890551627868838,-0.1871412825458736,0.6135541211222043,-1.1598320105545696,-0.2336836445645698,0.697099701545219,-1.3035666490554445,-0.2689938283228124,Right,2026-07-28 12:43:32.533,sess_20260728_123245
0.0,0.0,0.0,-0.1654464578706188,0.3664456168636301,-0.1886199152692775,-0.4546896324044218,0.684715128777141,-0.2994470959705503,-0.6842076057315952,0.9253343876979698,-0.389978669058806,-0.8213549676470793,1.1224179732210493,-0.4430144730377561,-0.9510313893584138,0.3941723886329957,-0.175463592919332,-1.0791081698016227,0.4000540261207154,-0.2732540692799978,-0.7798460046622668,0.3629216844797394,-0.2686314805863179,-0.7006119564059272,0.3546617291994518,-0.2569025547242226,-0.9805859913017112,0.1329663356633851,-0.1441217098257317,-1.0325997924071202,0.1560836593281419,-0.2540361671111064,-0.7134105680879356,0.1490249084841202,-0.2334968305574135,-0.7081780370515378,0.1334697361711831,-0.2063012059073281,-0.927828877315978,-0.1061174711903443,-0.134466452658107,-0.981913995981048,-0.0877129167325006,-0.2433672487674147,-0.690163384484123,-0.0690087053121136,-0.1666680459087548,-0.6576545333419592,-0.075590014753218,-0.1055167687146472,-0.8391720926831874,-0.3145126561468694,-0.1423624168418571,-0.9016141750949233,-0.3109507191181161,-0.1960894705584025,-0.6978130109337789,-0.2594701102971982,-0.1327995222338126,-0.6553022390689244,-0.2431866337179248,-0.078209698664235,Down,2026-07-28 14:58:07.194,sess_20260728_144941
0.0,0.0,0.0,-0.231785240357681,-0.0388575632924989,-0.2243486405986966,-0.3486270225619842,-0.1944513235889295,-0.3420556611658354,-0.1416604594826743,-0.4111992743785955,-0.4105777337186314,0.1023920766437371,-0.586072197831063,-0.4734006517452429,-0.4746638710724875,-0.8157151160514591,-0.3151431338797222,-0.7226860319518821,-1.157990297097518,-0.4484180727769079,-0.8731419437985429,-1.3861308752247348,-0.5441072252765784,-0.9945143411814208,-1.5957620047283692,-0.6118316087427107,-0.2592956300311747,-0.920957361803582,-0.2908664882493722,-0.4528015794045203,-1.3876261131743912,-0.427158832006728,-0.5514831806211491,-1.6657526032799057,-0.4972270412044269,-0.614249084217814,-1.9341014934849428,-0.5378661377432551,-0.0405041558118958,-0.8986684680480149,-0.2800087312317904,-0.0380946352527438,-1.3252513009477125,-0.5010698926955288,-0.0334203200368923,-1.583956190463206,-0.6206493539460881,-0.035566429984056,-1.851798303271542,-0.673605895278188,0.1834996604514358,-0.7571997664404548,-0.268998435953881,0.2314083532747403,-1.0094475448904745,-0.4156030526499185,0.2164755441292155,-0.8678749941620707,-0.3953546441847906,0.1895167542693221,-0.6856380948289801,-0.3643823935638377,Left,2026-07-28 16:33:34.476,sess_20260728_163307
0.0,0.0,0.0,-0.1431490505380853,-0.4660839896079928,-0.0045863352649324,-0.4492274042868736,-0.91581128283736,-0.0474762266733492,-0.6658512852581342,-1.264464608847038,-0.091062532513217,-0.8023476954349305,-1.5462648886558847,-0.1366145623184628,-0.8054807717379626,-0.7719181475592389,-0.1621689400887772,-1.2765666479426527,-0.6249207284805725,-0.2414363699898458,-1.120541501851311,-0.5371499783570032,-0.2755541096857991,-0.9394475689488316,-0.561879298615783,-0.2915385917255353,-0.8704717389980994,-0.4481612955514472,-0.2035446014397664,-1.2661263686194064,-0.3361794902138616,-0.2235378252762563,-1.1066141851535047,-0.2870134915816462,-0.1940290601560757,-0.9139844820823066,-0.3096261207019725,-0.1981068720217217,-0.8809337355331189,-0.1288510672212332,-0.2390455850371893,-1.1591911617851105,-0.0545210110230644,-0.2732093386897619,-1.0175681138788282,-0.034136115798223,-0.2211216871985431,-0.8380933416025467,-0.0676486233343928,-0.2033714410696481,-0.8665642131657192,0.1449518739190542,-0.271601577143047,-1.0546717245238024,0.1426176175911607,-0.2904699034570364,-0.90169951724137,0.1618594602940666,-0.2293124662805678,-0.7316165055117655,0.1569920533548892,-0.1855321396322933,Up,2026-07-28 16:35:09.474,sess_20260728_163307
0.0,0.0,0.0,-0.2986244839295788,-0.1806906826959197,-0.1832969497601823,-0.5235754359115591,-0.5536582567862598,-0.297690913446786,-0.5277323240117897,-0.8915192322219352,-0.4142772145184016,-0.3354087422433908,-1.09633743182165,-0.5221812922649307,-0.3432958414269235,-1.0139663348829222,-0.1489107630444102,-0.3876867525085788,-1.5198810227726347,-0.352555543815356,-0.3958884413943095,-1.828140757363588,-0.4758080554274743,-0.365036369993277,-2.0858691123081066,-0.559964336762818,-0.077340475292871,-0.9854824692096036,-0.1511381942528603,-0.1582140583313364,-1.1634127926621616,-0.4669441464736771,-0.2115683045296181,-0.7874287466581666,-0.5303197894555861,-0.2202527901325968,-0.5112924456222343,-0.4949442648928182,0.1760144972603471,-0.9006247676632194,-0.1823162808099839,0.0790061962081834,-1.0252105023726998,-0.4681914410326094,-0.0154601409655478,-0.671031469360358,-0.4012076359091502,-0.0390399965120235,-0.4300823725107145,-0.2743620566819226,0.4178014353811575,-0.767910649476014,-0.2322607419239088,0.3215649703157739,-0.9035997201237924,-0.4222215740465693,0.1880408425786982,-0.6630075689019269,-0.3781057863737977,0.1449308750632805,-0.4786820329874757,-0.2914589652079093,Forward,2026-07-28 12:39:15.141,sess_20260728_123245
0.0,0.0,0.0,-0.2116898577352632,-0.2182579498774937,-0.2363695176554798,-0.2375002279336718,-0.5654119143185408,-0.2496330079024585,0.0159900728270332,-0.8149568592133598,-0.2140246136139567,0.2621125864529425,-0.9516016794485572,-0.1732299699734262,-0.373326600757355,-0.9553515509144614,-0.0506597442938935,-0.485712067192435,-1.3236015274301536,-0.0776096109702709,-0.5458213770533109,-1.5558894248413604,-0.1273526745279991,-0.5870195995387926,-1.7533389252482547,-0.1738956808461136,-0.1673891432102862,-0.985651632911674,0.0217194215824647,-0.2591299568137493,-1.4043807484828632,0.0289820636171871,-0.294000883524402,-1.649543367880043,-0.0102088367980993,-0.3046952732402545,-1.8612305466983137,-0.0460463095840497,0.0267576352470294,-0.9212865955161856,0.0587118496325659,0.0285991993283008,-1.2836481594009397,-0.0312276912795741,0.0315900953399286,-1.5189909406696571,-0.1608723937777736,0.0687051890856136,-1.7549070867152992,-0.2541812923077958,0.2045112786806377,-0.773273829292684,0.0798794174935982,0.1987903366319863,-0.9140124939356488,-0.0642394185027167,0.1647269120434207,-0.7881976931566204,-0.1279069520213506,0.1682966072064439,-0.6594388391430935,-0.1602007318823382,Left,2026-07-28 12:41:59.126,sess_20260728_123245
0.0,0.0,0.0,-0.3398503332284299,-0.1943560869212435,-0.1935518927687425,-0.5472784013777555,-0.5386765572021078,-0.3300776028522352,-0.6393200372783517,-0.8576484111353117,-0.4493396301878888,-0.7949917945479312,-1.115684274895069,-0.5713090254076431,-0.2915474386200968,-0.9663423736462776,-0.3153986876325304,-0.3434987938945695,-1.482229503022581,-0.5093330608111041,-0.3791488452294457,-1.77098349950808,-0.6341490237938804,-0.414345700967771,-2.0082519290572094,-0.7137372968951569,-0.0433439302247278,-0.9412198542492172,-0.3350022233952429,-0.00502936925683,-1.5121074995477066,-0.4993700557531094,0.027945296895502,-1.845107953768968,-0.6033097574803649,0.0666622531957337,-2.1068755620083137,-0.6707505426126429,0.187462705715985,-0.8017618241257105,-0.372014401532983,0.2770202802460322,-1.312815630335261,-0.5277560986029459,0.3274739578717828,-1.6164888773749793,-0.6168996152047898,0.3675612334118542,-1.8679672140706545,-0.672755364307521,0.411511046224456,-0.5751897837306675,-0.4222253469103441,0.5471760853526422,-0.8541046991829945,-0.5570515019571026,0.6035643786336382,-1.061175734489442,-0.6114642731322303,0.6273869836640839,-1.2494715645385877,-0.6409029546963796,Takeoff,2026-07-28 15:09:47.226,sess_20260728_150914
0.0,0.0,0.0,-0.0467215989593974,0.2384581485996587,-0.2403835697094669,-0.2309905475579907,0.5352264524839367,-0.4346198888358122,-0.3250285477869742,0.831771795579782,-0.5918447170823206,-0.3578605687871982,1.0821985571298065,-0.7246422596861015,-0.8507749871485147,0.358957429214068,-0.4369291616043067,-0.506544427878365,0.2902069584584245,-0.6113045314810159,-0.2855421489181474,0.2617818359894923,-0.6736480142797209,-0.3206360617177661,0.2672231169245215,-0.7171410776077788,-0.9071687894121928,0.0765507834845105,-0.4137448066916661,-0.4757190539740358,-0.0030275538475841,-0.5452899423715405,-0.2298163642720426,0.0192422943146991,-0.5374446267298174,-0.2914880101507222,0.0384705364788667,-0.5497324396841786,-0.8565717514608351,-0.1872550666176872,-0.4031675367996928,-0.4469334758283935,-0.2388843971657802,-0.535706411740229,-0.2244160147293308,-0.1786671848982636,-0.499997591245815,-0.2843415908265864,-0.1396641800077195,-0.4891478897893071,-0.7350189198681173,-0.4153256493575476,-0.417796293907977,-0.4183351155652168,-0.4405759226164017,-0.5033239514635466,-0.2421015469520736,-0.3309127236818314,-0.4866869258573831,-0.2755205875329612,-0.2470559749179199,-0.4814393123816018,Down,2026-07-28 16:24:01.713,sess_20260728_161633
0.0,0.0,0.0,-0.2107969992231169,-0.2839739043470566,-0.2066225647412392,-0.2388990596370601,-0.6737981046431064,-0.1930267954743167,0.0503766592302535,-0.8863515966092861,-0.136537756668262,0.3081411487109304,-0.9595274076481896,-0.0708531078829242,-0.3313679662037173,-0.99539467582382,0.0118031503866701,-0.4156043691332404,-1.4004419753130852,0.0058865783170486,-0.4453405063311997,-1.64325664372958,-0.0309495719630114,-0.4601831070618375,-1.8502383253015773,-0.0666583478651995,-0.1161904936257992,-0.9911909579848616,0.0635629923779978,-0.1365926266852132,-1.4082866865874004,0.1046906935867361,-0.1298355575018511,-1.6471547471484358,0.0748344425669937,-0.0973118131967445,-1.8520508595114928,0.0448347562392287,0.0841809692876906,-0.9098860951272436,0.0772314461206042,0.1644520433511355,-1.2393518121480802,0.0164287225327374,0.2187959764875315,-1.45591062786666,-0.105999070107211,0.3043561007458116,-1.681986524619837,-0.1929099411142039,0.2677711127864563,-0.7460760365623296,0.0743842037811731,0.2929562209289766,-0.935341563838701,-0.0342653239284764,0.2281321687961492,-0.8110449941799469,-0.0684323079797771,0.1975641622756915,-0.6736276705074725,-0.0821332537686138,Left,2026-07-28 12:41:38.837,sess_20260728_123245
0.0,0.0,0.0,-0.3194757201986264,-0.1123997965461179,-0.1584666003860822,-0.4970264278743146,-0.4620056730711938,-0.2332923178283099,-0.3331868842460143,-0.750471305134572,-0.2918009645101931,-0.0734693006180886,-0.7914274625170336,-0.3423928042347096,-0.4853548178662203,-0.9093475185183968,-0.1520717465305603,-0.5120776134526779,-1.3263664480241977,-0.2627945752871329,-0.5102725989342807,-1.6102612153654368,-0.3521337790903377,-0.5065559238784028,-1.841197040609349,-0.421311088197109,-0.2596322872429307,-0.9537968437826416,-0.151204021809195,-0.3060312733503066,-1.375854389084704,-0.2431223686692261,-0.336699154431982,-1.678300354027161,-0.3183892522943247,-0.3699450293676919,-1.928116610703236,-0.3715857218398067,-0.0436366090498493,-0.925056558850494,-0.1681157922454013,-0.0801416231032424,-1.3215394898443549,-0.2532928644527677,-0.1095293433504778,-1.5969230059307635,-0.3212799314591014,-0.1426476312384527,-1.8189027107502007,-0.3661247867864607,0.1737396447638397,-0.8261080532937671,-0.2016508193724603,0.1551205165087036,-1.1548280629013843,-0.2839493811957237,0.1209678439567055,-1.3745985402737717,-0.3231936350237676,0.0831416042224438,-1.5564300028112568,-0.3448749801137437,Right,2026-07-28 14:56:31.449,sess_20260728_144941
0.0,0.0,0.0,-0.2977914974058327,-0.3368658498806473,-0.0908352167986405,-0.3789636927453012,-0.7257800722424466,-0.1024571468893164,-0.1665434016452084,-0.981942310842578,-0.1175200203441386,0.0190805361678032,-1.0400989396690743,-0.1306221152473006,-0.3680676104885734,-0.952397363485635,-0.0003256310483792,-0.5011211206568462,-1.3212140440346882,-0.0670952657881638,-0.5610839021508184,-1.5707579942145045,-0.13581964899641,-0.6046651726727309,-1.7917947794231743,-0.195137323233439,-0.1234147898631169,-0.992143374204753,-0.0205015771259199,-0.0975070377438742,-1.4272567364360509,-0.0767747090327216,-0.0713304535818067,-1.7070636443876988,-0.1375541772774271,-0.0589164036544719,-1.9256641721662973,-0.1879167466261636,0.1015494321610696,-0.9358706789918224,-0.0630393849459091,0.1733739924987155,-1.324749043019153,-0.1526763883658681,0.205113469925136,-1.5967121512371771,-0.2390653781260118,0.2236410494822957,-1.8071739972139924,-0.2983837378900232,0.3357390544528167,-0.8090313127212657,-0.1161237732625569,0.5093438058804066,-1.0611473601393755,-0.1944150019084874,0.6212635738354807,-1.2411107434594524,-0.2425916234582387,0.7038729501273122,-1.39502072654293,-0.2801329794016764,Right,2026-07-28 15:05:32.892,sess_20260728_150120
0.0,0.0,0.0,-0.3066040792740867,-0.1207845418487518,-0.121174535212529,-0.5591766024920293,-0.5006102840964449,-0.1846110240439309,-0.5242003514888057,-0.8630843855728543,-0.2662679007461098,-0.2939943227852011,-1.010100231090726,-0.3319773155742465,-0.3595573930155167,-0.9588273667131596,-0.0575290258203589,-0.429846727081699,-1.4416265445281928,-0.1941390649240342,-0.4487189881175306,-1.717677289289299,-0.2623489162581233,-0.450542179020416,-1.9447062399895512,-0.3033266981601662,-0.1158263877375821,-0.9869317431530936,-0.1120267033365687,-0.2206678906287821,-1.550059110406232,-0.2761596348129255,-0.299002531365919,-1.890753994377398,-0.3667071346157552,-0.3564749006994483,-2.165264097086137,-0.3968292239833358,0.1227530633149459,-0.8941571646586108,-0.1879904342953102,-0.0982643455925773,-1.1565630610209003,-0.4319914532311735,-0.2260049915947548,-0.896295180914792,-0.4599512326646802,-0.2662908136056998,-0.6802954736770388,-0.4005099535113137,0.3249033892352115,-0.731481519440182,-0.2742331849913947,0.0422402764451798,-0.8950060194214993,-0.4595534722333919,-0.1537446333389011,-0.7694644043478658,-0.4654652934406675,-0.2677307426133039,-0.6411887796271902,-0.4215763263295442,Backward,2026-07-28 15:13:00.973,sess_20260728_150914
0.0,0.0,0.0,-0.0726322911576694,0.2537489062417483,-0.2590256931182844,-0.2600170762092631,0.5549868362714727,-0.4624651236832648,-0.3872125420273373,0.8573021882274314,-0.6262442055546398,-0.4573712226012354,1.1064141374477563,-0.7578392378200833,-0.8590232398094211,0.2832230375662695,-0.4450010142496259,-0.6263373226062396,0.3081450772950639,-0.6228567274898092,-0.3660601956312788,0.2646136058445322,-0.6810020974370466,-0.3370177710374749,0.2307826215312271,-0.7211019736354766,-0.9101150335361118,0.0059761141877784,-0.4143125773987275,-0.5868061570582715,0.0474421793564006,-0.5550098276354641,-0.3462610436884346,0.0370641324357536,-0.5499851607509935,-0.3601111132473376,0.0109805272726381,-0.5614683833193218,-0.8599436847620371,-0.2336745432633986,-0.3994759673193692,-0.5414815224778284,-0.2077954012100189,-0.5343592540848167,-0.326937715663579,-0.170223760694509,-0.4942521988168217,-0.3523817820373953,-0.1694601322893757,-0.4779112327580439,-0.7410779449661345,-0.450963000617401,-0.4131962521346266,-0.4649560900761309,-0.4323262964526232,-0.507406660652057,-0.2918095256183604,-0.3461125692999995,-0.4978836850337967,-0.3057741394380333,-0.3014031689493225,-0.4927147148404148,Down,2026-07-28 16:24:33.106,sess_20260728_161633
0.0,0.0,0.0,-0.1930463947929349,-0.158945722901017,-0.2251168010566901,-0.1971775940688849,-0.4970794024170846,-0.2707202508042319,0.0638628614637015,-0.7358475760500081,-0.2700849443422604,0.3317201573417989,-0.8185318182678992,-0.262760416201637,-0.2416070675733297,-0.9647087449626396,-0.1446419962384177,-0.3324575989083902,-1.3563523816503258,-0.2069929669130345,-0.3641075304285897,-1.5991651857684597,-0.2716918649668874,-0.3833320284983584,-1.82139892122576,-0.3328586408665537,-0.0133115082076192,-0.9939525260683,-0.1090008241789209,-0.0179538851458257,-1.4311142739537237,-0.1563620120470217,-0.0128559675640051,-1.676555475277472,-0.2215824694902109,-0.0052150164333316,-1.8988757795255125,-0.2751188893954254,0.194088032261093,-0.9262969071207516,-0.0987929753359383,0.3217020794398852,-1.267839107237406,-0.2266184231000055,0.4016207400343538,-1.502736089250093,-0.3497840948040616,0.4817175596018761,-1.7422360804910446,-0.4349205084902698,0.3711525428072335,-0.7661038705526959,-0.1008976916142765,0.4349625792315741,-0.9524977249324288,-0.2493899317499785,0.3675180595858063,-0.8580837128528005,-0.2842928964806689,0.2958901181917164,-0.7456796616080121,-0.2979533662957392,Left,2026-07-28 16:33:48.519,sess_20260728_163307
0.0,0.0,0.0,-0.2932680939000285,-0.5538487779964172,-0.1121177481751432,-0.5919440155248062,-1.1437869181843638,-0.2113059700760544,-0.747123390620401,-1.6010288484286808,-0.2951401999056225,-0.6539239598801709,-1.965151032900484,-0.3690593398384862,-0.4333421733053948,-1.2029355602298075,-0.2421859554981283,-1.1801535428549066,-1.1087733702450049,-0.3798418492081028,-1.109853126193161,-0.9096631662977942,-0.4259758173638758,-0.8903918562863959,-0.9043451017407254,-0.4536331303774217,-0.383835188393629,-0.8838878787415487,-0.2672316709609709,-1.21923635439578,-0.7487333942626697,-0.3634504184304528,-1.059613881668002,-0.6364244422144655,-0.3483153136643305,-0.8412243947334216,-0.6408982671585396,-0.3647197565179342,-0.3906338972974271,-0.5443317322062958,-0.3010986556844117,-1.1348622913841335,-0.4352943878264453,-0.3970895014587049,-0.9651375205963174,-0.3639382237284579,-0.3449390494883493,-0.7338441751796722,-0.3947368444828215,-0.3287178731020932,-0.4060328493386101,-0.2198176350574963,-0.3418783897432446,-1.0018795022255238,-0.1706804528964142,-0.4115183483673413,-0.8679713103502082,-0.1379783513168266,-0.3824358882948686,-0.6521163339346058,-0.1491308426051261,-0.3619814200036821,Up,2026-07-28 16:22:38.526,sess_20260728_161633
0.0,0.0,0.0,-0.158152255226277,0.3351178332355116,-0.1907822610172923,-0.4452733821912423,0.6724625359831857,-0.3170307982495005,-0.6558025548288525,0.9544576564689736,-0.4364713458025242,-0.803422444654059,1.1694414445061596,-0.5332234802169561,-0.934868084307662,0.4361664411355209,-0.1093779987317668,-1.046351779955908,0.493356674336563,-0.3077179090098523,-0.7467430505866806,0.4720416507628068,-0.4361698288975028,-0.571107196745413,0.4563445430964756,-0.5047532909084298,-0.9811236520487754,0.1556317123675872,-0.1147830540454745,-1.160059562624896,0.2077224932595497,-0.3193191673948846,-0.7934874166239014,0.2381963393038718,-0.3861269616914991,-0.6247569615709394,0.2451770187262171,-0.3938911644067798,-0.9395425384388888,-0.1204516435891983,-0.1552062130365414,-1.1748354027182546,-0.1286232293397914,-0.361706020410313,-0.848667420274767,-0.0602313429586789,-0.3254858256655683,-0.6829823692181706,-0.019998006846925,-0.2554212018433441,-0.8338527786671811,-0.3743019290783018,-0.2120825833962171,-1.0242344786588504,-0.3993262109008686,-0.3460549224446462,-0.8056584722875918,-0.3051466760350212,-0.2983493261230187,-0.6804011811921288,-0.2454162691696725,-0.2325098388409608,Down,2026-07-28 16:35:44.742,sess_20260728_163307
0.0,0.0,0.0,-0.2624163659949441,-0.3719178426790973,-0.120512366133712,-0.3244601672266519,-0.7928475790860213,-0.1769434648124526,-0.1261719902041775,-1.0890058319606928,-0.2605320876557049,0.1329730508244012,-1.2240286489163938,-0.3333333026443572,-0.0954449989604908,-1.0299359435562343,0.0496886750020334,-0.1504260961438393,-1.4702423102468798,-0.0958838358302717,-0.201675880651972,-1.724754781793682,-0.1998014699928393,-0.219649188650951,-1.9508666882579275,-0.2621947070245684,0.1479333402625515,-0.9889911976789992,0.0034839277006064,0.3063931097490385,-1.4861025529671383,-0.1589793596961093,0.3576047270611976,-1.8011460595478612,-0.265701969916863,0.4172206357883813,-2.0580938797590567,-0.3112406748815873,0.3491439148259064,-0.8476613037296499,-0.0745029975948702,0.3548281156951012,-1.2291255338082037,-0.3188750786843888,0.128887075216109,-0.9866610173674456,-0.3435992616121645,0.0167366282802627,-0.7531559894765839,-0.2788203271624436,0.5212299989666818,-0.6425257648983939,-0.1640261110374703,0.4547410750694883,-0.9375248195478144,-0.3369906794126188,0.2629452840768506,-0.8324166373969099,-0.3162706889689762,0.1542985023058097,-0.6769913685542311,-0.2518331215029148,Backward,2026-07-28 15:04:34.909,sess_20260728_150120
0.0,0.0,0.0,-0.1353924364864706,0.3091043663742948,-0.1947977866493196,-0.4014186718159667,0.619074178950709,-0.3016925370303098,-0.5758287906196625,0.9002380873016683,-0.387268499932359,-0.6205176863444174,1.1533599062833784,-0.4392948628797065,-0.8747783819757372,0.5110012224322961,-0.1259843723423297,-0.8395548926903468,0.5133748146172995,-0.2544888414490353,-0.5931872796902058,0.441670082317427,-0.2999365659066454,-0.5795888871248243,0.4374461940614186,-0.3282643617894556,-0.9573459517212864,0.2705575189128469,-0.1014266122996767,-0.8646596123630964,0.2961164201185007,-0.2393384809651855,-0.5572210390399908,0.2611136367287375,-0.240219938711925,-0.5933063542399194,0.2786510338291986,-0.2234062041872245,-0.9365135663347216,0.0296414007757668,-0.107426087055698,-0.8621980142781666,0.0593923317067152,-0.2627532174833631,-0.5812546143526028,0.0574123635168955,-0.2091530332452395,-0.5900177508246406,0.0775365548291826,-0.1527479160126748,-0.8676166632593552,-0.1913146896349772,-0.1323902243793318,-0.8126896600786038,-0.1633320058937636,-0.2210803175190287,-0.6091709151842608,-0.1163505136907066,-0.1839279390104176,-0.5992498132735492,-0.0883164547775464,-0.1455139396473442,Down,2026-07-28 13:06:28.329,sess_20260728_130400
0.0,0.0,0.0,-0.234856777814057,-0.2196568577289865,-0.15307014655469,-0.2912098790909743,-0.5838840808832697,-0.1745696087280213,-0.0619464070222573,-0.8299504015910795,-0.1780201783430865,0.1968483294101195,-0.9082956575846468,-0.1832764198557214,-0.2821564359352597,-0.9684047348508265,-0.0151421569874592,-0.3995324269775884,-1.31984773992426,-0.0733603057669367,-0.4642216802526784,-1.5371811691105357,-0.142790567929142,-0.5176323616322751,-1.734172565431292,-0.2024864397040356,-0.0691456153602435,-0.9974842584003748,-0.0156217194926597,-0.0785623608131003,-1.4329763342268402,-0.0459888586895946,-0.073464702083659,-1.6818678350988556,-0.0981181500922957,-0.0571726054461066,-1.8889304218980405,-0.1384532358700907,0.1312936308955208,-0.9151098061850326,-0.0440062950835539,0.1964629566158221,-1.285604894003025,-0.1531715573585509,0.2213774173369951,-1.5248584748655865,-0.2629713611012906,0.2745990907356357,-1.741870238295452,-0.3392822377139137,0.3086831386471979,-0.7406118466173752,-0.0828269739799809,0.2826158466384534,-0.9299194228328242,-0.2218652949423779,0.200013645675872,-0.8142290073125882,-0.2528983509808094,0.1692464334715246,-0.6651487471069106,-0.2638565289127252,Left,2026-07-28 12:42:03.402,sess_20260728_123245
0.0,0.0,0.0,-0.0683135839914049,-0.424031375341642,-0.1029157116032699,0.2215651268799795,-0.8964560854588287,-0.1351988326477015,0.4473771517048175,-1.2152993346298884,-0.182215875397547,0.4831296890941366,-1.485921647151397,-0.1989911577040105,0.74193871523419,-0.7876975468665512,-0.0001210566426859,0.919012845193312,-1.0391758740628048,-0.2124501377032574,0.5935006224880891,-0.8879237951930337,-0.3052262482472807,0.4447120656064063,-0.7414434839051365,-0.3350401425197459,0.8329415457390953,-0.5521479799457683,-0.0366195251686037,0.9460214913293148,-0.7611927519659014,-0.2337389594054423,0.5293366377731736,-0.6025061810340097,-0.2241170923192074,0.4701346489832662,-0.4880087922215779,-0.1701766559583359,0.8595829602505498,-0.2917517102374898,-0.1166386098124339,0.9882557259323684,-0.4842878266419088,-0.3356772185397925,0.5749449162475608,-0.3806486858252899,-0.2262143716103535,0.4912555448738558,-0.2768643054915667,-0.0989823110896653,0.8533919782328405,-0.0233268834178611,-0.2086644047454324,0.9398484576096544,-0.1801484844854061,-0.3322618463505837,0.6361285388391312,-0.181120762683648,-0.2477967129301336,0.5344405669498561,-0.1297820177335898,-0.1546690017217869,Up,2026-07-28 15:06:16.914,sess_20260728_150120
0.0,0.0,0.0,-0.3319721706200678,-0.1691619409694531,-0.1824257015709027,-0.6017057883258595,-0.6252672372560579,-0.2805506326319458,-0.6207991511312493,-1.027308675536907,-0.3765785404548253,-0.4522038872771309,-1.2853893294315826,-0.461916060653559,-0.3499735871579144,-1.0513804517823315,-0.1196297903199417,-0.3919433792501549,-1.5819444982546575,-0.3062752502462035,-0.433098364359729,-1.9253273047020187,-0.4276104771988998,-0.4430753786152962,-2.194430663007445,-0.517603849957923,-0.0693597688376966,-0.989221138290775,-0.1289603118229968,-0.1273255921979204,-1.2779885104097404,-0.4397591443996851,-0.1926699807802259,-0.8915867246892785,-0.5195582104440493,-0.2240342477293722,-0.5848668943919401,-0.4966931464906478,0.2049284069005452,-0.8675664500947284,-0.1663643494397825,0.1541253663825806,-1.1256590256678474,-0.4712164004406887,0.044567684780732,-0.739753817593474,-0.4233752611930155,-0.0172020282593001,-0.4550015078184747,-0.3052655635599186,0.4787679301400403,-0.7123035966329514,-0.2178683349765487,0.4064866347830466,-0.9647605563723884,-0.4469928612286816,0.2694949457033583,-0.7140611699469082,-0.4130962310835532,0.2056759756167918,-0.4916398458330481,-0.3286343184275463,Forward,2026-07-28 15:11:56.891,sess_20260728_150914
0.0,0.0,0.0,-0.324570144923074,-0.1592821882102892,-0.1469953135640725,-0.3963340009143495,-0.5915643632437771,-0.1743631075850261,-0.1532730952117998,-0.9070106283819668,-0.1746530812072479,0.1259699404746166,-1.0408314326355694,-0.1831988643837919,-0.2815786935917335,-0.9884921634692104,-0.0924168689069598,-0.3871036929310544,-1.4338717888790642,-0.1515581843153929,-0.4336058120317168,-1.7156109448107593,-0.1985600638171314,-0.4490858621968302,-1.9551425655664223,-0.2418235919005943,-0.0246730794666662,-0.9950496653268168,-0.0962673500342753,0.0350151875634731,-1.4574269511595903,-0.1651540209678239,0.0699323246584395,-1.7633326220217418,-0.2297853259478139,0.1177651730154506,-2.0099463944294262,-0.2654743223592853,0.1814682787140062,-0.9019059756002104,-0.1169887451747518,0.3661775420823273,-1.314136475211148,-0.2868291780480502,0.4547467253216353,-1.597171918620697,-0.4215594535889894,0.565229390393179,-1.832494993408046,-0.49828851083674,0.3490678239811139,-0.7249514759133513,-0.136552074299138,0.3603728834241424,-0.9199740350798676,-0.3355128092564562,0.2550794463124344,-0.7652833747763642,-0.3773887813653853,0.2039346020666835,-0.5659262047534535,-0.381214832987974,Left,2026-07-28 14:55:32.825,sess_20260728_144941
0.0,0.0,0.0,-0.2270848816975618,-0.160659284093687,-0.1926875541040489,-0.2874882864810413,-0.4412287419704884,-0.2718581233307092,-0.1118916025485302,-0.6992065423270808,-0.3306895246548934,0.0860178581035706,-0.8701122471340546,-0.3807585932531835,-0.4048788742601223,-0.9023215511917152,-0.1461170621544534,-0.5307820604091283,-1.2656414044844422,-0.257053480955936,-0.5939524388727024,-1.5100961387795946,-0.3493155312001511,-0.6368056027943858,-1.711984888357994,-0.4243329701331512,-0.1943433914486709,-0.9725055097120322,-0.1283108716359184,-0.302896314675837,-1.383520645841974,-0.2252915935290737,-0.3579911213899688,-1.6319152856528012,-0.3021936204870386,-0.4109562990829818,-1.835009276427828,-0.3655856411673975,0.0167071365877289,-0.9439902879472564,-0.1369900757768229,-0.0237096294321546,-1.3259610770080283,-0.2473291455073207,-0.0480600045086587,-1.572904584379731,-0.3282686352463963,-0.0685722995715679,-1.7929140561064614,-0.3872949470423303,0.2312189834780579,-0.8422426004128586,-0.163495230161282,0.2964984490110953,-1.1298132587596437,-0.2659816287237104,0.3383527435286096,-1.32515776426283,-0.324574484933804,0.3687809515462181,-1.5104543305591216,-0.3680666599972964,Right,2026-07-28 16:34:42.631,sess_20260728_163307
0.0,0.0,0.0,-0.1164464354293069,-0.4356689261381378,-0.1402843639119117,-0.3260040486730254,-0.9443212812479322,-0.253000541705456,-0.4726445205175949,-1.3410854710457991,-0.3358265246662453,-0.487598904256626,-1.6791936272369827,-0.4126776100661515,-0.6454851774726533,-0.9109478320344044,-0.330865387586043,-1.1907531796156157,-0.6264226624860303,-0.4561241984777181,-1.036544031618498,-0.4875966634734335,-0.4861768931839147,-0.8516639482139731,-0.5251439161188877,-0.4929135062083056,-0.6930315803788089,-0.6451363047663732,-0.3217240694602128,-1.1553856919126604,-0.3278298560550766,-0.414501435216917,-0.9483659380023978,-0.2587422010315369,-0.4038229398210247,-0.7771654912522725,-0.281734877369885,-0.4049125637403672,-0.7249052561647958,-0.3386309481467898,-0.3139859125327387,-1.0970359561315992,-0.090357686190661,-0.4096732800007933,-0.9258852375315536,-0.0270669372861455,-0.3845044584466419,-0.7728716335516091,-0.0466899928067719,-0.3695266326680583,-0.7527631899178975,-0.0629158486396147,-0.3121812202230785,-1.0218287653012983,0.1227490690780868,-0.3939006656606201,-0.9060435332817198,0.181359338997262,-0.386580026970689,-0.7991852367652266,0.1811314685833775,-0.3673563910541276,Up,2026-07-28 14:56:55.529,sess_20260728_144941
0.0,0.0,0.0,-0.2733962760648625,-0.1166393184946839,-0.1658385664819119,-0.3741356392177972,-0.4113107256830995,-0.237115320862624,-0.1428896110468803,-0.658373589330174,-0.2907026845385985,0.13209387166193,-0.7323845839934543,-0.3474136052689158,-0.463662159844465,-0.8808836922853363,-0.1678675353884856,-0.6551710137193969,-1.2247572750433875,-0.2533712014840906,-0.7497549270233157,-1.4457386150100962,-0.328366715410626,-0.8072152936470114,-1.6451158305036686,-0.401679564722573,-0.2261963596259124,-0.9587850521051045,-0.1719489190189835,-0.349424567992406,-1.4195526446565196,-0.2358187090612723,-0.4268171604111879,-1.688232278479966,-0.2983209004762087,-0.509562781542323,-1.918121388516128,-0.3638581461116269,0.0110101011435816,-0.9251582816125554,-0.1955346935442889,0.0447096015185234,-1.349906810039859,-0.3082706764922744,0.054622602462477,-1.6342053228174611,-0.408740344390528,0.0554309704974179,-1.8834686755378327,-0.4845988421189514,0.2449001066180257,-0.7963079986529774,-0.2297376637958886,0.3665281208615728,-1.1255626699846208,-0.3490274704223873,0.4564314150895085,-1.3305465801619372,-0.4145168332733919,0.5224288617899732,-1.5362975035068565,-0.4673042707757747,Right,2026-07-28 16:34:06.886,sess_20260728_163307
0.0,0.0,0.0,-0.2837289533274352,-0.329012274301346,-0.1239300059236177,-0.3335715043196912,-0.8270182630382271,-0.1892935993931049,-0.1578786305611621,-1.2166827199446824,-0.2708461395195344,0.1000498626614408,-1.4474602104136,-0.3491375869336696,-0.1096717481209458,-1.0117733512939506,-0.0210929595363999,-0.1824946858318243,-1.4981638007951357,-0.1768507124031739,-0.2595017904833204,-1.772208218928479,-0.2599572211870206,-0.3003394862909372,-1.992139972974537,-0.312401267602594,0.141811247592924,-0.9877422125082772,-0.065229530777033,0.2238455525765249,-1.577738616420483,-0.2475112945247818,0.1791585642614608,-1.9294265676943048,-0.3426585370115244,0.1788897736964771,-2.1868638869977453,-0.37778164888059,0.3574678765651866,-0.8685302556188432,-0.1337954364254284,0.3451829597208364,-1.3970084255578936,-0.3877649536978458,0.1012417854637613,-1.1464242447028987,-0.3864817711154769,0.0312572983945715,-0.9130180641851317,-0.315428549185049,0.5572828472425675,-0.6713391486403878,-0.211142845153759,0.3150637517640514,-0.9618293541388744,-0.4461217660457141,0.1388932549919152,-0.7378198912937857,-0.4565643630283089,0.1330591260783298,-0.5189549462097172,-0.4088906066258227,Backward,2026-07-28 16:31:52.032,sess_20260728_163042
0.0,0.0,0.0,-0.3881084816115105,-0.1774407583493813,-0.1037774824093917,-0.6768135983872633,-0.4869416152119563,-0.1485552311363275,-0.8517196551424335,-0.7516567162038048,-0.1942012090229279,-1.0315384202625628,-0.9173840576031544,-0.2408751183605392,-0.4521191215417641,-0.8917290156511061,-0.0472020022745423,-0.6260206457122879,-1.225583159768509,-0.147046037778559,-0.7361599429685323,-1.439755866556152,-0.2402157549719786,-0.833242845196095,-1.6261198778939083,-0.3093380367319425,-0.2278717421509875,-0.970608193678454,-0.0774222415932427,-0.2996743674052591,-1.379853849182827,-0.1615239785898556,-0.3470276196792149,-1.6418436862205852,-0.2445065304722214,-0.3898481389571867,-1.856865839860508,-0.3055328044701252,-0.0076418034883271,-0.94840105082968,-0.1300185495920998,-0.0398391033459659,-1.3176856185582808,-0.2202862039471805,-0.07489935938154,-1.5606749248094214,-0.3002458291784152,-0.1157966316820421,-1.7636227653533414,-0.3539225412805047,0.2056697330690457,-0.852917891645767,-0.1946566584266761,0.2633527371966528,-1.1354890765375605,-0.2625075666617927,0.2901574364255918,-1.3273409313722633,-0.3006115142859839,0.3009601078148983,-1.495518995135254,-0.3281018012571903,Takeoff,2026-07-28 15:09:27.119,sess_20260728_150914
0.0,0.0,0.0,-0.2415285809874492,-0.236556237956991,-0.1405027614367104,-0.3401330971037954,-0.5952974358449803,-0.1929250414820867,-0.1713296883357442,-0.9589827805009816,-0.2526381474722239,0.0737636842921238,-1.136439350805966,-0.2977186937487298,-0.411420410720578,-0.961002808992932,-0.0637638672786678,-0.5653835385126836,-1.3861629417611323,-0.1951211646799441,-0.6673303672039959,-1.6508313057236632,-0.2851695287264772,-0.7256849448513017,-1.8725020280590725,-0.3463341014084587,-0.1327933890255466,-0.9885277892981168,-0.0719633630154104,-0.1186073518076493,-1.5099302095964768,-0.1981449499585568,-0.0953104538300586,-1.8459323280786435,-0.2811626438160428,-0.0684015693984356,-2.098048454832572,-0.3262546683838788,0.1202308232395243,-0.8970126730190684,-0.1005008313362538,0.1369551272062082,-1.2362905337560397,-0.2612580238490768,0.0563926756749977,-0.9889453050773368,-0.2499301000201504,0.017384729792969,-0.7870630816039921,-0.1894869256972176,0.3432427528180404,-0.740849256672153,-0.1440765623107184,0.3067937308396387,-0.985234707095818,-0.2675976028916513,0.2854553422359335,-0.9272535414482372,-0.2449402851078153,0.2878179477775003,-0.8664177680967221,-0.1923869942200158,Backward,2026-07-28 16:19:09.995,sess_20260728_161633
0.0,0.0,0.0,-0.1946673420098069,0.4350772629938009,-0.1908065959797937,-0.5075065313544614,0.8218124270158426,-0.3174000381150104,-0.7545908460830049,1.1432073862523189,-0.4332642671724264,-0.8915049864028535,1.4099810913131317,-0.510743687084413,-0.9417991161335914,0.4730854764460942,-0.1810257010632864,-1.2279983122282347,0.4770228051462367,-0.3233253098533716,-0.915996041765078,0.4714072640995087,-0.358753968704129,-0.7977653410207676,0.4860889770350772,-0.366475286776129,-0.9661241407883944,0.2020119626541687,-0.1606091888109072,-1.2351945022340376,0.2300468376624261,-0.3102908311085002,-0.9037395267577392,0.2225980408879174,-0.3114746137748962,-0.8280149761396679,0.2280579281464377,-0.2917705482406995,-0.9424858748899944,-0.0609978710325761,-0.1658697018789436,-1.214875985740803,-0.0240019158761441,-0.2857842866683314,-0.9156585884216236,-0.0238462620879363,-0.2096447991666463,-0.8210597951693319,-0.0113333252680631,-0.1428826130948386,-0.8894944583051694,-0.2960151512639358,-0.1909380751069408,-1.1213307041249727,-0.2744513027305367,-0.2360349197626953,-0.9289570681994356,-0.2440495745310019,-0.1643567190805757,-0.8364305558876006,-0.222080517475752,-0.103835722168171,Down,2026-07-28 14:57:51.337,sess_20260728_144941
0.0,0.0,0.0,0.0974380689782854,-0.3953306286292306,0.095569751897931,0.0765422340101894,-0.8605038487895754,0.1038397428107336,0.072103688940417,-1.22796298772787,0.0932500976689832,0.2059381786920725,-1.449748483626869,0.0786830586252889,-0.0216443725106137,-1.0919401950048275,-0.0840849054625575,-0.5315213593976407,-1.2378710929491703,-0.101706547184455,-0.5573943544213175,-1.0353811516610547,-0.0740045819308311,-0.4598517232569903,-0.9020217413989562,-0.0475386105596431,-0.2202753305860927,-0.962840855730067,-0.1562570487119851,-0.715789144760283,-1.0671559238113857,-0.1725951097817593,-0.7058316319106165,-0.8842303657162819,-0.1377074874301231,-0.594581536703935,-0.7737984895699918,-0.1262959914879318,-0.4380149882514451,-0.7968946002788687,-0.2083075262396456,-0.8865982602285799,-0.9577168297032522,-0.2307120099698581,-0.8715644527927496,-0.778657358663959,-0.1847516611860361,-0.7575336419850623,-0.6707086348900005,-0.1681762998268713,-0.6581223807921702,-0.596706224360608,-0.2451211980263993,-1.0350420030133518,-0.8298618602608496,-0.26019603215202,-1.244511350492051,-0.91536643052867,-0.2332983875689824,-1.4077690008481152,-1.0331703398832068,-0.218590299324518,Hover,2026-07-28 16:25:30.699,sess_20260728_161633
0.0,0.0,0.0,0.1951470788711064,-0.3358476704434744,0.0809285473032876,0.251929119653222,-0.715961953532808,0.1024864613993156,0.2948966041295646,-1.012542079878088,0.1051251482638189,0.4708480270367731,-1.1322352345089082,0.0963337416008121,0.050630485076954,-1.0222202476751527,0.0056626366256535,-0.3084406737913662,-1.1152609118846657,0.0150490584155004,-0.3226277399665348,-0.940709736896968,0.0055668367387951,-0.2438266825033218,-0.7854609669700696,-0.0033793199539833,-0.1744456768567754,-0.9832838273218716,-0.052169155189954,-0.5097056712824127,-1.0071146944787288,-0.0153373775919779,-0.5069197005483728,-0.8438270086744353,-0.0178263600980836,-0.4131519471124394,-0.7263760368162586,-0.0452424827207562,-0.4025241571408561,-0.8690644480788101,-0.0944843608116179,-0.7075590760535428,-0.9518161951009132,-0.0876318384821175,-0.6926661175754919,-0.7972771746220002,-0.092667906086073,-0.5796854726443903,-0.6836337957143025,-0.1187229733796212,-0.6172723439493778,-0.7003896510298803,-0.1237822186032489,-0.8998200374141543,-0.9468103157384724,-0.134734017450738,-1.0867791269619975,-1.0534010611962985,-0.1221260525810672,-1.222601368203705,-1.175394307899888,-0.1205570632505689,Hover,2026-07-28 16:26:21.474,sess_20260728_161633
0.0,0.0,0.0,-0.2685636138163888,-0.1686677399695673,-0.142839611700144,-0.3942857432860817,-0.4841008227652786,-0.200799792988505,-0.2513176183080003,-0.7705426347002337,-0.2495523088165291,-0.0307480880169159,-0.9030114508990692,-0.2906438525896132,-0.4407847240977395,-0.8922590037923027,-0.0877158375102154,-0.610558139692681,-1.2262340045393545,-0.182425162880232,-0.7068241728690383,-1.4410863392384892,-0.2667732013216591,-0.7784425944929574,-1.6302840120822222,-0.3363839722928017,-0.228861775877078,-0.9692054797903986,-0.0909011852873945,-0.3272566151973833,-1.385330299904211,-0.1639698100895945,-0.3775864751084483,-1.6284628025959955,-0.2240740826601865,-0.4280499794781424,-1.8197456863324664,-0.2748192409397506,-0.0130584214929291,-0.9374688515853776,-0.117105995986095,-0.0342274178692664,-1.3299614721618325,-0.2134582995192024,-0.0485478146833031,-1.564741624995053,-0.2757951849589609,-0.0587725448475474,-1.7554381168689293,-0.3182863328318717,0.215725883478719,-0.8286029331976759,-0.1578924534017834,0.2931077402479208,-1.1209261018590568,-0.2530750195172153,0.3463821377739454,-1.3152392128927843,-0.2986108490145263,0.384441506756993,-1.48452207471017,-0.3284427399466779,Right,2026-07-28 16:34:30.613,sess_20260728_163307
0.0,0.0,0.0,-0.2727046275462776,-0.3888458831429365,-0.1099013179175887,-0.3060799745317385,-0.7736112062754005,-0.1056594120568501,-0.0445748775671399,-1.0092279145644516,-0.0972532400436638,0.1611753941222867,-1.04993117286864,-0.080243587922431,-0.2910227881274476,-0.9862846197995632,0.0565299172771111,-0.3811529640880137,-1.39083417960593,0.028338255392537,-0.4161973679087058,-1.6549566553478507,-0.0207827131220619,-0.431832930229016,-1.8822346354662705,-0.0673069234124318,-0.0531367653544186,-0.9962145841684108,0.0687967038296885,-0.0306954732983259,-1.4211734148897377,0.0623923431821748,-0.0015810190467484,-1.696438460593903,0.0214880544407033,0.0167224118077217,-1.912034575438424,-0.0190928188853406,0.1589933511404314,-0.9213498542162256,0.0529147964089046,0.2231865218130479,-1.286985860083887,0.0081138251199658,0.2556126102842,-1.564793869645516,-0.0694338363478242,0.2771588798716934,-1.768261629696985,-0.1276399637960653,0.3787159180341022,-0.7799965853712025,0.0216667588055988,0.5555676579396424,-0.998629578203737,-0.020931656042232,0.6672600252154062,-1.1686048345995783,-0.0633026940377183,0.7490835718895364,-1.3085088856517906,-0.0991216164754505,Right,2026-07-28 15:05:56.805,sess_20260728_150120
0.0,0.0,0.0,-0.3568468569271486,-0.0924045865285665,-0.2304186096123085,-0.7056275349343499,-0.3780064620062556,-0.3197951761529987,-0.8600299728269672,-0.7006723149558556,-0.3776314188271672,-0.7130833315776614,-0.9201486591872982,-0.3797315750341734,-0.68659767709373,-0.8115991386304577,-0.1119092606581527,-0.6764995358438709,-0.929239091310547,-0.260941624080075,-0.5842856097113228,-0.649435174937457,-0.2883503001760887,-0.5877226752701631,-0.6261117929336599,-0.2905394312345701,-0.4628247150912739,-0.8850838921536374,-0.0491913300374111,-0.4421647949301269,-0.9218464446185096,-0.21330994949058,-0.3439973550206727,-0.568999219110058,-0.2049964668876491,-0.3837903653709012,-0.6044095959409458,-0.1632724904155232,-0.2244228886575254,-0.909937601251402,-0.024969351632318,-0.2147990109394906,-0.9405485817854796,-0.2204038948955221,-0.1458377845969069,-0.6012487357600411,-0.1508593385317868,-0.1725962818415601,-0.5987400888139112,-0.0566244836570595,-0.0038804602646425,-0.898514588819334,-0.0173210094257128,-0.0186410047860244,-0.9831396259192514,-0.127231530385088,0.0170690484909507,-0.733174431410934,-0.0705135975209607,0.0174328836734761,-0.680911424132971,0.0025539889225703,Land,2026-07-28 14:52:03.976,sess_20260728_144941
0.0,0.0,0.0,-0.3063474408016942,-0.2120369751676214,-0.1542122632421274,-0.4610527135331806,-0.6025924465270571,-0.2117959621376265,-0.2929412249037652,-0.9504982279857306,-0.2721028904883608,-0.0299544271206607,-1.1211106188049396,-0.3242867428430232,-0.3484472815206161,-0.9833215149373948,-0.0673185689439971,-0.4989764607913873,-1.4560975855384928,-0.1814682526819435,-0.5864176454319993,-1.7403166211971937,-0.2456257866100304,-0.6257819566529794,-1.96732348314646,-0.2858531668016699,-0.0591291486769887,-0.994686371020313,-0.0842779157500632,-0.0433348289029874,-1.5368402201680436,-0.2091097180056122,-0.0536988129393823,-1.8688739839206057,-0.2876999197072262,-0.0365892511961754,-2.1368760469092547,-0.3213647851653229,0.1869229929052575,-0.8837161737763022,-0.1265440892542959,0.1608095017179862,-1.2715302371758277,-0.3691121026355195,0.0376352766462277,-1.0147615742292568,-0.4340107487471872,0.0053548528781222,-0.7907817794135474,-0.4023987231439607,0.3873497500990866,-0.7150499798442893,-0.1730542460653514,0.2496686736196072,-1.033845788023393,-0.3885274697872347,0.1292273369976594,-0.9706881038006177,-0.4234977158815964,0.0837275301881133,-0.8772875218452024,-0.3977664525149523,Backward,2026-07-28 15:12:54.127,sess_20260728_150914
0.0,0.0,0.0,-0.0966549307681239,0.2787191639066302,-0.2650467347218693,-0.2993459479949894,0.5675770310177269,-0.4351381495802199,-0.443827629652217,0.7911211311084595,-0.5639485036686779,-0.5125615459082489,0.9821019127741316,-0.6568729583856744,-0.8747712999866782,0.3820150178808137,-0.3369560356777631,-0.694519811878203,0.3372641406708819,-0.4890663722932542,-0.4418184136422706,0.2962784731951028,-0.531164184826537,-0.4436605155027004,0.2977529082277564,-0.5607971185701378,-0.9488560480422972,0.1146211539838366,-0.2941669443580758,-0.7104794093925338,0.0898815093542748,-0.4293602700913679,-0.4308447676438126,0.093970978624197,-0.4203364199942682,-0.4701491678727642,0.107153372886275,-0.4160107224326738,-0.9209145465442852,-0.1173469827828913,-0.2757128600724792,-0.7035956251349926,-0.1272760279820226,-0.4326420340543264,-0.4360723243039842,-0.0945699678562125,-0.3879164712235487,-0.446784270643218,-0.0682493715660525,-0.3501006349830576,-0.8282649785119325,-0.321591282465233,-0.2823084136315587,-0.6492774824887863,-0.3122952144862529,-0.3865145255836046,-0.4539228470704777,-0.2573313393125697,-0.3666983118404699,-0.4492155499607974,-0.2208979036564897,-0.3442971663853552,Down,2026-07-28 13:07:06.601,sess_20260728_130400
0.0,0.0,0.0,-0.2996880053123656,-0.2145825883674341,-0.1318783210969484,-0.4099430696243562,-0.5827268932223943,-0.1725937653629056,-0.1828022609796714,-0.8548017362879579,-0.2019073586319272,0.0762594864436062,-0.918655538486062,-0.227821673597882,-0.3950541617175929,-0.9339305066425602,-0.0975780852150989,-0.5468950448675781,-1.3058506993583443,-0.1728416260632461,-0.6342667646620632,-1.5497338280675446,-0.2389136599022014,-0.6974899686615978,-1.756774950559125,-0.299247001704155,-0.1527162263224052,-0.9826526848052066,-0.105220982997515,-0.1639917196008586,-1.4211255406369645,-0.1657518266646804,-0.1593609840441933,-1.6963492341950568,-0.2243341922867716,-0.1538797069120181,-1.9131481495731952,-0.274726648278065,0.0672599433804496,-0.9174893251662386,-0.1322366399945465,0.1322316806646585,-1.300770802327084,-0.2346128601134481,0.1709210953145683,-1.5667904535112684,-0.3326800511992126,0.207726913559401,-1.7879522554804423,-0.4032617523655084,0.280631766644629,-0.7759208162824452,-0.1694583300914102,0.4588316130898163,-0.9787278217429084,-0.2828279926070413,0.5929704082013634,-1.1290948938043788,-0.3538382148538423,0.7088083575233551,-1.2615119032633115,-0.4039107343854938,Right,2026-07-28 16:21:52.778,sess_20260728_161633
0.0,0.0,0.0,-0.2650707765156156,-0.0896716926642871,-0.2087938491871799,-0.3815461662662265,-0.3188336997677916,-0.3324862265952465,-0.1609376192510748,-0.5119600849098809,-0.4319352918313267,0.0883275488049224,-0.6122431896754928,-0.5334076506624806,-0.4752459068351976,-0.8395910865994607,-0.2885506315264327,-0.7108146526275287,-1.177015579993269,-0.4284873043779782,-0.8434549294043255,-1.4054568381269332,-0.5377415967773115,-0.9296907353804066,-1.6141764975478403,-0.6317181937200875,-0.2404357191958684,-0.9245148956545176,-0.2957412258168986,-0.3631162899849717,-1.3959210698886058,-0.4246719559602123,-0.4276379350303569,-1.6968178739807174,-0.526176142086854,-0.4814201281802314,-1.9585131306440449,-0.6144119990562823,-0.0001097744883106,-0.8792582166750067,-0.3203698674479571,0.0363455842021193,-1.3250832820715357,-0.4786805019131466,0.0609604583588744,-1.610512842495369,-0.6069549139530955,0.0779044520071721,-1.8740254970932904,-0.701239692269253,0.231628919315025,-0.743853120547863,-0.3558124605908654,0.3602219696159688,-1.03823742983013,-0.5095681844033976,0.4569824274904669,-1.241491196467848,-0.5965909967463813,0.5309435826122165,-1.4435313248566808,-0.6628407223806303,Right,2026-07-28 16:33:58.708,sess_20260728_163307
0.0,0.0,0.0,-0.3095253884575893,-0.1198109918222577,-0.1491057377961684,-0.4426888076652218,-0.3978728555483465,-0.2174638812584471,-0.278363012232375,-0.6310308692485034,-0.2728196283557805,-0.1158660571432871,-0.7630529245419732,-0.3202194568072675,-0.4541453385700316,-0.9264904778743662,-0.1023537977340518,-0.4905646742770971,-1.2893775491808772,-0.2034032866985608,-0.5001255100711222,-1.541138505915294,-0.2939396433000711,-0.5081731526518486,-1.754832418716174,-0.3633538705745988,-0.2350520978527001,-0.9661049478838348,-0.1067320990584256,-0.2839268592592481,-1.3350961413374909,-0.18725548178131,-0.3116389656705484,-1.592916717497628,-0.2663235651027028,-0.3347848109460769,-1.8135134856788084,-0.3250192062031791,-0.0325841475583029,-0.9322571042698988,-0.1319559294382632,-0.0705379209904779,-1.2820621878058411,-0.2147166436896497,-0.1045533042615388,-1.5237468021089258,-0.2828627699446024,-0.1342116495984536,-1.735311229484211,-0.3292494818606903,0.1680711726596411,-0.8279535992206958,-0.1733034758753954,0.1525959050514181,-1.1257440630523514,-0.2493574814980058,0.1136995196781359,-1.324892130465513,-0.2817249048303706,0.0715065096332307,-1.5086356110633008,-0.2997548753262991,Right,2026-07-28 14:56:21.640,sess_20260728_144941
0.0,0.0,0.0,-0.3465205194758213,-0.2519403033714402,0.0260712181980886,-0.4874417977143185,-0.623206613713492,0.0374220314028032,-0.5968632313451807,-0.923592099023966,-0.0115328682783475,-0.7302403046213908,-1.1301313300049134,-0.0461317391600121,-0.1599067246872144,-0.9553027055097422,0.2077458265748562,-0.3404064696993381,-1.1819859558027426,0.0511942151316709,-0.4304010712880518,-0.9085382672200244,-0.0423093453237299,-0.4181351004601069,-0.6479396436066317,-0.0475793667164815,-0.0230236769654431,-0.993070246126314,0.1152449415706091,-0.2686267164423883,-1.261830129497567,-0.0931673738556728,-0.3500909162532752,-0.8944501529280339,-0.1803308918175993,-0.3276211066843922,-0.6203460975197377,-0.160044855224377,0.1558378266706418,-0.9905709477998816,-0.0053155215120283,-0.1211693501157592,-1.2701327890701564,-0.1976856222625137,-0.2079105210328172,-0.9271235954157082,-0.2316910813637056,-0.1850905050814566,-0.6616004711222347,-0.1651597156623148,0.3600650574785829,-0.9536073484880158,-0.1286244451014538,0.4068220861710223,-1.410007050048787,-0.1911470128530857,0.4168713524798471,-1.674133876899576,-0.1795374088507186,0.4275808962350356,-1.8998945294203424,-0.1332833323013187,Hover,2026-07-28 13:00:27.250,sess_20260728_125902
0.0,0.0,0.0,-0.3395377695179243,-0.1583794807638315,-0.1090121604979119,-0.4963776333630232,-0.5256397965231803,-0.1379243711470408,-0.4847666201868938,-0.8149150404919971,-0.1671796561804434,-0.4873369693833052,-1.026655628396985,-0.1951696657812295,-0.2770055171401393,-0.9452246441241222,-0.0442261317211486,-0.3457114058324483,-1.3155282842884295,-0.1383135028611005,-0.3772306006512924,-1.5455637993634546,-0.2271338589554929,-0.3969802467929502,-1.7444646755897362,-0.2945995565790028,-0.0807481633181035,-0.9944400691951734,-0.0675920328134286,-0.0950986250657037,-1.4219525431501563,-0.1518388699406121,-0.1090762168869716,-1.694750078450432,-0.2372270794800598,-0.1216421965338309,-1.9210536438393648,-0.3011404519710298,0.0939575718913901,-0.9696634120666252,-0.1130434876645515,0.1251219288911736,-1.3831924898739654,-0.2004333191544301,0.1329666694645795,-1.641313592457419,-0.2805416715762135,0.1271689987171211,-1.85554222421082,-0.3350834947885793,0.261359684527668,-0.8813772087807726,-0.1719086923989941,0.3094275555788655,-1.2133593705697865,-0.25041657921388,0.3290630499684809,-1.4354808801099967,-0.2992752703859214,0.332716525161983,-1.6319932373374424,-0.3335452322126676,Takeoff,2026-07-28 14:51:13.240,sess_20260728_144941
0.0,0.0,0.0,-0.4385057837140388,-0.1883223671447896,-0.1135267195443452,-0.7272382801015836,-0.6242111305842166,-0.1394854007983458,-0.9004825544264935,-0.9707323185986538,-0.1861509850536383,-1.1280971439961722,-1.1254979360577386,-0.2141487683202506,-0.5433505876036656,-0.924191470451739,0.078789423391163,-0.5320405502124506,-1.1620391974007749,-0.0796389427660794,-0.4254400868412854,-0.917561500003574,-0.1820968998271928,-0.367360029179028,-0.6924310845141041,-0.2004821663159036,-0.2887526969699146,-0.9542264525972792,0.0779343130861689,-0.2527692901331134,-1.1811369075814926,-0.1182833347533462,-0.1649660159635667,-0.8458717228881873,-0.2100683750693516,-0.1488738141046143,-0.583840814024374,-0.2035867619770523,-0.0420197985961165,-0.963745802896147,0.0407576072229334,-0.0082701980304468,-1.1555360030212762,-0.1296748710458468,0.0113204859683029,-0.8352174580970595,-0.1649346144090541,-0.0112906328909089,-0.5887299520194397,-0.1117648655492476,0.1757828805162336,-0.9417673702571708,-0.0083354178267371,0.2529361688357456,-1.234586752939948,-0.0348762309802242,0.3422963805016449,-1.3972320404220375,-0.0244989063467498,0.4040466750089728,-1.566764781144815,0.0052496747811018,Hover,2026-07-28 13:00:01.922,sess_20260728_125902
0.0,0.0,0.0,-0.3256657053366333,-0.1595332537255394,-0.1135623331877861,-0.4457555532167709,-0.5578971087784681,-0.1371966331738971,-0.2160334253678198,-0.8139026301405495,-0.1410925417856386,0.0675345758855282,-0.8597156007765465,-0.1535373183702427,-0.2731148140605869,-0.9777813897960635,-0.0618934839489753,-0.4290465330315357,-1.3623302107887303,-0.1120910062767103,-0.5076813073810149,-1.5969940395035152,-0.1627975420257596,-0.5487075711460498,-1.8004397829890366,-0.2120953116969257,-0.0214477477576502,-0.99587901432351,-0.0881191406344736,0.0186469249141168,-1.4577996693645088,-0.1574904996620543,0.0448495463211714,-1.7216151357806984,-0.2138982485729379,0.0913978101376849,-1.930978854554664,-0.2417275768063847,0.1792604221161617,-0.9004943330822076,-0.1293447062335602,0.3519402539703793,-1.3201065088953474,-0.2884316273192242,0.4402042232114849,-1.5908603659772549,-0.3975786279740807,0.5529759347081866,-1.8112381290834323,-0.4532146298678343,0.3315750860724682,-0.7067966479853217,-0.169354100917301,0.3316443431468927,-0.9591407230513224,-0.3418625006517534,0.2069498176823677,-0.8141567952594616,-0.3486369064192632,0.1432766991861678,-0.6023973658062167,-0.3295548509884534,Left,2026-07-28 14:55:22.152,sess_20260728_144941
0.0,0.0,0.0,-0.1520355691308421,0.3581274763345939,-0.2157882725859257,-0.4755597485148404,0.6870713862379663,-0.3400687688082876,-0.7092661198257768,0.9815393923244604,-0.4448416117955854,-0.7983606282997889,1.2630397722621458,-0.5149659674155618,-0.8865298292671487,0.531349088482897,-0.2184313217910321,-1.030891121360586,0.4707128233895616,-0.3738333029588897,-0.7147032183038179,0.4030265160450858,-0.4140326236403775,-0.6001721540152719,0.4307402978964925,-0.4306141341595869,-0.9438249122342994,0.2611217783772822,-0.2025091402949569,-1.101852553570977,0.2189369459161441,-0.3757454224666,-0.7142988652466967,0.1833071688841368,-0.3795816335700339,-0.6428156354819853,0.2457328395830474,-0.357935297492658,-0.939882828246904,-0.0044091008080081,-0.2138108967674956,-1.1125406246059313,-0.0420404929211482,-0.3926698237037643,-0.754032707773813,-0.047751347524392,-0.3205272227606792,-0.668304548103957,0.0297410273181451,-0.2455666916014922,-0.88690808823103,-0.2312181583004511,-0.2442239629134791,-0.9923609163088086,-0.2674756268483605,-0.3500713429551991,-0.7498351841127702,-0.234282001106077,-0.2916168433589272,-0.6740745465081955,-0.1574481332595041,-0.2355695976357135,Down,2026-07-28 13:05:14.243,sess_20260728_130400
0.0,0.0,0.0,-0.262858488915173,-0.0241816328326318,-0.2309190471912574,-0.4130229417382302,-0.2017226920667905,-0.3503430889934905,-0.217235141454696,-0.4354772257726054,-0.4198020716043651,0.0352160483753447,-0.5940737831226083,-0.4890955574318785,-0.5137406372583028,-0.8181230158514335,-0.329383867820935,-0.7508608163565303,-1.199782632652872,-0.4679388515352533,-0.8804439294347279,-1.448052258846067,-0.5646544076331379,-0.9823320848916895,-1.6766175219533477,-0.6351568361752874,-0.2842904786533348,-0.9076848041712492,-0.3086862809126106,-0.4494378606210389,-1.3802436594779548,-0.4576792318463125,-0.5228777268237937,-1.6610677706671566,-0.5434581075428019,-0.5687174530797253,-1.930897129970854,-0.5931455211337004,-0.0645178356262613,-0.8741108728824359,-0.3005828081934644,-0.048213224510149,-1.2815122726757069,-0.5379357247408639,-0.0464762202857069,-1.5601182754551317,-0.6767178888245351,-0.0434149639403832,-1.8421694593318791,-0.7421713977653304,0.1518702679370147,-0.7202856242650766,-0.290875197555175,0.1744711894151154,-0.964932451197232,-0.4624216784956457,0.1485747806773177,-0.8208094471629618,-0.4571889932110249,0.1243960653115909,-0.628903753377524,-0.4344677609548417,Left,2026-07-28 16:33:42.598,sess_20260728_163307
0.0,0.0,0.0,-0.3272161307522311,-0.1861877644798393,-0.1153405441213517,-0.4791407309932325,-0.6299277930466365,-0.1118383709567523,-0.289319469938969,-0.918696267925988,-0.0982679480132559,-0.0190455034714386,-0.92793042108323,-0.0930855444953433,-0.3110702147912555,-0.9840407939467182,0.0051690863294858,-0.3148747760139026,-1.386919068946446,-0.0142863262417945,-0.2939397174720448,-1.6271889636850394,-0.0448940879827724,-0.263095175920229,-1.8364722080445368,-0.0852807459971017,-0.113003220461799,-0.9935424755245468,-0.0101794643188088,-0.1161402957716973,-1.4485766093978687,-0.0411750043226877,-0.1241087374244295,-1.7303139100044098,-0.0884597164996578,-0.1073625931636161,-1.9594966459377428,-0.1201408267659109,0.0813213800415596,-0.9277591895426672,-0.0460896942738244,0.0747489093644962,-1.3782254800775888,-0.1715645915297384,0.0287167476664324,-1.657687871201275,-0.2869987553812684,0.0263623139836963,-1.876951778153625,-0.3591925430245036,0.2721600167988151,-0.7841945603834038,-0.0878433517967225,0.1946415290565053,-1.0532794189303605,-0.260778737978734,0.0914217044419983,-0.8958186659958468,-0.3120587041303419,0.0628023384557981,-0.6769059839724577,-0.3304038021750202,Left,2026-07-28 14:55:12.505,sess_20260728_144941
0.0,0.0,0.0,-0.2470097760248428,-0.3746163625037981,-0.1799973909676395,-0.309622658122362,-0.8546103717164992,-0.1984660072653724,-0.3034858132167533,-1.2425144065097184,-0.2117382983195268,-0.3850983259824947,-1.498969654410274,-0.1911329631571474,-0.2425992738035834,-1.0537170858741325,0.1477628519370091,-0.0409065827676062,-1.3216114709880944,-0.0043923861644013,0.0432222357759685,-1.124558446500903,-0.120332065361827,0.0515163123260088,-0.9168978361814788,-0.1467690994078665,-0.0250445097211568,-0.9763596551823568,0.2146965213155915,0.2016740406183018,-1.203399335702016,0.0278247340455866,0.2036992187306883,-0.9177413924292018,-0.0927052766899686,0.1315193154836421,-0.7023288539080198,-0.1024352880198251,0.1658594506212592,-0.8918996309455844,0.2363936026229753,0.3610993115142339,-1.0590856193205695,0.0622835261014751,0.3078868830428666,-0.8227884717102681,0.0115489494823816,0.2207099002587898,-0.6320313566104672,0.059062858895766,0.3309081440051896,-0.7910154486607032,0.2450437788863571,0.5051924384728325,-0.9861142523717206,0.2089096263088754,0.6246582248228713,-1.0767010460011048,0.2119466163767185,0.7063369787272523,-1.1620908042776168,0.2472921456895722,Hover,2026-07-28 13:00:06.173,sess_20260728_125902
0.0,0.0,0.0,-0.2738007133813319,-0.2405663280341071,-0.0329757403606498,-0.3843759103076865,-0.61061833318271,-0.035250494590545,-0.4326501809706145,-0.854997417730394,-0.052769467600369,-0.5237580242536795,-1.0149636368200443,-0.0772118590400952,-0.1350509973590827,-0.9811629545306312,0.019971658011213,-0.209318523012717,-1.3059902796519258,-0.0541008296287269,-0.2644150568618532,-1.5222472205715385,-0.1315621107588874,-0.3083813599386429,-1.71404966633347,-0.1936072798283131,0.0328188641976749,-0.9986847678170064,-0.0393910736470415,0.0523016505081458,-1.4020384201587348,-0.1053265253360587,0.043257629536933,-1.67185040364894,-0.173612654770685,0.0296411004810846,-1.894355389620568,-0.226317637352753,0.1701949362685116,-0.9258466076033685,-0.1159645496259144,0.233324241671657,-1.3172166573065345,-0.192770262492141,0.2377381210577873,-1.581886762893707,-0.2693209522403499,0.226319517924792,-1.8012209503348175,-0.3244214125424193,0.2835654945388222,-0.7909573801051374,-0.1994102016899681,0.3817788519083964,-1.0712299122126134,-0.2698121002877019,0.435292239934827,-1.2754794869176502,-0.3182654854905263,0.4704378859977051,-1.4612691675159435,-0.3571862965480286,Takeoff,2026-07-28 15:01:57.121,sess_20260728_150120
0.0,0.0,0.0,-0.3251841962232377,-0.1640183895743882,-0.2098711414286709,-0.6277418093676069,-0.5444783658148437,-0.3136590611785854,-0.7343918699706824,-0.9363678828607728,-0.4029009496056935,-0.5908511305187694,-1.2067727207320116,-0.4418855139643586,-0.4912475160684128,-0.9466627189320114,-0.0794854828569785,-0.4915363364374074,-1.2416198991138692,-0.2699051997258441,-0.4138517386776508,-0.9208833562935372,-0.3372937802720869,-0.4005236049127576,-0.6924746847559833,-0.3440210693489519,-0.2471345011696575,-0.9676136962799546,-0.0514613748657027,-0.254070790263862,-1.239029187863834,-0.2685968981598357,-0.2070845775613917,-0.8261704790127693,-0.3092467798785548,-0.2296416597421682,-0.6330177232496987,-0.2738863019300188,-0.0055874246158481,-0.942846075248322,-0.0627679098050821,0.0379636533578444,-1.21927946329253,-0.2945249603942279,0.0507223522152926,-0.8307034544037174,-0.2448408788629333,0.0134376691695786,-0.6270254154949653,-0.1422491920349882,0.2212371486344223,-0.8715396457750143,-0.0898476129552158,0.2514214259750523,-1.102613129699031,-0.2641046100120015,0.2267096916226548,-0.8316270454975943,-0.2305280143500723,0.1753541228170526,-0.6574746416975528,-0.1533604771626602,Land,2026-07-28 14:52:28.651,sess_20260728_144941
0.0,0.0,0.0,-0.3216307887443331,-0.2422192476173422,-0.1109834870225663,-0.4988100745370595,-0.5961723724563304,-0.1652715707668614,-0.5773543868535593,-0.8903300603407148,-0.2229950879356664,-0.7067677108158089,-1.060140414343936,-0.2834239568972566,-0.1506418957092265,-0.974330416749298,-0.0445785619457585,-0.2373582845841844,-1.3132183467774965,-0.1421347841171579,-0.2900546338261522,-1.5238087690961122,-0.2401828833755629,-0.3338860239886504,-1.708806517381488,-0.313663771066888,0.074469844766993,-0.994184322977786,-0.0777931498628348,0.1259888068144232,-1.403550667225006,-0.1610767754816801,0.1412146305790036,-1.6786257610540585,-0.2455502621699786,0.1427149510809012,-1.900416649743764,-0.3079372546230178,0.2583935570816845,-0.9165848314240318,-0.1352010243311298,0.3354112660622572,-1.3081261785748666,-0.2330795548072373,0.3612367159522618,-1.5641792021655956,-0.3249032428390768,0.3772191921419338,-1.769499654480059,-0.3847239940372128,0.4190216731723293,-0.7692692325506008,-0.2054436783875316,0.571548184207711,-1.0410381343412032,-0.2827471739209941,0.6725113351015248,-1.215231648303171,-0.3323865991978486,0.752733665008959,-1.3647783561195066,-0.3684020661454871,Takeoff,2026-07-28 15:02:06.608,sess_20260728_150120
0.0,0.0,0.0,-0.2232271072080079,-0.2384990642371228,-0.1553789013278652,-0.2765590510857578,-0.6369887252853201,-0.2179219215830309,-0.0686074379488752,-0.931497415683741,-0.2876447834150937,0.1767624011342765,-1.0946612343640196,-0.343646681139599,-0.0710502606429332,-1.019046421006674,-0.0627766301959437,-0.1039037923931096,-1.4647564417837031,-0.1998685761986231,-0.1230135107443414,-1.738234800019249,-0.2902126582294291,-0.1136046960333347,-1.9609676409767245,-0.3468997694173978,0.1556969107738179,-0.9846406229998164,-0.0790019968989602,0.2702348199711748,-1.4800380903079264,-0.2154611660859802,0.3205592877683276,-1.7817972923826122,-0.2938883699718398,0.38080742211152,-2.0050809215219463,-0.328481896483399,0.3335461741770481,-0.8510772477919154,-0.1220055039856062,0.4085705137411788,-1.176551113952004,-0.3232328200287152,0.2289839967841238,-0.9624519095785372,-0.3346101401001862,0.1238213711395152,-0.7595408642698259,-0.2792936680616649,0.4811415609669007,-0.6540290618379513,-0.1796992308019178,0.5240654050248676,-0.9047292232307655,-0.333363474273203,0.3735836504728538,-0.8181816252418153,-0.3182905112275928,0.2647183077700851,-0.6909990738206635,-0.2661615507079976,Backward,2026-07-28 14:54:53.239,sess_20260728_144941
0.0,0.0,0.0,-0.1409606965275642,0.355160971147999,-0.2256263786978246,-0.3508484375061299,0.7016324932318772,-0.3948727660378833,-0.4623443865152079,1.0079855022319155,-0.537740978203593,-0.4921361217767509,1.246710156336977,-0.6528349500633219,-0.897080678049796,0.4243893103809766,-0.2935199910093088,-0.7540992376021142,0.5881525098677141,-0.4584881642296397,-0.5327087430099249,0.5334995484515617,-0.5296782805432778,-0.5468605604131193,0.4662213348401498,-0.5755075770491984,-0.9477877533413624,0.171222373972596,-0.2690376800140104,-0.7223848248678344,0.3493489843472424,-0.4216583501641373,-0.4780922297478637,0.3225943960897341,-0.4260158091434776,-0.50602510915075,0.2527819901252113,-0.4253473440223358,-0.8998971568750136,-0.0552316505511922,-0.2674777475666487,-0.6856934839123429,0.0962574089787759,-0.4103940033289141,-0.4593347996932627,0.1156615697019767,-0.3644585366364345,-0.4717720600773585,0.0625150075068644,-0.3303815291597504,-0.7982153588324827,-0.2615307421285711,-0.2923130940380763,-0.6527905850059771,-0.1504725444127904,-0.3709806275868287,-0.4643608358270053,-0.0738542672489597,-0.3410062034217871,-0.4360991761488937,-0.0876144163733533,-0.3163929442171432,Down,2026-07-28 15:07:07.843,sess_20260728_150120
0.0,0.0,0.0,-0.1464386576669574,-0.3036538189905206,-0.2024838676969432,-0.091380312786086,-0.6992632358567641,-0.1817447322821198,0.2143997944344246,-0.9151110649558358,-0.1161585758191567,0.4867179533191764,-0.943361880193516,-0.0428183210884356,-0.1228931995554915,-1.0264036892488346,-0.0020768090039958,-0.1218045831551016,-1.4428735047190586,-0.0007711456781398,-0.1161283649817423,-1.6880498641815185,-0.0325177599338433,-0.0903769637817211,-1.9106736449958464,-0.0720226335854944,0.0846711718532847,-0.9950595024034634,0.0518399395597986,0.144200766288246,-1.4434607704175042,0.0829545958843275,0.1881767242209488,-1.6824096957679977,0.0464652300018692,0.2415877893573477,-1.8964997213080024,0.007673772597664,0.27121421593976,-0.8916849811988048,0.0723466909641817,0.4371430575366002,-1.2449593518054691,-0.005981907544305,0.5200555623635166,-1.4529015980920728,-0.1363485460302142,0.61631511300366,-1.6673762983149043,-0.228511983183748,0.4263207901130141,-0.7070968270829682,0.0797256666561361,0.5031475773988259,-0.915831412552128,-0.0386827680582452,0.4024280022795122,-0.7951417815501124,-0.0757189077447945,0.309245417368331,-0.6495981077411792,-0.0932249787325529,Left,2026-07-28 15:04:53.219,sess_20260728_150120
0.0,0.0,0.0,-0.2575044147647023,-0.1630459539946208,-0.2379141838264916,-0.3126799828372493,-0.5249948505883201,-0.2432309530314409,-0.0877633112062015,-0.8096984126411074,-0.1928265986865601,0.1137843975453839,-0.9727190991160066,-0.1370230584326968,-0.4740256557033097,-0.90227295686724,-0.1313023247561983,-0.6584369325797043,-1.2916901741502935,-0.1870205128147667,-0.7635236553070367,-1.5442116853934271,-0.2477266207407312,-0.8412982700698818,-1.770096697559688,-0.3003922694682266,-0.2402721892632726,-0.9681526637724372,-0.0703540666697254,-0.3501262241159613,-1.4452339057724335,-0.0812951256578828,-0.4117308153167322,-1.7220314095368,-0.1260257327655122,-0.4486025177867156,-1.96241447862191,-0.1659018083570994,-0.0285262866033448,-0.9358763799774686,-0.0391358556183342,-0.0394865934962314,-1.3486502979612962,-0.1438696459033788,-0.0426518705550034,-1.599272955097351,-0.2705242775676646,-0.0276838377693328,-1.8637144187691503,-0.3607720362295514,0.1604208073280152,-0.8007910174093666,-0.0229918497054734,0.1582052917458375,-0.9704921388337198,-0.1663885053766781,0.1609606404552438,-0.8634400489694534,-0.2158107706829678,0.1649335863502935,-0.7523997040658356,-0.2399034436328092,Left,2026-07-28 16:20:21.052,sess_20260728_161633
0.0,0.0,0.0,0.0784910995781964,-0.5039232981329349,-0.0661175221549792,-0.1065233532141935,-1.1108296900732564,-0.1016526045954471,-0.2854870749021378,-1.5466838138832215,-0.1223727123639725,-0.4164216030874558,-1.8701512412822023,-0.1330969580298941,-0.3244222223547346,-1.1063107658368017,-0.2115112205780021,-0.9816906650793392,-1.2163256989512,-0.3197203601419783,-0.8894807783721213,-1.0386868492402457,-0.3524027048509945,-0.7005373819271566,-0.9802097931391062,-0.3466872092097292,-0.5212364747764914,-0.8248195454148463,-0.2190553694028575,-1.0467762931173412,-0.9036844810495376,-0.3148711576700908,-0.9153841023892554,-0.7553901641834532,-0.3200847046344446,-0.741328928942348,-0.7084193270579626,-0.3237852868950426,-0.7229476224299827,-0.5561274641458291,-0.2279595136904029,-1.1942013330798111,-0.6978910211049097,-0.3414543032137921,-1.1085161918231827,-0.5776537675075311,-0.3295922680569207,-0.9430345320188324,-0.5053026761211785,-0.3041158999632834,-0.9144482905615589,-0.3209968014750862,-0.2330823504351661,-1.3569572224420707,-0.6606293961495635,-0.312720214200993,-1.629644124456574,-0.8519156113196209,-0.3209978212867657,-1.835989504753086,-1.0257174257900803,-0.3147285022820165,Hover,2026-07-28 16:36:49.449,sess_20260728_163307
0.0,0.0,0.0,-0.3312734001149384,-0.3348971982745913,-0.0636986567955527,-0.4529783408017581,-0.6226155196341585,-0.1415254987693157,-0.5289917051208618,-0.8694811952583477,-0.2393437499142431,-0.5776993392243205,-1.0914162752470662,-0.3319625457084638,0.0185211898922197,-1.0081661142378575,-0.0293067966925528,-0.0842543523373376,-1.3491626643850891,-0.1539350892255371,-0.1335757363357944,-1.5995639121658616,-0.2500008936848586,-0.1490702430506381,-1.811405606447016,-0.3278770416270203,0.1211312539324063,-0.9895116708563024,-0.0787011598385389,-0.4203112043442829,-1.0906333892237745,-0.2667012573844043,-0.5394308531504273,-0.8073598991244911,-0.3138289013810613,-0.4433449844606445,-0.6476168354221391,-0.3123864976793431,0.1518563731969392,-0.9142061177187866,-0.1445225809468956,-0.3973509313815154,-0.9432167087538702,-0.2963918549105721,-0.4369037894862777,-0.6814071333165227,-0.2388526062935013,-0.3097528744934808,-0.5598177660809109,-0.1754484949301625,0.1289966935545524,-0.7992657512258777,-0.226798173401217,-0.2985583620763294,-0.8369458316958819,-0.3226021412860282,-0.331762431711421,-0.6507048326233661,-0.2802101782409201,-0.2189523791722016,-0.5484758909814357,-0.2248623834138221,Forward,2026-07-28 15:12:25.858,sess_20260728_150914
0.0,0.0,0.0,-0.3198925769985548,-0.3283528080650694,-0.1733012886794244,-0.4880388011228941,-0.7538363375151202,-0.2884876341584095,-0.3954278878384801,-1.13544455594799,-0.405215642437172,-0.1435034793238858,-1.31714889559788,-0.4821010817209036,-0.1979576279710815,-1.0931758179939308,-0.0713606890949837,-0.0758782101915353,-1.423721530837852,-0.3053656617416138,-0.1635233247330942,-1.129427306580292,-0.4202332698902414,-0.2289306209895431,-0.8931714654725758,-0.4602082769642633,0.0462714787998205,-0.9963503434774408,-0.0717282601354821,0.1550182932521737,-1.3057197561699505,-0.3063744764664548,0.0118103959882782,-0.9359992521933672,-0.3482438615129981,-0.0535118298183437,-0.7414422273634143,-0.3226699728185219,0.2763043913339257,-0.8619189984082921,-0.1138155501190044,0.363963600387882,-1.1209518735754058,-0.3558344359958235,0.1743740857772894,-0.7763715500118145,-0.2909092475696807,0.0828801626003661,-0.5985429999210209,-0.1842607914036425,0.4829241039240697,-0.6811634207929214,-0.1719740764026499,0.5089091496801946,-0.8921165918947219,-0.3180508739118696,0.3371413405953539,-0.6641207391023893,-0.2623232609008003,0.2485792773472583,-0.5219014712080801,-0.1841189402038719,Land,2026-07-28 15:02:32.049,sess_20260728_150120
0.0,0.0,0.0,-0.2619352358504145,-0.2779602403033521,-0.099808762438803,-0.3234118731230956,-0.644528485540939,-0.129744034084068,-0.072491600367268,-0.9063733733649678,-0.1516930152801699,0.1826976495130194,-0.8941027436678628,-0.166961091990217,-0.2399521275613765,-0.9630845139009344,-0.063020274078121,-0.3788306554999771,-1.3440451865906566,-0.1347857613632445,-0.4563786548373876,-1.587978939838862,-0.2070571219773281,-0.5054868182621182,-1.7928324372808866,-0.2723419713032241,0.0055329289171706,-0.9972645399965548,-0.0737076926993211,0.0130377331001725,-1.427769532194716,-0.1293575069471675,0.0400805938887166,-1.685938491547831,-0.1754121668142008,0.0514428774166142,-1.903366869282365,-0.2168724256975438,0.201983994149854,-0.929531005997019,-0.1020152368102656,0.2660527123542102,-1.287055505851073,-0.1852340953987966,0.301120503154512,-1.537885496335993,-0.2416610243211932,0.3189166971552831,-1.7350060838428092,-0.2811575287402032,0.4014995276661444,-0.7727817831013919,-0.1416628884142469,0.5684726752594012,-1.0043648164806307,-0.2202035817599087,0.6869670708606518,-1.1535931908566923,-0.2548398851154198,0.7727136604264753,-1.2745873466989008,-0.2794158962796042,Right,2026-07-28 16:21:23.775,sess_20260728_161633
0.0,0.0,0.0,-0.162577324734649,0.2719276737979652,-0.1990065610524673,-0.4268074292208361,0.5251600277271206,-0.3173828669809694,-0.6112903272311773,0.760119710737836,-0.409219462363857,-0.674799277011335,0.9946849636703368,-0.4638770397336655,-0.9329186085122586,0.3789203202394141,-0.2100117230267645,-0.8888021868727062,0.2826841371447707,-0.3253777649148099,-0.6177084164168503,0.2830574030688688,-0.332498135427947,-0.6291374163389394,0.3513117208278022,-0.3392921855985418,-0.9756349064205928,0.1205354856140976,-0.1833241012018195,-0.8225078322812669,0.0644083866968578,-0.3163315158269506,-0.5181668204882954,0.111456459830631,-0.309412977626244,-0.6051642558124138,0.1824569653025348,-0.2973862686999797,-0.9148883147183484,-0.1238760927717083,-0.1783001709436296,-0.7795549040692772,-0.1660354841040748,-0.3345558540001754,-0.5063110497581061,-0.0964529769579706,-0.2903386053792145,-0.559637544513683,-0.0152286789844383,-0.2507385508149086,-0.8023177048531789,-0.3331713456892134,-0.1899526429312343,-0.6801504391767574,-0.3724599423787557,-0.3041547554259957,-0.4870016919871885,-0.2755339426129585,-0.2899586018030569,-0.5110996179765577,-0.1839858178213374,-0.2688200507644713,Down,2026-07-28 15:06:56.094,sess_20260728_150120
0.0,0.0,0.0,-0.2737553196897918,-0.1771306284043751,-0.1692874110314578,-0.3921855917433179,-0.5289220089959021,-0.1810219886311787,-0.2061676348572841,-0.8275935621910835,-0.1696664580389721,0.0190266937148645,-0.9564971756328003,-0.1557379717680415,-0.4968653691977667,-0.8979804183984936,0.014874909331755,-0.6708447112076952,-1.251190011145917,-0.0130604353763663,-0.7598140214828973,-1.4826822315096535,-0.0660972471952789,-0.8292131222449727,-1.6810428080412516,-0.1186473744646841,-0.2882810394537591,-0.9568829028135528,0.0356251679935514,-0.3908930513623067,-1.359385867715393,0.0250326765324504,-0.4292072743641206,-1.6056045706164264,-0.0303442651888278,-0.4542216137713735,-1.814298708755561,-0.0743445793230984,-0.0783810894114695,-0.9154623830025074,0.0269766780536703,-0.088943239720764,-1.2820119078769954,-0.0640742193059183,-0.1100698808380058,-1.5210425493321578,-0.1779494502643211,-0.1129662479208513,-1.734146316960879,-0.2562646643907919,0.1266252680309148,-0.790728888021573,0.0056935882137636,0.0795172714797031,-1.00150633001711,-0.1276663803757572,0.0366364755508619,-0.89501897245033,-0.1669060674264694,0.0366644315069926,-0.7590624613599413,-0.1805667128828196,Left,2026-07-28 12:42:16.193,sess_20260728_123245
0.0,0.0,0.0,-0.2322929929974707,-0.5204644379728207,-0.1200150762289857,-0.3777617620383445,-1.0806090799499994,-0.1916056871495773,-0.4557505856712677,-1.491438296717228,-0.2482314773083738,-0.4636889020514773,-1.8045982576662365,-0.2810791068591723,-0.1457019737826593,-1.2207306589501847,-0.1564935401047959,-0.7680433401907125,-1.183451528270268,-0.2999559013451158,-0.710035957321072,-1.0037838358852336,-0.3727936350938196,-0.5334975236486346,-0.9802237516304594,-0.4138570963531668,-0.1144130950082028,-0.9775593853485416,-0.1768821410081459,-0.7935510675166548,-0.9526724697782885,-0.3054898574529516,-0.6571316875379418,-0.8100349428374516,-0.3178782799303853,-0.4636117851961344,-0.7824240745189119,-0.3347814518143853,-0.127008848047542,-0.7186102559858909,-0.2150338299431063,-0.744317054363549,-0.7120886141646526,-0.3402323914167426,-0.6124171435115107,-0.604359822759996,-0.2951964218088208,-0.4226781583801268,-0.5909900356228763,-0.2625696920152394,-0.1683498878457655,-0.4556468361095988,-0.2673213545151049,-0.6535266641822731,-0.4884279892454774,-0.3570132087709676,-0.5615459774457976,-0.4195581705463141,-0.3374563531858309,-0.3890578221528282,-0.3970717383354887,-0.3126822262840616,Up,2026-07-28 15:06:38.662,sess_20260728_150120
0.0,0.0,0.0,-0.2685880011926998,-0.2563262121780675,-0.1378352147834082,-0.349945870954929,-0.612554632950336,-0.1698004691524604,-0.1256721497131756,-0.8602479119038744,-0.1923549616313211,0.111865490741313,-0.8897215462207326,-0.2054755688936843,-0.309525580223001,-0.9636850081466524,-0.012765048476883,-0.4331171572958884,-1.31664451746286,-0.074244466191099,-0.4928026868441941,-1.548485876599135,-0.1447396082583859,-0.5324816405743886,-1.7474307170525647,-0.205172384688178,-0.1000810430303604,-0.9949682244678556,-0.0046922409612089,-0.114962225593663,-1.403674860471571,-0.05115580380548,-0.115231572840584,-1.6635958807902562,-0.1073269195934435,-0.1191778134028724,-1.869469965710352,-0.1531365571400538,0.0870190499764558,-0.929159343146464,-0.0226716503317991,0.1060073566735024,-1.2720540638798237,-0.0865393126079856,0.1233731748856547,-1.5246270283602614,-0.1534401521928157,0.1418344172265549,-1.7243077278520171,-0.2024145250798421,0.2797404604791654,-0.7963108085405911,-0.0583193418205325,0.3781609221098606,-1.0357311828800029,-0.1090020491997733,0.4399361682835267,-1.2146159320266496,-0.1388090070554232,0.4924944460570811,-1.36085707584715,-0.163307418056649,Right,2026-07-28 12:43:25.914,sess_20260728_123245
0.0,0.0,0.0,-0.2952929872633333,-0.0941164026717338,-0.1518339808820343,-0.5022574869738148,-0.4351416156908179,-0.182947748095483,-0.3729101262123432,-0.7655910920547332,-0.1971058350710926,-0.1252437275169404,-0.899173493540165,-0.2104808040188743,-0.584333786236158,-0.8302410064949107,-0.0635184407784334,-0.8157313831331715,-1.1706879980996312,-0.1240090528415762,-0.9443334126433702,-1.3867211816589022,-0.1886380161977233,-1.0501424442832283,-1.5850068729652556,-0.2495571055433872,-0.3830544415657426,-0.9212441065845992,-0.0676652856337773,-0.552504956386885,-1.3380099825503489,-0.1319041998436734,-0.6633733185091384,-1.5883983118771334,-0.202867543519389,-0.7496347749620359,-1.8076395054697303,-0.2557732173499149,-0.1615344256427886,-0.9159449075687128,-0.0927306521523407,-0.2434265834046738,-1.3055333793887067,-0.2300711543357304,-0.3280145898361886,-1.5640049789929449,-0.3416645379849415,-0.3800246582710567,-1.7906143980427187,-0.4100641263690409,0.0743873226853668,-0.8368398853425896,-0.1265067213592036,0.020201263261148,-1.133871527531686,-0.2686830936108784,-0.0324096167024974,-1.0406289418408403,-0.2937139380519928,-0.0440588469965585,-0.8776343539130739,-0.2993614132087899,Left,2026-07-28 16:33:15.924,sess_20260728_163307
0.0,0.0,0.0,-0.3456911719665412,-0.1610932769107435,-0.1432516593753185,-0.5327811941232751,-0.4636518547441884,-0.1961891789451381,-0.3538430564897784,-0.7649764016662665,-0.2256543514510375,-0.0574587456341266,-0.8773140341864658,-0.2524384349207483,-0.4794777452440801,-0.937298720160522,-0.0928363199457092,-0.6908794100810294,-1.34811655126235,-0.1888832917612398,-0.798358674174257,-1.5978692831525954,-0.2647271674215609,-0.8746002932894251,-1.8184398951406089,-0.3230000772105688,-0.2177350977370306,-0.9709223308540296,-0.0995050484268211,-0.2110759458658362,-1.466377669237809,-0.2009858229797585,-0.1845425296847433,-1.7624565947593098,-0.2654795881451048,-0.1481968009403902,-2.0232503392081247,-0.2937227433397525,0.0210965672059389,-0.8747590022760512,-0.1254050946633255,0.1019312274403029,-1.3062450234006264,-0.3027691746164236,0.1253989861086166,-1.630550768666856,-0.4121972312304129,0.164451449403192,-1.9202557463262384,-0.4577717656975613,0.2316845057846832,-0.6573231212417335,-0.1516495751941021,0.1769794067620848,-0.9364619186513824,-0.2994596086550281,0.0533193654714237,-0.863878754914587,-0.2936287478662673,-0.0333966659813456,-0.7231833905824756,-0.2648449425884598,Left,2026-07-28 16:21:09.471,sess_20260728_161633
0.0,0.0,0.0,-0.3685315568174861,-0.1145322790942697,-0.1314138131637435,-0.6595967705033082,-0.3742363431869558,-0.2050726681302984,-0.8382960358382362,-0.6303544363228619,-0.2735751152105232,-1.0229511452898854,-0.7958841463368126,-0.3405141605768266,-0.4872630124695103,-0.8639476106952442,-0.0877411375128031,-0.642986000232989,-1.1962141411241027,-0.1850736496125955,-0.7278517695280701,-1.3999486816935311,-0.2765496854122231,-0.7942047556489923,-1.5875296305077349,-0.349088467750232,-0.2757032494399767,-0.9549541287272344,-0.1097739963518064,-0.385870453488578,-1.3595613872823986,-0.1950753688868277,-0.4459983419522262,-1.606178329627809,-0.2732614219440228,-0.4952220145273295,-1.8119151441321828,-0.3338204291580678,-0.0589092123155317,-0.9444664270707788,-0.1544516304551488,-0.1030245816724255,-1.3321910834637931,-0.2446770830096005,-0.1365026313315879,-1.5796208694662377,-0.3204074038093129,-0.1703888708315719,-1.7889136723853931,-0.3748569892544705,0.1628949296770387,-0.8630948394269979,-0.2129607655279856,0.1981919693289045,-1.1742545442949708,-0.2914570310774565,0.2110791583514032,-1.3793039703487568,-0.3348553056936865,0.2113156299971418,-1.5630376507209984,-0.3661497128223243,Takeoff,2026-07-28 16:28:12.793,sess_20260728_162716
0.0,0.0,0.0,-0.0634845374146284,0.4329141601979926,-0.3014763570012431,-0.1456228972256154,0.8299349786160789,-0.5751874554426004,-0.0926501055192808,1.0802097911115418,-0.8072032284958678,-0.0446476258637371,1.297186854122363,-1.0098168259217022,-0.8300615383870901,0.5117777009457327,-0.5842898031790932,-0.1821592364606971,0.6642147199942835,-0.8427889125054919,0.0407504008046044,0.6379052455708144,-0.9641003867654044,-0.0740664106399367,0.5776622117923746,-1.0554512877589413,-0.8088522381892713,0.1291060215077031,-0.5736633960665948,-0.0994234329417366,0.3209018666568857,-0.7761935592304963,0.1168938292060927,0.3235808932140833,-0.7756494881964835,-0.0313398125206798,0.2569247854212309,-0.7988528575415456,-0.6749919206942683,-0.2229785992280167,-0.5799043565627944,-0.0135026551701089,-0.0330061666507386,-0.783824103275407,0.1530548599567638,0.0054222557303878,-0.7212396166037367,-0.0220872539738504,-0.0392393567849422,-0.690424692035892,-0.4833624584213266,-0.5274193910790744,-0.6182599803649702,0.0179512845423883,-0.3640018792348166,-0.7572328075352925,0.1626706829269098,-0.2717943443959749,-0.736433393932767,0.04722709465786,-0.2853746060565196,-0.7247576965622233,Down,2026-07-28 13:05:59.963,sess_20260728_130400
0.0,0.0,0.0,-0.3355390995837108,-0.1864011885723859,-0.0938143340263285,-0.5612763989898402,-0.5243521237060196,-0.1435323310364942,-0.6872896026377544,-0.7810822628952147,-0.1983715547978462,-0.8453660633283406,-0.9342791656347222,-0.2578346959973608,-0.3049959648945797,-0.9370076487213922,-0.0631060110236984,-0.4444331902086893,-1.2556262845928978,-0.1674589812499198,-0.5233172464679758,-1.4620001621191463,-0.2635957100670351,-0.5904456541636872,-1.6462361535210035,-0.3368969878073465,-0.0957010456337596,-0.9896378024607384,-0.1070435883427175,-0.1047445421186898,-1.411037377527009,-0.2025148620479941,-0.1125543781941244,-1.6814858981090144,-0.2885637966938588,-0.1264602315274183,-1.8960375948341464,-0.3520615335050597,0.0944375342833657,-0.9363810466839736,-0.1712300887638912,0.1210527938210396,-1.3271334772804948,-0.2761179455175546,0.110379676912368,-1.57455976088141,-0.3680974455694843,0.0851401040097188,-1.777353801132144,-0.4303639983945377,0.2613417749061584,-0.8061088633899312,-0.2456212103010191,0.3749677081760221,-1.0809629411081252,-0.3297699752723674,0.4472910496827049,-1.264177575204812,-0.3827575371381627,0.4954386094406297,-1.4318982323681335,-0.4229819477198893,Takeoff,2026-07-28 15:09:43.074,sess_20260728_150914
0.0,0.0,0.0,-0.3134021422042796,-0.3529483359143242,-0.1420066444856756,-0.465501564351972,-0.7944789442642255,-0.2223885266458604,-0.3458782449517522,-1.18030469910858,-0.3173905770180692,-0.0901855347076034,-1.3312250267486696,-0.3800377764318927,-0.2444306497174833,-1.096023471313424,0.047540730143545,-0.15906656320021,-1.4351238664088342,-0.171239589483115,-0.2231963473313107,-1.15803736387209,-0.2977339172180684,-0.2606816581737207,-0.923353267195276,-0.3431779392993099,-0.0065873807435752,-0.999322526565956,0.0362090363414041,0.1074408348493377,-1.3030029697696366,-0.1900132682825358,-0.0126868684351534,-0.9446992360742764,-0.2516875969359278,-0.0773987789455322,-0.7304253713365633,-0.2302541530260871,0.2169168739846259,-0.8719879762026764,-0.0199685611044825,0.3074074890893015,-1.1429099700520189,-0.2621078888187412,0.1480419706582926,-0.8023442467173897,-0.2234073803252136,0.0542242123506446,-0.5904586078679531,-0.1222793391381289,0.4182060929729779,-0.7049928564283648,-0.0896962153063842,0.4418105991235848,-0.9089157791225604,-0.2394136177138388,0.32305681775085,-0.6844794389958916,-0.1949658185894456,0.2560185219732226,-0.5152798483215012,-0.114303518660813,Land,2026-07-28 15:02:48.895,sess_20260728_150120
0.0,0.0,0.0,-0.2938948347985842,-0.1462569671496666,-0.1381186803955858,-0.4947122009266007,-0.4851551890628524,-0.2005606724074843,-0.4171658589729621,-0.7688768563303358,-0.2485368252513379,-0.1787271103322246,-0.9283452093775824,-0.3017430349312989,-0.3578574281878023,-0.9479745498184484,-0.0772940321324845,-0.5577323949738149,-1.3170821945414386,-0.188066188448378,-0.6859338508276489,-1.5366014051725456,-0.2754430493918715,-0.7740575317375072,-1.7144182215062038,-0.3381658982808425,-0.1126347389178517,-0.9870030806169718,-0.1146225738740613,-0.1122582240587884,-1.489338187440667,-0.2215007894941236,-0.122811910348596,-1.7983295034059974,-0.3031522037034954,-0.1105276496573431,-2.049377718364584,-0.3418613864323092,0.1056810032852407,-0.910051836784413,-0.1747053421673485,0.1392233018167661,-1.3543949801964557,-0.3656743571228387,0.109452528456788,-1.655155687274364,-0.4949599058782807,0.1282309660771319,-1.9088707218343544,-0.5614722048043325,0.2969418024272471,-0.7296051257016177,-0.2367872149184921,0.0883973548651169,-0.9305001971412328,-0.4405278541273903,-0.0792423641840865,-0.7782407912557223,-0.4736111871257131,-0.1559687964662948,-0.5841161658205959,-0.4680694934340243,Left,2026-07-28 16:20:40.782,sess_20260728_161633
0.0,0.0,0.0,-0.0053776380609166,-0.2420421120964472,-0.3836183419437829,0.1524941152285764,-0.6118643420920727,-0.4586250384456838,0.444112891733121,-0.8931536342705162,-0.4567404247349342,0.6575957083621673,-1.116101792307851,-0.3900447092819212,-0.1502682554311753,-1.0667007542519498,-0.1658515314389908,0.3462026299004374,-1.263382459693145,-0.3497378232756911,0.3970480925948096,-0.96611668331542,-0.4253499712051204,0.295864849893926,-0.7887964557954037,-0.4237477381205331,0.0791061933630393,-0.996851499166482,0.0054128348530912,0.52266463678661,-1.1446059492693297,-0.1948749859124946,0.4787772451062336,-0.7848699815236821,-0.2484853511173719,0.320731499198053,-0.6481114769101834,-0.2127986507104961,0.3000588480277142,-0.9071578957996388,0.1238254762090821,0.6126116730640062,-1.0035357156010645,-0.11189037301727,0.5076518511408338,-0.660000359870438,-0.1045892371117399,0.3536751227530179,-0.578298061853565,-0.0169221270000517,0.4463980764785605,-0.8221191055244111,0.2179855155358495,0.6686777311857613,-0.887806424496201,0.0645966057408555,0.5744041601436752,-0.6499024572692097,0.0843785466785487,0.4383329467956614,-0.5811688379535663,0.1546937859567737,Land,2026-07-28 15:02:39.561,sess_20260728_150120
0.0,0.0,0.0,-0.2523691683981304,-0.3621997675172559,-0.116190435654986,-0.3486925145340643,-0.7894254403359577,-0.1604486500392567,-0.1805974896591488,-1.1399006988218212,-0.2189642602597639,0.050808051606005,-1.3019366897687297,-0.2691529022267868,-0.2099856315552555,-1.0951718171798748,0.0631919323236263,-0.1701839372548743,-1.513310298288999,-0.0325545887433182,-0.1250852573108461,-1.7548486956158726,-0.1012509882301141,-0.0602891041807452,-1.964080433981369,-0.1576484070157418,0.034223810953819,-0.998461355750855,0.0436308587580114,0.1488953145000302,-1.2946911399164014,-0.1525178582950812,0.058033062701561,-1.0229045905936711,-0.2210990828019194,-0.0313747632129249,-0.7977243062341279,-0.2122626854213606,0.2496610729095952,-0.8457276093785516,-0.0004301616947685,0.3577692355048951,-1.111212183498316,-0.2292022264296713,0.1969835917165903,-0.8389796209770503,-0.2082028578327037,0.0736680906142902,-0.6215374139116492,-0.1244559009033561,0.4314308825876489,-0.6546672340268027,-0.0532463196107457,0.4629331069087783,-0.8513671089954307,-0.2123008683797229,0.327083326085284,-0.6776180865576791,-0.1831329517929044,0.224120122061444,-0.5001076525855505,-0.118621962688357,Forward,2026-07-28 15:03:33.245,sess_20260728_150120
0.0,0.0,0.0,-0.0451044904491648,0.327573635547974,-0.194838212871685,-0.2760314151002014,0.6666272547563994,-0.2975751407432265,-0.4378088530232898,0.9628023713804796,-0.3756642583807151,-0.518929729488903,1.2168052215657703,-0.4157950214095019,-0.8011714180922925,0.5971233240301569,-0.1550255514281724,-0.7186738994591838,0.5692776827970392,-0.3052356452800751,-0.4874468636213581,0.4649767655094564,-0.3674544590639897,-0.4453612644958737,0.4709688639958402,-0.4066770535179936,-0.9237332076030031,0.3588662009692318,-0.1339104587901107,-0.699355918050699,0.3036465863708166,-0.2873677442318968,-0.4241822562209831,0.2554890921505924,-0.3235694886086163,-0.4696424563246171,0.3128432660225311,-0.3351916175113696,-0.9203163578163508,0.1025963797667935,-0.1389512659877547,-0.7118876619924351,0.0614319372592195,-0.3017123297013828,-0.4739933603682949,0.052642738626459,-0.2749156763598333,-0.5137992716455418,0.1218006630622393,-0.2422337067379838,-0.8570124849398851,-0.1269256966648513,-0.1625098284100112,-0.6833740857803856,-0.1660053623751117,-0.2750218106704942,-0.5011226402064584,-0.1241093705984854,-0.2607224874765939,-0.5195649080806434,-0.0476094048271806,-0.2348322548989193,Down,2026-07-28 16:23:59.607,sess_20260728_161633
0.0,0.0,0.0,-0.2986496478088795,-0.2182974274890174,-0.1142328494649926,-0.4746074000217266,-0.5965161432920064,-0.1698531190234182,-0.549120536128479,-0.8953750883086108,-0.2265853860288151,-0.6695045702895871,-1.1075644428885505,-0.2861311799159894,-0.2095859260284923,-0.9605364532019962,-0.0862866927069452,-0.330175487408594,-1.29338222362887,-0.2012006538644353,-0.3968340404934137,-1.507904510068796,-0.3006993588703697,-0.4571740924648112,-1.701132517825936,-0.3753210706525794,0.0081277815386507,-0.9927054528792464,-0.1202905773162232,0.0139634727619024,-1.416605813302287,-0.2259167156941986,0.0071248388698714,-1.6833532509697913,-0.3118658769926254,-0.0156065595172324,-1.902318971794552,-0.3729031255467052,0.1997950139610909,-0.9178018716062368,-0.1754629565051008,0.2291171066480065,-1.3128251236789297,-0.2923125162727428,0.2215914551428674,-1.560322496219973,-0.3759438413743941,0.2052846202188222,-1.773767571213116,-0.4287769032848718,0.3663699553866845,-0.7702546916382569,-0.2424055782408132,0.489156477699869,-1.0481609817842636,-0.3347642230473741,0.5715905486302225,-1.2253814288894669,-0.3841801985885022,0.6350596912484818,-1.3889643187585765,-0.4193373855837871,Takeoff,2026-07-28 12:34:31.376,sess_20260728_123245
0.0,0.0,0.0,-0.2699911742048309,0.3284471095611418,-0.1525983185730209,-0.681993792658631,0.6039478890663198,-0.2455990884103595,-0.9773777998876044,0.8398148734784794,-0.3399818020665165,-1.1864741591983856,1.0259344203021423,-0.4133128902294669,-0.999905052027343,0.2367153073275534,-0.0505444197834889,-1.132559056877111,0.2877299541351295,-0.2094848467670494,-0.8547503974921332,0.3165195955901881,-0.3202978579386912,-0.6460452787704989,0.3266746578134556,-0.3804148562582251,-0.9980804348677704,-0.0120455211199398,-0.060748258864851,-1.1791355407767905,0.0192500138664044,-0.2285104223678945,-0.8730532281494566,0.0920479207220976,-0.2930828011118886,-0.6682834720080437,0.1206640682230177,-0.3053581577614453,-0.9260426386298432,-0.2462103891712261,-0.1022922885765806,-1.1558061721632724,-0.2631535977262405,-0.253478141475977,-0.8954333621051115,-0.1751066859453896,-0.2271705332491079,-0.7101378138755692,-0.127117242275068,-0.1770267997155375,-0.7992003881796065,-0.4555406136431604,-0.161607146000326,-0.9851460502969822,-0.4719079512186438,-0.2589468399107298,-0.8120971628560574,-0.3621696061446814,-0.2209551074576911,-0.6742074699623638,-0.3024130522605546,-0.1709914862427823,Down,2026-07-28 16:36:13.757,sess_20260728_163307
0.0,0.0,0.0,-0.0844428718586263,0.3098432061290005,-0.2200271187990097,-0.2815313091796974,0.6239065637815654,-0.3707413575280722,-0.4053367887331475,0.8875934088468507,-0.4932725956819148,-0.4480855349099249,1.0972686890324854,-0.586128944053529,-0.853702844954111,0.4381692033223658,-0.283161071277017,-0.717083161019021,0.4234879935858845,-0.4195101373316353,-0.4695457756740718,0.367515777119059,-0.4634631937871973,-0.4775101069471349,0.3700589477332954,-0.4992000455133625,-0.9494486045680188,0.1776365819205481,-0.2588292720065218,-0.7339695725725766,0.186561887456206,-0.3819767805341278,-0.4527896264850227,0.1721548623529676,-0.3777831899354555,-0.502175188908758,0.1803054995420593,-0.3817260454031468,-0.9379740952937562,-0.058172447596527,-0.2558797002693475,-0.7362783619967298,-0.0462249641382936,-0.3955603410773555,-0.4746866047427519,-0.0224023188258899,-0.3591087348623449,-0.5061965888257729,0.0053128679736238,-0.3356913333754372,-0.8631241188458605,-0.2758193443374811,-0.2754674527448717,-0.6689662622006659,-0.259926425207424,-0.3685243930156886,-0.475612594472846,-0.1985357800626178,-0.3565386238814321,-0.4899635380803837,-0.1581170341057289,-0.346250515233741,Down,2026-07-28 13:07:02.250,sess_20260728_130400
0.0,0.0,0.0,-0.3569553564963671,-0.2532526852953548,-0.0780693753470932,-0.6010433232753036,-0.6745375329951296,-0.138304033477516,-0.7824083300848049,-0.9976619144753086,-0.2342420723830073,-1.008820476993593,-1.1838849883415845,-0.3033403520411011,-0.3121880616933054,-1.0152799168456996,0.029737827866222,-0.441874648064215,-1.2202078116233503,-0.1701461079955352,-0.4937666063690119,-0.9129866815356198,-0.2642172757169371,-0.4916290783575254,-0.6761394431278204,-0.2745081727358375,-0.0886803306738305,-0.996014545602102,-0.0095301574288218,-0.2466539675999653,-1.1726913914275363,-0.2645596133479371,-0.3094467814259852,-0.7851741129356655,-0.3305334106016088,-0.3144468130128339,-0.5214240050077312,-0.3038916333038926,0.1581489163724261,-0.9277603423333608,-0.0815850997988416,0.0133274710314977,-1.133808692970627,-0.3184482635425989,-0.11195918211436,-0.7822013477343713,-0.3174297674467286,-0.163564524672217,-0.5227757308663777,-0.2294734451295287,0.404052546085202,-0.8380313440709888,-0.1616408904858786,0.5524268660394911,-1.1470062358288775,-0.2581457934375533,0.6467955574562072,-1.3409121592447348,-0.2645783395548753,0.7059194317994644,-1.5384563939139293,-0.2339883954161338,Hover,2026-07-28 12:59:48.453,sess_20260728_125902
0.0,0.0,0.0,-0.236000686360612,-0.2736343905884227,-0.1406164739138669,-0.291730244649713,-0.6742949033666872,-0.1349367059818406,-0.0328763868358099,-0.943648667888344,-0.1099950052162945,0.2333631817548841,-1.0207247506280008,-0.088515017129781,-0.3390234908455891,-0.9797550794744858,0.0210237990774142,-0.4695802111488277,-1.3792521668812994,-0.0087274033860241,-0.5228677683708342,-1.6169328557621707,-0.0591688649278092,-0.5612816451234144,-1.835594743286329,-0.1070652024654543,-0.1140569776800622,-0.993127443974704,0.0262466353417148,-0.1090944639611964,-1.4542798726839508,0.0106859974375938,-0.0964002069256679,-1.7213125536717035,-0.0386727917746956,-0.0792218721983903,-1.950240557851468,-0.0742539390505761,0.1023254083717063,-0.9147785042844604,0.0047760579681505,0.1838440836694803,-1.3153993735588574,-0.106410624244197,0.2055357683089668,-1.5793717020542744,-0.2247043560082913,0.2474582405456578,-1.8227285361875707,-0.2993011931420731,0.2983837622034813,-0.7457358898120803,-0.02425501765774,0.310668983575632,-0.985598861499378,-0.1590692770177749,0.2150835524287207,-0.8579532732136481,-0.1811359877499311,0.1603353889480794,-0.6856643501067069,-0.1826573556747935,Left,2026-07-28 15:05:17.533,sess_20260728_150120
0.0,0.0,0.0,-0.2677754820095315,-0.1601325275755406,-0.1328231088342106,-0.3886636635586525,-0.479214864375189,-0.1872968574180125,-0.2212384617591475,-0.7570885056104907,-0.2327893119562115,0.0167384115512739,-0.8738540324748555,-0.2731180348899231,-0.4413411002045147,-0.8940044476266994,-0.0908895590813733,-0.6079180118591703,-1.2331217329446966,-0.1789258806817391,-0.6958717092910434,-1.4623378765019792,-0.2590285731298007,-0.7590284867300606,-1.6594561377466632,-0.3290840745992088,-0.2243734162777544,-0.969342884061033,-0.1001545964401448,-0.3190025727325836,-1.3737950867240043,-0.1745409644363341,-0.3705298767027233,-1.6212748639710792,-0.2413182760908608,-0.4250269399833037,-1.81471795686462,-0.2992797279876367,-0.0033744592350776,-0.9391520430001666,-0.129809119781875,-0.0237447568595405,-1.3238530050387451,-0.2274041571433513,-0.039738089851856,-1.5677227852860975,-0.3065916702633255,-0.0549377491253494,-1.7676888929110104,-0.3639857063721895,0.2259033137523528,-0.8349181169528764,-0.1716697767949169,0.3072877389610301,-1.1218868453094746,-0.2711512060071048,0.3658094873839595,-1.319457197385426,-0.3294165193298793,0.408528599855904,-1.492067488574694,-0.3711350744614541,Right,2026-07-28 16:34:31.524,sess_20260728_163307
0.0,0.0,0.0,-0.3834626781542373,-0.3343781994034707,-0.0566476356257673,-0.5308824850383531,-0.6120621273569012,-0.1660812508419568,-0.6402061396650767,-0.8345060144283942,-0.2922517468924191,-0.7313139494372572,-1.0222818917340823,-0.4123386172042173,-0.1107987571468176,-1.0442145321264138,-0.1110365347534976,-0.2768829289842499,-1.412656210918081,-0.2835794130284483,-0.4315016687300678,-1.648625349749102,-0.4025878235310051,-0.5713061624348543,-1.814579676870703,-0.4882066880444966,0.0290883925127757,-0.9848701277575704,-0.1708352916461051,-0.5381757197990892,-1.047154906174722,-0.3382281764660618,-0.6181336723190051,-0.7759202601406326,-0.3540514982005657,-0.4900620893079847,-0.674537627016526,-0.3523545177560404,0.0820369048104883,-0.8497994078890563,-0.247806645550123,-0.5106624034315261,-0.820725837487115,-0.3550102089664066,-0.5152474267983521,-0.5981214783789339,-0.2574315647157633,-0.3669261935818502,-0.5444418427774035,-0.1970747383350572,0.0508015749171388,-0.6855493966443833,-0.344348914199073,-0.4225564492184112,-0.6587594900331629,-0.4184246439735905,-0.4253504927337356,-0.4940622442809622,-0.3624230793360214,-0.2803487317370395,-0.4434610703521474,-0.3140401174789108,Forward,2026-07-28 16:29:58.502,sess_20260728_162716
0.0,0.0,0.0,-0.1243901329318098,0.2997598225375997,-0.2397716979195483,-0.3494836663006522,0.615267688189438,-0.400994294150565,-0.5099914011223862,0.8901094530735398,-0.5288192918459005,-0.6174986182426675,1.1005325450878185,-0.6274158980855312,-0.8931407847600089,0.3694871890837554,-0.3134437650760406,-0.7618817279025721,0.4448046239127866,-0.479041069986711,-0.5383122459554258,0.4057478950812236,-0.5479058571169736,-0.5459708789862977,0.3729938988470255,-0.5909339446423666,-0.9547193830451292,0.114240726770141,-0.2746997560700731,-0.735608209234526,0.2071281821890934,-0.4249888762441458,-0.4756817153014668,0.1955128011447677,-0.4318637323257149,-0.5020724855949882,0.1646564356836387,-0.4346001040361685,-0.9155304989617428,-0.1153567044522075,-0.2588322825446894,-0.7092227119685088,-0.0286812416156522,-0.4085914085272214,-0.4665786389169135,-0.0018094540353601,-0.3721184631727097,-0.4749153686375251,-0.0176967197230078,-0.3423069627588338,-0.8207306556163587,-0.3226772789087107,-0.2679769755664546,-0.6704611994406872,-0.2509110816307627,-0.3619980586623139,-0.4879492673169701,-0.1743927880241462,-0.344489080689403,-0.4724451017248001,-0.1635578882869332,-0.3247327310705585,Down,2026-07-28 13:05:49.641,sess_20260728_130400
0.0,0.0,0.0,-0.3074535108462912,-0.1401138532570051,-0.2483639537476364,-0.5812184798894358,-0.409411150116177,-0.4007587361269559,-0.6412139140903668,-0.6571701741639282,-0.5161144673549023,-0.4544052922687411,-0.7808942302951621,-0.5851835377349061,-0.276879558666932,-0.9616324118244262,-0.2690440800809284,-0.2766111539023115,-0.9021281698622684,-0.416494714221485,-0.301049926099302,-0.6186434924845259,-0.4540269159296564,-0.3109836670745285,-0.5325890083111673,-0.4751649430952944,0.0157756340345379,-0.9749494927735944,-0.2218662117387856,-0.0443863147961178,-0.8005653620648016,-0.3693893324450665,-0.1234088245267772,-0.4960830804433406,-0.3726071369482959,-0.1348987371609125,-0.4741283770636355,-0.3627414763232371,0.2545724732378818,-0.8907402625582066,-0.2004672242969021,0.1903716662731673,-0.6793381038180164,-0.3647850963776357,0.0777267943690926,-0.4306529105395578,-0.3240868128011338,0.0445682079820988,-0.4398064345745379,-0.2788181893383125,0.4558947083220286,-0.7480691915459187,-0.2007894108102274,0.3924852922298215,-0.5803763455410419,-0.3102770132770845,0.2646181839260744,-0.405958865828233,-0.2940848910766732,0.2066608404110004,-0.423332602566453,-0.2663983060325975,Land,2026-07-28 12:38:23.957,sess_20260728_123245
0.0,0.0,0.0,-0.4152260773685298,-0.2612682351554509,-0.1276731403930786,-0.6932756594317785,-0.7026280304020877,-0.1927837736791917,-0.7344806460474032,-1.120149486093577,-0.26779263668923,-0.5587270693266772,-1.379106638432951,-0.3045915370846987,-0.3471637050274979,-1.0353601770579968,0.0417487668051949,-0.3862920952261973,-1.3394725515447747,-0.1764647033900324,-0.4152870936783104,-1.0406240949404628,-0.2899111090401461,-0.4006870197897486,-0.8014875443289908,-0.3286413918396959,-0.0970879990588812,-0.9949089460566016,0.0270205383973884,-0.1561072258026952,-1.3319613297054704,-0.2062462627311956,-0.2270103397630629,-0.9265420326654736,-0.2569683673563083,-0.2080561275952509,-0.6911218917962823,-0.2241882257302766,0.1509190378086478,-0.9110278551832388,-0.0307245243408133,0.0910950683964667,-1.2327388107741684,-0.2672453215916059,-0.0225235461791352,-0.8302900651503489,-0.2056546267313882,-0.0213063428655184,-0.5911430648952727,-0.089702836450968,0.4158743156045264,-0.7618830347366485,-0.1007617047869601,0.3204102151839023,-1.0388244741344712,-0.2521964835545833,0.2035315520254913,-0.7874493489781336,-0.202531789776307,0.1961217938233666,-0.6117927617655728,-0.116864245248448,Land,2026-07-28 12:38:12.550,sess_20260728_123245
0.0,0.0,0.0,-0.3108225359521693,-0.3970869580945735,-0.0111746812806248,-0.3204080823899018,-0.8740256988037833,-0.004645367447085,-0.2478735156605107,-1.2345943589707846,-0.0464479894891078,-0.2328304833164657,-1.5193079156420788,-0.0718992005001794,0.0375119221293446,-0.9765920890924944,0.2195080330451304,0.0039531508122141,-1.2253360912380689,0.1038019483472567,-0.1137042206597775,-1.0784781952683924,0.0187632308530114,-0.1499251083453122,-0.9358879849384092,-0.0130349277350632,0.1724117599099301,-0.9745392097196298,0.1433440398614473,0.0817758691751347,-1.2691025491644785,-0.047628814282602,-0.0500272063637742,-1.0065625827411635,-0.1355157062682642,-0.0494372444830104,-0.8117223948571163,-0.1352313983253201,0.3191786964536807,-0.9350852003027648,0.0344639095039696,0.2343355352536756,-1.2759638528308102,-0.158979096396917,0.0936417731997807,-1.0292040724178653,-0.1723913703992273,0.0736731525381556,-0.8145117907024289,-0.1092627211712122,0.4678924195897939,-0.8755585483238724,-0.080875017112733,0.5136762333304314,-1.2903390263426415,-0.1807066509310746,0.5182074782874524,-1.5521980316346498,-0.1829296809813768,0.5712024151328333,-1.7619594283584046,-0.1527099051406836,Hover,2026-07-28 14:58:52.521,sess_20260728_144941
0.0,0.0,0.0,-0.517121845653258,-0.2234791348921851,-0.2215965283466353,-0.9257428337328946,-0.6261192312828553,-0.3381101352202408,-1.1746420025353592,-1.0132571478307837,-0.4564632996516219,-1.372711269158846,-1.2827721318675709,-0.5289050381556689,-0.4182578045142972,-0.9619208696305478,-0.0800207631505464,-0.3583422542801323,-1.308846261278333,-0.2718777770835098,-0.3681685116813403,-0.9942372324325895,-0.3575081383607807,-0.4385258700928675,-0.8374186568557134,-0.3783946667482496,-0.1019719742681753,-0.993524790385116,-0.0501019695627039,-0.0522777648595829,-1.2624405310291191,-0.3055779378457757,-0.0964715150360146,-0.8947931143709087,-0.399058556995883,-0.1904827330252091,-0.7869540824210551,-0.4005317014153157,0.1850731292146793,-1.0179511328308453,-0.0606623768918453,0.2723316079994444,-1.4088292642359108,-0.2943284112041421,0.2560151179092181,-1.1648748329258414,-0.3015050894301325,0.1982583899137344,-1.0445249670605772,-0.2343548320992852,0.4092469162815713,-1.038210409365132,-0.0854121138103727,0.4479062158618055,-1.472215428041115,-0.1872684009595134,0.4795952738646152,-1.7322221486524028,-0.1921772807396128,0.5057982739608373,-2.015173993017377,-0.1646511985658912,Hover,2026-07-28 14:58:32.265,sess_20260728_144941
0.0,0.0,0.0,-0.053012122455887,-0.5379872304406835,-0.1152327997282658,-0.3209183541035432,-1.13506420484004,-0.2603733520354549,-0.4638470546580597,-1.5989046471554016,-0.3650419048535148,-0.3758636851155981,-1.9910495383998563,-0.4664231985473275,-0.3369185587878002,-1.014406521855739,-0.5984174425268928,-1.2044520945493862,-1.1340112239454494,-0.7290510235956803,-1.08353361706985,-0.9724066781619451,-0.6986293919666715,-0.8243125819560604,-0.9117162848686876,-0.6754419869307526,-0.4531012116905665,-0.6317519145487918,-0.6289585124859002,-1.3106490926941743,-0.7852046902695343,-0.7497279579338508,-1.1432365055332778,-0.6606427657230566,-0.6796045722597515,-0.8824447847077606,-0.5732109487939219,-0.6614003304096472,-0.5872041456286786,-0.257289491203336,-0.6420308365595566,-1.352839630802569,-0.4557441142029165,-0.7776898905593964,-1.222391519010446,-0.358216590938027,-0.7031830765582056,-0.986975657453203,-0.2812970116944834,-0.6759810084610638,-0.6698604639248534,0.0705254900944121,-0.6517157453251575,-1.297229181347347,0.0606508117173849,-0.8290322808835571,-1.5028763685570024,0.0950357335912679,-0.8566856529298998,-1.6131623839382505,0.1231564086817322,-0.8768108496941086,Hover,2026-07-28 15:08:04.297,sess_20260728_150120
0.0,0.0,0.0,-0.2924619938327092,-0.1509461491168999,-0.1708846115659327,-0.4046888833454043,-0.5224266777154176,-0.213796402672767,-0.1890947508324804,-0.8104386541750296,-0.2307277987264743,0.0903145318430388,-0.944186814430354,-0.2561308879354793,-0.4240066451724567,-0.93542161023167,-0.0867896990700376,-0.619349037953365,-1.3164506484498188,-0.1700126848724328,-0.7178050195060884,-1.5667448890493552,-0.2447967657583073,-0.7788365151113008,-1.7789699117030524,-0.3065702428319616,-0.1778062395054669,-0.9795871012930636,-0.0937766078144087,-0.1812510773029338,-1.4531423623689026,-0.1740753908349643,-0.1723064762298669,-1.752659501693781,-0.2492347928745165,-0.1339562815200743,-2.0005866784398627,-0.290805078788056,0.0491672778603586,-0.9053941770653028,-0.1240642904857716,0.1366469735049969,-1.3345396156744145,-0.2957831462040665,0.1541305524417061,-1.6262480729998292,-0.427854498410816,0.2193436229354952,-1.8927679383252147,-0.5018764689940898,0.2522584666389955,-0.7279239258835223,-0.1589229920246527,0.193990953735945,-0.9367323128684766,-0.3598257413122043,0.0864858317379403,-0.7875186797087421,-0.397525894363631,0.0566055022676948,-0.6183666638028139,-0.397115353190401,Left,2026-07-28 16:20:30.923,sess_20260728_161633
0.0,0.0,0.0,-0.1322731640571895,0.2891019411781681,-0.244168198464555,-0.3827312204186383,0.5750553670782194,-0.4151192896157291,-0.546750521290921,0.8398300764976103,-0.5494645111877455,-0.6521598477381753,1.0732777807014473,-0.6536475046402954,-0.9439366725107706,0.2806632681782364,-0.3228506471487627,-0.7595893268582081,0.3299031209925154,-0.4794741162890461,-0.5035596912094645,0.322404168937603,-0.5456499513544398,-0.5047914579923207,0.3077277504432143,-0.5954933196095026,-0.9561248215381586,-0.0026737481760074,-0.2929473958056563,-0.7438637817439204,0.0701949729675533,-0.431780014001357,-0.464555959854983,0.1134036453384639,-0.4398712084141707,-0.490140991918956,0.1070881236822503,-0.4499523452596649,-0.8563048355663375,-0.2361781827501767,-0.2828294186875053,-0.6899089417387732,-0.1787853363205203,-0.4334574730646441,-0.4246812003698803,-0.099045508957541,-0.3890001648372117,-0.4378720049632709,-0.0848099572152991,-0.3595237699939648,-0.6896891571732254,-0.4288532548027929,-0.2967610026985025,-0.54171266976225,-0.3799946187229632,-0.4072102487579781,-0.3645236506386586,-0.2606925557949322,-0.3882738214537998,-0.3767208019120892,-0.2090924519404853,-0.3697819510116327,Down,2026-07-28 15:07:18.272,sess_20260728_150120
0.0,0.0,0.0,-0.3366814994291829,-0.240627335513113,-0.0749385816618058,-0.5655562295262367,-0.590840569998016,-0.1321208264415223,-0.6586776757302978,-0.903753352832278,-0.2177384389098587,-0.5775316660135111,-1.1398855656863012,-0.2950310908374291,-0.2670795467733702,-1.0175696267250396,0.0046748947974007,-0.3068264827999454,-1.458138635381949,-0.1619754678907166,-0.3486769110194506,-1.7240652150706293,-0.2623058692537368,-0.3621616580090622,-1.954191028302309,-0.3327990685709532,-0.0818881934658272,-0.995647934420368,-0.0444917346858672,-0.3481608702758003,-1.1965087727956845,-0.3156576098837692,-0.4047909082494197,-0.865438828336413,-0.3799065195567249,-0.3368617928458373,-0.6581202358094592,-0.3586941245297151,0.1207531200224087,-0.9416387748565878,-0.1194951382530506,-0.1705550882044428,-1.0811519320218088,-0.3677152381093856,-0.2179362395003996,-0.7460512601735555,-0.3155557679078863,-0.1338874229771226,-0.5660248682120066,-0.2129120063980778,0.3289110808668523,-0.838199411721923,-0.2061644191943949,0.0649190847281746,-0.9988876270312272,-0.3564499527578025,-0.0252238976730846,-0.7685987010414259,-0.3111353448891354,0.0337285306428472,-0.6154747363920555,-0.2345580448688906,Forward,2026-07-28 12:39:28.551,sess_20260728_123245
0.0,0.0,0.0,-0.2765758215785016,-0.3480476217386118,-0.149786955604145,-0.3838994235989396,-0.7579647348336493,-0.2082459557097422,-0.207968476961418,-1.128385016445087,-0.2726671621775187,0.0336115162790817,-1.313716935486397,-0.3245215237441677,-0.2837613703273892,-1.0893383214388492,0.0388952266714209,-0.2160204864451991,-1.5443496349114203,-0.0662858027887468,-0.1624322767369629,-1.7998897354054522,-0.1373744693629965,-0.0942483985307976,-2.015416599603936,-0.1933372981608739,-0.0305902949895708,-0.9989281523007796,0.0347387448449376,0.1076615434047276,-1.3073524631559466,-0.1785356373022963,0.0323655269376478,-1.0301250782931817,-0.2488780053520308,-0.050855929206363,-0.7982945764603322,-0.2344395998391129,0.1915102433486854,-0.8536542210224398,0.0032760250833691,0.3051686642019688,-1.1212095028737428,-0.239583374187748,0.1578314642579633,-0.8376415131298194,-0.2135928972001229,0.0478598410642123,-0.6138820062517784,-0.1201722878078758,0.3763003532096719,-0.6706288558969626,-0.0399995140811121,0.4106732772839617,-0.8646162511797135,-0.2096860488906812,0.2926825527562106,-0.6777840278922062,-0.1815874839647147,0.2081411543407634,-0.4989323925546146,-0.112962566486055,Forward,2026-07-28 15:03:48.654,sess_20260728_150120
0.0,0.0,0.0,-0.2203259267522506,-0.2630774893278826,-0.1376369485976382,-0.2717175082254217,-0.6676946906875417,-0.1251477560263838,-0.0210162863075498,-0.923263621917352,-0.0904017014766192,0.2388872037643966,-1.0039624124148994,-0.0583721380537306,-0.2859208402539469,-0.9855564479454384,-0.0007049510460732,-0.3889534851294868,-1.392781293340726,-0.010219780549386,-0.4455421009871456,-1.6203905750041558,-0.04533191231312,-0.4691386284851492,-1.8363111596692423,-0.0908847100953567,-0.0695493136545825,-0.9975290812646324,0.0099310121092893,-0.0993697681504746,-1.46515809861291,0.0135298440281732,-0.1082294561098225,-1.715728733030812,-0.0302688271747442,-0.0937358502946244,-1.9296717605791271,-0.076245967386822,0.1293804358811145,-0.9198795936884636,-0.0020461422679254,0.2000354141714652,-1.319726914786059,-0.0985863768020867,0.2170006316573198,-1.565898009022127,-0.2208750880105717,0.2616395094068181,-1.7984154348146426,-0.3135847820874719,0.3153775599156778,-0.758547886633887,-0.0202890786020275,0.3321619364753947,-0.9660709720442358,-0.1537995171111034,0.2529162108527704,-0.8364503372824518,-0.192876208638151,0.2122364640405045,-0.6772085657878879,-0.2170001293306679,Left,2026-07-28 15:05:13.555,sess_20260728_150120
0.0,0.0,0.0,0.0368785009754491,-0.4089934357309641,-0.0562697920389886,-0.1095233902504454,-0.9075090481892684,-0.1007328995088984,-0.249418562038246,-1.291034243358009,-0.1269804401244988,-0.3124354648642308,-1.5851625504426448,-0.1500235692292822,-0.3841301312832348,-1.009264229728603,-0.1940755782265563,-0.8429993960914873,-0.9270552496484918,-0.2398266384805031,-0.7325336037492965,-0.751359121783173,-0.2545888588980183,-0.5748286747880003,-0.6826117885782367,-0.256163237396641,-0.5445072589723947,-0.8137125891780975,-0.2034297597192856,-0.9363283298159814,-0.6983191679068942,-0.2214022865486688,-0.7998899358252882,-0.5557665004280141,-0.2172268391730077,-0.6536419572397717,-0.5015797096825774,-0.237824503281399,-0.6999926550404351,-0.5819795123694647,-0.2057610708855396,-1.0565115781501675,-0.5240084102202623,-0.2427870323708631,-0.945512800724554,-0.402529417665658,-0.2298325425051859,-0.7935022484190314,-0.331249251751737,-0.2347917282179345,-0.8380547961040592,-0.3464925469299865,-0.2054220603073493,-1.2195705241072148,-0.5546983404471794,-0.2425447841983169,-1.4368636546410345,-0.6625310378827409,-0.2307117528218168,-1.61621739752932,-0.769624673096975,-0.2253645985466927,Hover,2026-07-28 16:36:57.336,sess_20260728_163307
0.0,0.0,0.0,-0.2599805977204895,-0.2129369088043539,-0.1834451960377923,-0.3407700013088985,-0.5932610519451044,-0.2027410545969623,-0.1204091352230105,-0.8602865824007063,-0.1859363224677151,0.1542288543001791,-0.9504470234151318,-0.1691207138221576,-0.3807575502687235,-0.960333556271274,-0.0680812027207932,-0.541398000698865,-1.34397768252577,-0.1199760751262376,-0.6336209378636196,-1.5608576959424851,-0.1791241141111544,-0.6872589189877407,-1.7615996047938094,-0.2303897102325714,-0.1572295234722472,-0.986314834607516,-0.0496177788886072,-0.1990430043526522,-1.4386509959292713,-0.0605943196481057,-0.2215401229708428,-1.6910286515339448,-0.1019081881192468,-0.2194520523091894,-1.906166438111684,-0.136592167675728,0.0568056930095223,-0.9196725084349234,-0.0597472558229594,0.094467247513406,-1.3308197434294031,-0.1803003395346376,0.0856205243145239,-1.6073053444158183,-0.3105117513573731,0.1110785540282699,-1.8717127210195896,-0.3971285425189285,0.2606179395292808,-0.7599142684105054,-0.0782657741708304,0.2222150181568948,-0.9859295266682258,-0.2333154012575747,0.134865936138758,-0.8480499136318123,-0.2679478275965445,0.081784127145964,-0.6767328763685424,-0.2776165545390742,Left,2026-07-28 15:04:41.016,sess_20260728_150120
0.0,0.0,0.0,-0.3357020902067584,-0.2126686231311766,-0.1218032976807769,-0.5712202001465204,-0.5229090530172095,-0.1922153555464499,-0.6968855828055116,-0.8085142175726524,-0.2638877452136341,-0.8370647683387958,-1.0109684823368357,-0.3357357345198702,-0.3128086570066499,-0.943751868013566,-0.0679424819127052,-0.4257905025835405,-1.3008534845479758,-0.1706000017290447,-0.4823292931338296,-1.5204594174351755,-0.2670957641849964,-0.5252155624738476,-1.7130005932487156,-0.3423763047183618,-0.0939239182092629,-0.9909565126141554,-0.0958305154729487,-0.1327834134989243,-1.406459097332276,-0.1873483264901694,-0.1550216398063381,-1.649739356992035,-0.2702190849379268,-0.1804722121144333,-1.844961735957324,-0.334306361233119,0.1149361754128449,-0.9397910135504944,-0.1474670606951346,0.1382768476589936,-1.328802510628916,-0.2418390123659768,0.1530786684223467,-1.5609272154349207,-0.3166097578552146,0.161045405497343,-1.7530504948699914,-0.3698231249589412,0.3181441545965681,-0.8145854453665023,-0.2131283953199391,0.4121404829370946,-1.1066191556837957,-0.2903656151309596,0.4643602897383143,-1.2956644298565798,-0.3324193369860283,0.5009720961261456,-1.4678580883457013,-0.363865211245388,Takeoff,2026-07-28 16:28:00.044,sess_20260728_162716
0.0,0.0,0.0,-0.1598054788391367,0.3325526234530651,-0.1943068250086064,-0.4148786626390908,0.6352823609876135,-0.3148353357849255,-0.6125853041693798,0.8637905844339236,-0.4072707045789996,-0.7563229357963326,1.0379938607974462,-0.4633775637127648,-0.9553130553969218,0.3369976354347236,-0.2080462566026867,-0.9208424719499364,0.3597082893583287,-0.2947740187251174,-0.6594917706302601,0.3363262340186163,-0.3002724221070496,-0.6202204926604511,0.3361565066728696,-0.3025326157268978,-0.9819667812015022,0.0800817482676772,-0.1712546472687776,-0.8521976628352156,0.1374960577596911,-0.2610289295264782,-0.5893438901934888,0.1415309101019244,-0.2572711329856527,-0.6104761566548548,0.1224085914037206,-0.2544542265776136,-0.9059973296588264,-0.1420765382933449,-0.1502683279982203,-0.7931496020149605,-0.0846781019439061,-0.2421944408577428,-0.5537203017699205,-0.0562174095122208,-0.1987262241819944,-0.5507817899455802,-0.0630167307300384,-0.1695610538974393,-0.7890152543321172,-0.3304117296533899,-0.148018258310089,-0.7256339438245729,-0.2956009821007178,-0.2015166014550965,-0.5516269387211963,-0.2457371452215255,-0.1662152053109846,-0.5331931064975884,-0.2437202511110539,-0.134918274934493,Down,2026-07-28 14:58:08.182,sess_20260728_144941
0.0,0.0,0.0,-0.2852370269769992,-0.1702301552722832,-0.1516307976413606,-0.4110482331929608,-0.5478060781914226,-0.2029847342465304,-0.2299233567404374,-0.8116949624271499,-0.2326777910175988,0.0478394120509877,-0.9178240805237556,-0.2707894160072119,-0.3119304934545522,-0.9684424135113646,-0.1072238213001686,-0.487321133288806,-1.3437485833039973,-0.2003647523249599,-0.5766714049671249,-1.5892701692408508,-0.2789692922674755,-0.6318983634252137,-1.798905041831321,-0.3422192599835178,-0.062154596225894,-0.990265711778138,-0.1245416646931215,-0.0242140882130062,-1.4622059426408307,-0.2123057617501396,0.003391376627135,-1.7622817084082962,-0.286394916795511,0.0506523452722218,-2.0046276807051173,-0.3295981612443984,0.1527067134830318,-0.9006206669665066,-0.1614495089222049,0.2684648266373146,-1.321946161542952,-0.332622048819393,0.2870144229627979,-1.6240604750907155,-0.4670974740474232,0.3413194530349746,-1.8778177643480944,-0.5465971234939605,0.3421172952239192,-0.7195995475293427,-0.201323449163376,0.2469920503749551,-0.916206268613578,-0.4027589372981552,0.0885897257187084,-0.8117487565692504,-0.4519881616686736,-0.0008860395614583,-0.6668478233103192,-0.4630781602760884,Left,2026-07-28 16:20:33.166,sess_20260728_161633
0.0,0.0,0.0,-0.3752200010781366,-0.1705044408231174,-0.1250654484355879,-0.6483602020458189,-0.4855204234764642,-0.1998390707123896,-0.8141127435131542,-0.749917124191359,-0.2698817644930265,-0.988520234050798,-0.9291853223699088,-0.3412639648507942,-0.3776936334959629,-0.925697475282748,-0.1192120634587523,-0.5433889384517983,-1.278759468956398,-0.2384599166734065,-0.6458323694159942,-1.508254949212375,-0.3424707352900126,-0.7272058305090392,-1.7066588132079556,-0.4186951309253072,-0.1438282384886643,-0.9786908715240192,-0.1465524336502249,-0.1828668022206638,-1.4090326694761333,-0.2475985437225268,-0.2016826142782596,-1.695234940263816,-0.337343535720464,-0.2098812573831737,-1.934074111080028,-0.4022143238202341,0.0817188741497772,-0.924101560010394,-0.1939573280577463,0.096425168126739,-1.3332659393433233,-0.2998839157061418,0.1004102432457111,-1.5907796209955494,-0.3889785957959042,0.0995577228543117,-1.8091071838235795,-0.4488464006982726,0.297733547161953,-0.790883511517348,-0.2528638496014944,0.4202570237239783,-1.0685560919186383,-0.3382157920586237,0.4865346381457986,-1.2563381645354308,-0.3853741004263991,0.5317822077690186,-1.4269947828768514,-0.4172406528282434,Takeoff,2026-07-28 15:09:54.539,sess_20260728_150914
0.0,0.0,0.0,-0.3028499056275034,-0.2589860180342136,-0.1468723853118988,-0.3654151791500145,-0.6554516315039086,-0.1625366295437312,-0.0918308033689486,-0.924527158417076,-0.1619758477676355,0.1758384084083649,-0.957622078196191,-0.1521455518836826,-0.3449552369168321,-0.9552430887440592,-0.0176195836947457,-0.4828723002802763,-1.3351487306236998,-0.0611558337809697,-0.5721185543177526,-1.5697018999275298,-0.1180807269220023,-0.6345955835526413,-1.77244833941576,-0.171778084323268,-0.1195819758658297,-0.9928001961080432,0.0069225469196654,-0.1379545248666967,-1.4098135545091135,-0.0159690385552307,-0.1459960891690194,-1.6761917059916218,-0.0587505559581247,-0.1530806555798043,-1.8834901229153456,-0.0983671076234611,0.0763712726367173,-0.9286435814788006,0.0045981745476187,0.1097393890760946,-1.2744518219765697,-0.0561433337693915,0.1116588311287984,-1.5273580367481392,-0.1357876350568736,0.1154759301556937,-1.7246080126098349,-0.1950219903143722,0.277849099292798,-0.7982232346601573,-0.0140906850189566,0.4183543183013872,-0.9988961909830952,-0.0880769791469072,0.5078728858202671,-1.1535006244869477,-0.1445703060187039,0.5797593762129829,-1.2840022973588208,-0.1861872209996639,Right,2026-07-28 16:21:37.948,sess_20260728_161633
0.0,0.0,0.0,-0.3104310489268069,-0.2932004126056413,-0.1297302290858697,-0.4754478799916476,-0.7428961134721707,-0.1647441755998491,-0.329763637975737,-1.1389443684594192,-0.210171564919457,-0.1216037282601218,-1.3433125362848022,-0.2510993916805882,-0.3828702209946281,-1.056445473009349,0.0609520058080111,-0.4513820281808695,-1.4902454872841129,-0.0393257293416563,-0.4653047667971515,-1.759311218392676,-0.1076842511110391,-0.4413383922105074,-1.9880723826768856,-0.1613221387258209,-0.1216776488995501,-0.9910595110441104,0.054732032003998,-0.0503228498481352,-1.2802708564162524,-0.1445399262836112,-0.0755452643906843,-0.9639597566258336,-0.2048123694704391,-0.095580812247621,-0.7331811494357955,-0.1845896272669613,0.1210042176196899,-0.8772294645733398,0.0199993765596061,0.1788718600045115,-1.097800710740398,-0.2164283717693559,0.0677316695288042,-0.7771863300893785,-0.2007199813431935,0.0015975410917761,-0.5682436354206993,-0.1151433374518044,0.3363951135211403,-0.735106751547183,-0.0240797660973993,0.353520468931605,-0.9272297516312428,-0.1918497846142239,0.2415675586984371,-0.7107662937246444,-0.1702081174094893,0.1778060180574935,-0.5315794055405308,-0.1094471336330516,Forward,2026-07-28 12:39:31.733,sess_20260728_123245
0.0,0.0,0.0,-0.2077203904225562,-0.5456180417787028,-0.1257368861450383,-0.2406607839126105,-1.1019141741827136,-0.1958643267670723,-0.2239039515871081,-1.5058735095043927,-0.25092368379628,-0.1969740757913169,-1.8359167860362768,-0.2817537201331658,0.1386584868830575,-1.210683999719818,-0.1803057216164492,-0.4849696570312697,-1.262355156212036,-0.3276713187918442,-0.5354639494211728,-1.0601466107939244,-0.3989199653901422,-0.3844650578288941,-0.9989772427284704,-0.4398778424863162,0.179833483432451,-0.9623902244365352,-0.2036295021492365,-0.53495924683184,-0.9750364742632552,-0.3217453704382667,-0.5011620907622495,-0.8018475955296889,-0.3313715881640455,-0.3307707839082639,-0.7599766624349431,-0.3423896359098179,0.1484027183564699,-0.6751613018490933,-0.2437662146083631,-0.5146244444174962,-0.6977387961755853,-0.3635742449839014,-0.4520799146971341,-0.5621823480268612,-0.3235692212230924,-0.2819348000261682,-0.5312556825502615,-0.2924920666829043,0.0714629233846036,-0.3903653575741811,-0.2982269748986609,-0.4359296902627532,-0.4064724251563252,-0.3880073978151562,-0.3842073226953759,-0.3363856971236893,-0.372500089881114,-0.21511993854061,-0.3158616420060233,-0.3446347182464164,Up,2026-07-28 12:57:35.161,sess_20260728_125637
0.0,0.0,0.0,-0.2626962136084254,-0.3142969289845084,-0.118979466614752,-0.4156243405813022,-0.6936167323723942,-0.1739253165530173,-0.5055617995461112,-1.0216232535752392,-0.2285059241267223,-0.658938752174138,-1.2277256724492491,-0.2819030026755206,-0.1353984731712617,-1.0021912049572144,-0.0407289944155907,-0.1634675639441257,-1.3878758293770488,-0.1335160302368672,-0.1717783331326816,-1.6391253390314142,-0.2241035251609033,-0.1770554519152877,-1.8619092528287813,-0.2971586913352115,0.0794729676763671,-0.9950167820083512,-0.0602133783345224,0.150000343235848,-1.4133196530117869,-0.140361799869144,0.2015399708100959,-1.6664746684354337,-0.2156276633597489,0.2439588501936771,-1.877238331694844,-0.2728596040857888,0.2655045556094585,-0.8843162579531243,-0.1035976076050902,0.3530467694060147,-1.2583886380176297,-0.1916319529348335,0.4118888403533418,-1.4832584928508097,-0.2595859930580959,0.4511628291980017,-1.676772299524418,-0.3071371669409973,0.4310008379108261,-0.6966586786526673,-0.1614030477793773,0.5816135675058118,-0.9080828066337712,-0.230582343761323,0.6747439953720976,-1.052816306658618,-0.2641207960635406,0.7454418134404026,-1.1892478989970272,-0.2897618352560552,Takeoff,2026-07-28 15:02:09.345,sess_20260728_150120
0.0,0.0,0.0,-0.2505361839343781,-0.5943709279014902,-0.1506621869420961,-0.3426126082087567,-1.1689807150403615,-0.2288258469692376,-0.3464761872683469,-1.5743341260225174,-0.2922063260540156,-0.3274408362561939,-1.8914136879099963,-0.3309103652550833,-0.0435403049555025,-1.2504270691729684,-0.1831226622128922,-0.6834391446574919,-1.2105839615749587,-0.3585653339814624,-0.7381270236535216,-1.044309530807491,-0.4484565268309905,-0.6015692210754584,-1.033465164985086,-0.4979677203109956,0.0332338599849058,-0.978995204032328,-0.2011564093739107,-0.7220321255131219,-0.9114188764423063,-0.373981985881026,-0.6644474266498474,-0.7805144293729172,-0.4009119469579637,-0.4673775622381088,-0.7740369863639983,-0.4149070685012106,0.0507532522328718,-0.6803386492182584,-0.2437385788299401,-0.6468634081593546,-0.6366020780688912,-0.4255662410337253,-0.5676825125513975,-0.5394083256299043,-0.4020626645438453,-0.3755691927989747,-0.539301301279223,-0.3640327552624336,0.0232336693101045,-0.3892011313245062,-0.3018032201612021,-0.4959022684666196,-0.3666030220046006,-0.4243386717314124,-0.4549338409844091,-0.329784998841806,-0.4234837529855288,-0.2952482408769922,-0.3406603193994849,-0.3997796704909687,Up,2026-07-28 12:57:00.537,sess_20260728_125637
0.0,0.0,0.0,-0.2697093353410003,-0.2632860052450463,-0.1158220222122125,-0.3325223598057638,-0.6451822615693779,-0.1424738117553926,-0.0904850961431401,-0.8985191045023905,-0.1632680815883028,0.1562759168055039,-0.8863563852317128,-0.1782054924991829,-0.2597451170943931,-0.9579581274868412,-0.0465926979365,-0.3875741503707301,-1.321452819829516,-0.1127357730992336,-0.4643253568263558,-1.5548574790144871,-0.1797919028675714,-0.5156713800282717,-1.755532878470704,-0.2380855707225592,-0.0258757313955834,-0.9985125251932492,-0.0479914946312853,-0.0134814183935313,-1.416861139662961,-0.0901524232897579,0.0075413503397576,-1.67440588210587,-0.1258959396710047,0.0067170881083012,-1.877564975444613,-0.1592606936692945,0.1781897292044914,-0.9357656799253448,-0.0716792934324282,0.2431797079780689,-1.290487513395406,-0.145800253211269,0.2804673024583281,-1.538323319326811,-0.2038252228205665,0.2966108777455322,-1.729366065673364,-0.2443458952335296,0.383590283167289,-0.7967650093648619,-0.1095167222789074,0.549814090894796,-1.0077007271143004,-0.1805505044954707,0.6673302773950659,-1.1546430351284045,-0.2178545768596799,0.7515116879356636,-1.2755733053525853,-0.2456368747079516,Right,2026-07-28 16:21:27.036,sess_20260728_161633
0.0,0.0,0.0,-0.3319756847698398,-0.2632055985809295,-0.1659549229001787,-0.5656459430938751,-0.6590318574696208,-0.2786062281771416,-0.6468867636246634,-1.014468174423571,-0.3878842632627374,-0.5680121172430501,-1.280883774406778,-0.4544187006256185,-0.2494406206412225,-1.0629414709222444,-0.0980752306369833,-0.3425082342758009,-1.3407760182478838,-0.3428675024068101,-0.3793737070506572,-1.0023058729290142,-0.4431489949835026,-0.3356604052636712,-0.7950213025624561,-0.4721452301803182,0.0103580264247163,-0.994183454553906,-0.1072006062475671,-0.1036755179662731,-1.2603152506479862,-0.3579195065178552,-0.1822066637786327,-0.8475418219363313,-0.3714982177671122,-0.140570757528351,-0.6818858996171432,-0.3167572591721854,0.2502297259375422,-0.8831380878357615,-0.1588689392020654,0.1106629654433985,-1.091573124140226,-0.4095659425343562,0.0045969705811228,-0.6961565867282513,-0.3148396664287985,0.043136070773411,-0.5441747109302713,-0.1831047311465642,0.4770038759671596,-0.7213794127158834,-0.2253422934865109,0.303364664420809,-0.9035550864146688,-0.37567021649012,0.1753324116457913,-0.6316877605164484,-0.3062282979912592,0.1907711801086136,-0.50127661134895,-0.2111586436457104,Land,2026-07-28 15:10:16.700,sess_20260728_150914
0.0,0.0,0.0,-0.2743152515498999,-0.5649463609038876,-0.1043757063924116,-0.6918141963589789,-1.1511775752696525,-0.1920396703546008,-0.9252384331017612,-1.586608925600053,-0.2637453381979903,-0.8932066533550559,-1.9403698417908912,-0.3239358030911672,-0.6311734269773625,-1.096681432545594,-0.2555853598529874,-1.3857115963932614,-0.9443993584734072,-0.4331993863056136,-1.231762553899644,-0.796174123683093,-0.5005048560419187,-0.9997773346323972,-0.8482329718773776,-0.5299895528199052,-0.6085625618839703,-0.7428159727268241,-0.2790627867257133,-1.3878482178076263,-0.58327446317545,-0.4152823626249952,-1.181407696322179,-0.5298283404310902,-0.4012823312905719,-0.9567526072976952,-0.580020388496928,-0.4067885895219228,-0.6132841258692436,-0.3956020791981883,-0.3125699450327113,-1.2943398485443562,-0.278172435420925,-0.4570429582833322,-1.116378210121453,-0.2553514252946584,-0.3957739575051987,-0.8974007392041207,-0.3284931796897818,-0.3545712510721397,-0.6175764086841734,-0.0890355591717768,-0.3507962432526655,-1.1755436450168189,-0.0251259062334829,-0.452966946793133,-1.024283207241199,-0.0085977878424984,-0.4159181747567586,-0.7991124519237977,-0.03902192282848,-0.3781807017380652,Up,2026-07-28 16:23:53.704,sess_20260728_161633
0.0,0.0,0.0,-0.2324348401174959,-0.2736585982229964,-0.130448258019226,-0.2330003439288263,-0.6324590316731757,-0.1681606445206136,0.0434024367570443,-0.810034076959846,-0.2022893074028381,0.2792899358091683,-0.8102319148015836,-0.2322778036892112,-0.1279038191033314,-0.9798816731049438,-0.064995308670082,-0.1802109594324207,-1.3412475347175865,-0.1424625303869967,-0.2050046349030294,-1.5607512748923935,-0.2173011289482443,-0.2188196567780559,-1.7570309608707135,-0.2825729577917524,0.0967001513905635,-0.99266148981276,-0.0726102428294623,0.1639742515529886,-1.4272542083357804,-0.1347237503927616,0.2078002198078642,-1.6881250640253287,-0.1882401273977424,0.2293307636111339,-1.9005889011946688,-0.2355046150682187,0.2824353343384836,-0.9106082641894933,-0.1031260229415499,0.3855820291088282,-1.2962698593536914,-0.1940792293451324,0.4280055109757181,-1.5375141777110075,-0.2643990973306924,0.4601337300959067,-1.7424936885162825,-0.3155581279522023,0.4598433216887818,-0.7482639625251423,-0.1489608513388349,0.6252923924073654,-0.9763663001131332,-0.2312822276501593,0.7318528864818138,-1.1264482722286278,-0.2751583094384584,0.8154140196689439,-1.2625677097726309,-0.3112166415378187,Right,2026-07-28 12:43:20.006,sess_20260728_123245
0.0,0.0,0.0,0.2259821935625754,-0.3762968531945556,0.0260689335027176,0.3448013064195585,-0.8634543038793803,0.0011637620267764,0.462005976284967,-1.226642111029648,-0.0234054395017427,0.6660626933396147,-1.4184809861883552,-0.0472932291135917,0.2729183880246214,-1.0639412641846038,-0.1578098254887149,-0.1336953667178652,-1.3554443672004572,-0.1810000009416831,-0.1734503983655851,-1.171727184562353,-0.1669185231835052,-0.0959355500882612,-1.0375644030813682,-0.16728035161172,0.0278963770965767,-0.9770366993366142,-0.211237023966681,-0.3935807110987058,-1.2457038170864632,-0.2185125437612368,-0.3955123881099975,-1.0501548087445949,-0.1751480061086276,-0.3014700578183714,-0.9080599607322726,-0.1795838292124318,-0.244963641084455,-0.8551735383345156,-0.2533618104622163,-0.5882946050638007,-1.1655753222580962,-0.2784268891332973,-0.5902178458086361,-0.9880804561495188,-0.2335835727740189,-0.4992492045983234,-0.8325581120347831,-0.2355843929691721,-0.4976502660964523,-0.6963578582010006,-0.2888532024444812,-0.7840863650728891,-1.0034267088551376,-0.3499097308919644,-0.9621164400858384,-1.1387900242545346,-0.3618315054367287,-1.086647437350542,-1.282137467829617,-0.3824452565143022,Hover,2026-07-28 15:07:45.441,sess_20260728_150120
0.0,0.0,0.0,-0.2729956191383041,-0.2017878866336305,-0.1557896480396645,-0.3686982075227065,-0.561352612105957,-0.1797703767257914,-0.1749316239445999,-0.8475403124972454,-0.1857975968089375,0.0783927012857901,-0.9605063285598326,-0.1942000709381145,-0.3904246513640408,-0.9471605688618412,-0.0075970902875776,-0.5413817908203847,-1.3182456776390423,-0.0613703595986338,-0.610441519257497,-1.5571789709185375,-0.1291304739121861,-0.6627481618672757,-1.768432802697473,-0.1914271294297619,-0.1570151114051698,-0.9875501113051288,-0.0095410927911675,-0.1947056074071357,-1.4234283172323337,-0.0321434208635657,-0.206371904351375,-1.6884158981914197,-0.0924589064423139,-0.2088530185809982,-1.9106657947742225,-0.1412494832903989,0.0667091276489962,-0.9119334574499482,-0.0396005622591291,0.113811991637334,-1.310343823176985,-0.1508788937711564,0.1116238694072866,-1.5870085071014963,-0.2777846286333486,0.124395551141445,-1.831175926451152,-0.3661480197845609,0.2776539201633616,-0.7404177009208973,-0.078467300946671,0.2363529189510756,-0.9550396465606806,-0.23533399941566,0.1370352311796814,-0.8683277325095505,-0.2823347076797641,0.0698400266974666,-0.7426120349954587,-0.3018113637929071,Left,2026-07-28 12:42:06.630,sess_20260728_123245
0.0,0.0,0.0,-0.2833430595437892,-0.0727623429567153,-0.2103660035193569,-0.4359826659687479,-0.2901877997584621,-0.3402606642778267,-0.2174660399719359,-0.4917438554615098,-0.4458189362549902,0.0360328469920956,-0.6027908069256259,-0.551076568970864,-0.524398801139136,-0.8208146496197366,-0.2788841671724049,-0.7577706807157705,-1.1601641246208352,-0.4274441288273037,-0.8854151989683843,-1.4001538240477656,-0.540025426339668,-0.977456274708372,-1.612650670697963,-0.6327331885839763,-0.2826531456505731,-0.9145603912020112,-0.2892861733617079,-0.4075564002776637,-1.3706865568677438,-0.4294494986912582,-0.4673133050906475,-1.6698835613666918,-0.5364638214197144,-0.513165379630771,-1.929394801820665,-0.6210445016185424,-0.0397778964760213,-0.8692060217533142,-0.3185602819210635,-0.0244861579487385,-1.294329926586997,-0.4785761601562101,-0.0029539367067485,-1.5778409313776327,-0.5987323495579701,0.0155150323104939,-1.844694271749023,-0.6832875573414665,0.1951943415607967,-0.7305564702586129,-0.3601079284192229,0.3186739040387826,-1.0264687420401852,-0.5125534695782238,0.4042852240660746,-1.2332426709163435,-0.5903603869366247,0.47079827689668,-1.4369770930396737,-0.6451611368506329,Right,2026-07-28 16:34:00.378,sess_20260728_163307
0.0,0.0,0.0,-0.0816489230050049,0.3201119766686024,-0.2218815157860434,-0.2958282494263367,0.6656464755326134,-0.370517520689848,-0.4224160598032066,0.9503011926039509,-0.4914372610925339,-0.4724690609601845,1.1980938992651722,-0.5856881032712556,-0.8490111212110016,0.5097627501708555,-0.282087739136464,-0.6346917057405723,0.5120835485921637,-0.4639153671840718,-0.408614325500743,0.4608779365932269,-0.5544412019281958,-0.4192859482870392,0.448041892284035,-0.6163080409343441,-0.935459304730994,0.2323215524601571,-0.2663504936258013,-0.6348430032680965,0.2445718437185176,-0.432449612680674,-0.3828343510446929,0.2385338939562521,-0.4553283182103081,-0.4019754522999265,0.2378436413150132,-0.4698237591262146,-0.9060896711432812,-0.0241227450475811,-0.2756460132510563,-0.6188587648823751,-0.0136328282891934,-0.4528430158971661,-0.3809894558131399,0.0235139655153896,-0.4246047613810996,-0.3880982724085362,0.0422146514521404,-0.3968032988989488,-0.8109155347869684,-0.2631316617693012,-0.3092886845297348,-0.5766909113673516,-0.2509380224275809,-0.4321013710125764,-0.3817167539993903,-0.1663380865239279,-0.4282483634315951,-0.3745823373747174,-0.1193258676804296,-0.4173669287651421,Down,2026-07-28 13:06:54.458,sess_20260728_130400
0.0,0.0,0.0,-0.3489023002508108,-0.2154749121438273,-0.1582621080987927,-0.6111554110545728,-0.5986851136392034,-0.2461308818618703,-0.6019571912714642,-0.9820371569796836,-0.3398190890321407,-0.3657062081779248,-1.1875058408070511,-0.4227406849274527,-0.4623500944275223,-1.001460450403696,-0.0231421350455367,-0.5216845488574382,-1.4474501566699147,-0.173924427828694,-0.543006149119097,-1.7260441830052624,-0.2690042733041444,-0.5393556857666335,-1.9668077473960448,-0.3411893116686287,-0.2051866897362675,-0.9778891911699138,-0.0403875246595372,-0.2559587205273583,-1.272081596468925,-0.3078891295719624,-0.290480989658732,-0.9245551367716358,-0.3668546600366793,-0.2898005036180457,-0.6523423883468129,-0.3294339469957569,0.0425661548039997,-0.889284501955418,-0.0877279928625794,-0.0098970802140927,-1.1451947309883812,-0.3554706058877462,-0.0900721060396627,-0.7871683421153186,-0.2972839806117477,-0.1030828639696553,-0.5372992746924702,-0.1739108793558479,0.2861381708318496,-0.74748151763096,-0.1497875752935592,0.2083669376570166,-0.9533124515070504,-0.3309611756293418,0.1135205314183044,-0.7238947140853854,-0.2871884569824381,0.0971657189340567,-0.5380403328611729,-0.2029234819564641,Forward,2026-07-28 15:03:24.024,sess_20260728_150120
0.0,0.0,0.0,-0.36025819138022,-0.1812549582488214,-0.0920802290280794,-0.6283289172295243,-0.4858183871514959,-0.1382874846502083,-0.7970931289237488,-0.743635529572391,-0.1878598675173351,-0.9461947692527962,-0.9187109082679492,-0.2364659850433259,-0.4371292662754644,-0.91003866883319,-0.0314564669434152,-0.5641337909410409,-1.2564807959474256,-0.1140651787476989,-0.629683314796136,-1.463390805590938,-0.1949314572882463,-0.6806083632354626,-1.6422707913237915,-0.2583006980374633,-0.2276192792877769,-0.9717986330419331,-0.0616188324649446,-0.2997380262797922,-1.3647217536339906,-0.1317137053751215,-0.3451743513318502,-1.6004670211762224,-0.2008772065640691,-0.38930839309502,-1.7900095616549632,-0.2542165448956988,-0.0138751065213562,-0.9404141000048852,-0.1129348372735015,-0.0338183271721571,-1.3144363737551046,-0.1856680672002073,-0.0509021022713195,-1.5439070557830752,-0.2476664288563692,-0.0739526753427265,-1.7348183793106782,-0.292528901135645,0.1986875151016899,-0.8379531055302927,-0.1758480560290145,0.2440711522218242,-1.1292624747741689,-0.2348533327685203,0.2603873780011533,-1.3160234542907563,-0.2644266850502563,0.2629509944944864,-1.4846915568428285,-0.2861278689974916,Takeoff,2026-07-28 16:28:18.332,sess_20260728_162716
0.0,0.0,0.0,-0.3567487767543084,-0.186546951610299,-0.1093793388832777,-0.6244856974209841,-0.5055234896320719,-0.1836809444408672,-0.78761171615521,-0.7718987136232053,-0.2669968262119596,-0.7495047278376127,-1.0017535077138728,-0.3131428034361742,-0.3123703633662013,-1.0027122435457894,0.0113347150164448,-0.614510026095565,-1.0755791893410769,-0.1924254127213158,-0.5777299167765781,-0.7618843592193248,-0.2881977398308245,-0.4708131139213652,-0.6523328347428433,-0.3267731973758579,-0.1051234018615155,-0.9943644294012084,-0.013727779233059,-0.4550495414746177,-1.0206337563199233,-0.2134481545802204,-0.4252757775905665,-0.6363389076154915,-0.2173869406121263,-0.296750421102591,-0.5800018137911519,-0.1714141217511517,0.0998160602460905,-0.9257737220976422,-0.079943993809424,-0.2403581072564057,-0.9234338463298596,-0.2774199540933443,-0.2336760196023811,-0.5600913339564794,-0.1832888241594248,-0.1052542442501201,-0.5025010362679392,-0.069118391892501,0.2835587647680551,-0.7965228907752935,-0.162137942786669,-0.0258718008877654,-0.7904732176872477,-0.2758150568163262,-0.0651447454350473,-0.5475921948222258,-0.2160758865092502,0.0345205350882354,-0.4811541383492163,-0.1356734566854842,Land,2026-07-28 12:37:44.262,sess_20260728_123245
0.0,0.0,0.0,-0.246301388879739,-0.1583835302099012,-0.0915502090007135,-0.4458727722138241,-0.5725128193770339,-0.1528920273745403,-0.5106946004622989,-0.911486284589444,-0.2377719560419731,-0.4031048124527789,-1.1662851320610867,-0.3198935198574357,-0.0729382003046083,-1.011697722032717,-0.0021480823737269,-0.1056337641227864,-1.4399782279431783,-0.1747290824526376,-0.1298334794545045,-1.741697581857164,-0.2790450176410772,-0.1273694249291362,-1.9698664716860343,-0.353406402858595,0.1455750566640983,-0.9873520803023786,-0.0627994617796184,-0.1784001915992859,-1.1785215944624718,-0.3631608029763618,-0.3120331809309928,-0.7885240572288613,-0.4090224956047895,-0.2686543132677094,-0.5406191728121337,-0.3539738167282595,0.3507821480201627,-0.8867879450245773,-0.1524701797483311,0.0042074597511619,-1.0132320677780249,-0.4322481818855537,-0.0971702024875891,-0.648368276518173,-0.3385598324196335,-0.0262570911190032,-0.4501739570502788,-0.1905032219262674,0.5441098814137422,-0.7199445818447164,-0.2561183448896578,0.2230663809358805,-0.8488843680356609,-0.4376086889902743,0.0965603962364439,-0.6063985900875597,-0.371579874855882,0.1493105012931258,-0.4557110249282429,-0.2673676007981697,Forward,2026-07-28 15:12:04.608,sess_20260728_150914
0.0,0.0,0.0,-0.2902870061416822,-0.2285456334738913,-0.1237759295127563,-0.5051074758013927,-0.5527985457660785,-0.189501925925089,-0.6505823529621013,-0.8378709418685293,-0.2513513822913508,-0.8217917212955623,-1.0123500330595694,-0.3119629654531205,-0.2962794058826887,-0.9576333781697554,-0.0776964267203557,-0.4022208379631816,-1.3119754707491298,-0.1707404333966615,-0.4564377270449373,-1.5367140804735595,-0.2568238034371353,-0.4971174167806838,-1.7339430662215845,-0.3257067522846883,-0.0807276008328669,-0.9922064524968848,-0.0949179123628208,-0.0808133245226569,-1.4018213303389502,-0.1737447472869354,-0.0726440550907299,-1.6512477020393657,-0.2442938161534374,-0.0661657226033607,-1.855416094802792,-0.2995650529390726,0.12074123897116,-0.9144196367022966,-0.1340790209734621,0.1487120200610408,-1.2810962781146098,-0.2236576960089536,0.1633452521132624,-1.5172942787329562,-0.2996464615394681,0.1673618777169503,-1.7160719067073225,-0.3547732976780919,0.3113005417604824,-0.7605283531716103,-0.1861863268539471,0.4392891488638333,-0.9807708462105402,-0.2607251191160936,0.5196707166907077,-1.1326134326577764,-0.3044672422475953,0.581606330320335,-1.2759579770246712,-0.3384246627438363,Takeoff,2026-07-28 15:02:21.131,sess_20260728_150120
0.0,0.0,0.0,-0.3364933668267505,-0.1901878534428892,-0.0743603052290361,-0.5761609950955001,-0.4920863454510008,-0.1445038247453414,-0.7321960404481801,-0.7428890882342849,-0.2304662362901784,-0.7458912887672293,-0.9893551518961816,-0.2836432814294446,-0.2493467673398229,-0.999433129379578,0.037430927353802,-0.5903250418593458,-1.0483831165068591,-0.1684122142938304,-0.5836306434163827,-0.7610017526829372,-0.271899568818304,-0.4820805857463925,-0.6411101251912625,-0.3157326298011018,-0.0684776865528873,-0.9976033915595296,-0.009913606472339,-0.4898277863475694,-1.016875815135147,-0.2117611241568915,-0.475195482998043,-0.633259248879312,-0.2232153033806275,-0.3363704250140908,-0.5638584752198148,-0.1795868544205152,0.1049709346795432,-0.9320407264285528,-0.0956016190559013,-0.3193301599616645,-0.8861359875306171,-0.290388373802995,-0.2942474412966593,-0.5347185563239051,-0.2084558588102961,-0.1469598383691624,-0.4847271761831204,-0.1035572096419303,0.2507604175657034,-0.8007745127965582,-0.1945612665432958,-0.1318000050673717,-0.7543380294865708,-0.3152911049317877,-0.1387185826677481,-0.5221097957380859,-0.2663808541396461,-0.014965606912153,-0.4635537302104768,-0.1921682812242837,Land,2026-07-28 12:37:46.953,sess_20260728_123245
0.0,0.0,0.0,-0.2596767508168613,-0.1801146407309324,-0.1175281794469279,-0.3087980430382949,-0.5727713304556197,-0.127246623339619,-0.0412931319443736,-0.7980591227914743,-0.1184145122459718,0.2326590214055478,-0.8603815896514174,-0.1186631745673329,-0.3121022218839429,-0.974575643793384,-0.0579457686720833,-0.4670034844206158,-1.389408850330571,-0.100241913988696,-0.5573849522095629,-1.6428071405382858,-0.151417261353376,-0.6233237460509787,-1.867672624611364,-0.2026369185875768,-0.0686645070279884,-0.9952097521717892,-0.069589759711967,-0.0838934362877555,-1.4446895685610377,-0.0944066041549989,-0.111218980758796,-1.7212321514620508,-0.1507567588977924,-0.1293090734973896,-1.9413087531630369,-0.1992152258848688,0.1455728579890866,-0.910849760248026,-0.0979502375352997,0.2873636905001475,-1.2736536388675477,-0.2043391925311697,0.3441904836137148,-1.5401810663236437,-0.3278069877991793,0.4095004397864167,-1.768366769956771,-0.4182351194845656,0.3278457872587272,-0.7431055518064024,-0.1285547227669271,0.3785907747552853,-0.9018429616081324,-0.2707845188020159,0.3047959889557187,-0.806765605926426,-0.307994122333914,0.2491002120321011,-0.6792965065313188,-0.3262424973426623,Left,2026-07-28 14:55:28.634,sess_20260728_144941
0.0,0.0,0.0,-0.360177720235029,-0.1833303769878754,-0.1108015484633857,-0.6139153756187584,-0.5087981164504535,-0.1812926181206826,-0.779873277761769,-0.7812644486031476,-0.2510368284885021,-0.9737682457135096,-0.9508313187790376,-0.3256857301633774,-0.3394855572629228,-0.9362714827608688,-0.1115959002605564,-0.5059353832620997,-1.2970458023279934,-0.2314120269590822,-0.6067047478716897,-1.5378834888847652,-0.336531760779602,-0.6863348006687823,-1.74565334612575,-0.4142249009753742,-0.0991486293020003,-0.9837563120940874,-0.1496431345654559,-0.1297959249653952,-1.4227214082280764,-0.2523576451986886,-0.1485736784820226,-1.7182737940206754,-0.347265160028665,-0.1619703817040315,-1.9623127091846468,-0.4168854990201974,0.1280274043526384,-0.9214994279695836,-0.2053806746316928,0.1515410408911237,-1.3373655190128235,-0.3126318934748742,0.1449242371652553,-1.5969990911174048,-0.4028697164478423,0.125678843762794,-1.816753943438396,-0.4651787301619934,0.3377385915647851,-0.7776752315328052,-0.2711389372367073,0.4782022565489821,-1.0541774207892356,-0.3567817010881559,0.5514541823571897,-1.2482673080761792,-0.4025677163672677,0.5985528734345288,-1.425951222537496,-0.4351399676675431,Takeoff,2026-07-28 15:09:53.326,sess_20260728_150914
0.0,0.0,0.0,-0.2398569153754807,-0.4019062696452475,-0.0636683970959092,-0.3490725265494809,-0.7390113748235365,-0.1400014188010526,-0.3530356130857081,-1.0004854009754902,-0.2387091762148514,-0.2060224751055372,-1.1364465937753032,-0.3046695849607121,0.1380525291915126,-1.0262870469154073,0.04976486832417,-0.0730827029317354,-1.2267594548889345,-0.1478585092137154,-0.1895197509293144,-0.9544740797786768,-0.2660648619035069,-0.1421053009667783,-0.8162666820465533,-0.3281905137381112,0.2781813793356127,-0.9605272805196992,-0.0015695758558511,-0.0147497007595593,-1.165753238959772,-0.2142308822454515,-0.1353017938651562,-0.8367778300732219,-0.2476033213156563,-0.0264104114171024,-0.7194503898160388,-0.2255579213282267,0.4113105904796094,-0.8553245745481279,-0.088607419153689,0.1002145538187413,-1.0353105110305818,-0.2728220423015114,-0.0267554173204251,-0.7290098701878936,-0.1995499149494252,0.0768269016133073,-0.6190951681045291,-0.1079507966928123,0.5092582785874168,-0.7073260629260618,-0.1907158898044456,0.2125214248704374,-0.8646892034077823,-0.2828178142985785,0.1122285928904328,-0.6691441874381194,-0.2263431036651365,0.2049615586730696,-0.5682421825852947,-0.1559184390029901,Land,2026-07-28 15:02:54.592,sess_20260728_150120
0.0,0.0,0.0,-0.2922192521709418,-0.3429708769455601,-0.1078461538138381,-0.3333274828189697,-0.8628804006853583,-0.1617012464962901,-0.2735949679683757,-1.274342302649255,-0.242033670508463,-0.3586707130398551,-1.5481693854414416,-0.303692291385258,0.0276997420298691,-1.0691889566582564,0.0281146882644428,0.1726985943807379,-1.2885868682005417,-0.1521520062215551,0.1179184363787113,-1.0191659274019171,-0.2654418379185766,0.0287667417563289,-0.7797954789614978,-0.2988799650060054,0.2725481003122264,-0.962112169933107,0.007596412495696,0.4306179642078899,-1.173416790538799,-0.2138339710285622,0.2932910200193173,-0.8300157230381819,-0.3058552638012068,0.15031676521297,-0.5909795729231827,-0.3087422953972232,0.5016094718274969,-0.821430587081206,-0.045341360995797,0.6701029800221161,-1.0385035756221983,-0.2484264802989469,0.4766128575803137,-0.753492531757255,-0.2582172060815355,0.3051747692071128,-0.5410826340019464,-0.1942078679883624,0.6983564864333568,-0.6520136526089207,-0.1097893621662159,0.9881642609454538,-0.8623598807095655,-0.1851854886293289,1.1806316212363472,-0.9612177497304278,-0.1870270598274003,1.3555631535997548,-1.095425415051342,-0.1668742945432455,Hover,2026-07-28 12:59:56.002,sess_20260728_125902
0.0,0.0,0.0,0.3315887825862348,-0.3031673437011674,-0.0108211934731021,0.5413763633611065,-0.739632331215362,-0.006833741038627,0.6862186875508032,-1.0825862556730226,-0.0012164885129142,0.7913840446978159,-1.3313074181581812,-0.0030307493981005,0.2171043830563209,-1.0303038505577635,-0.0370292961492016,0.0759212245925435,-1.05858947130917,-0.0265854598882291,0.0771961356506852,-0.8759934593799614,-0.0485059892628275,0.0945094027974613,-0.7584070682077649,-0.0709475552100321,-0.0422954628109924,-0.9970248629158412,-0.0644400229147381,-0.1636454203420452,-0.9891782726022712,-0.0151682208758938,-0.1435172980474355,-0.8216543895989432,-0.0411269645169326,-0.1240116871167292,-0.7093473896877921,-0.1013255632638756,-0.3023834353534559,-0.9035991553701236,-0.0864940701510625,-0.4182148254730399,-0.9481728735378228,-0.0896595918722428,-0.3794967872798883,-0.783562755203413,-0.1110997597377416,-0.3458876378493838,-0.6475000932956918,-0.1531821899988855,-0.5302980799531498,-0.7869092750924813,-0.1027317657637874,-0.684942872891977,-1.095934244985055,-0.1231282140193651,-0.7757368086900976,-1.2874430960355916,-0.1178755224208542,-0.8514883648771824,-1.4678765134957148,-0.1292067879550778,Hover,2026-07-28 16:37:21.533,sess_20260728_163307
0.0,0.0,0.0,-0.6074906125546534,-0.1866237288921413,-0.0226110040589236,-1.00007466833011,-0.5685871618217381,-0.0324397664266597,-1.111180325957807,-1.0184451761763496,-0.0869256553519641,-0.9093433717534324,-1.2785115481939897,-0.1169061711111032,-0.7181750509599292,-0.8606044668740923,0.2216320119550039,-0.8124869068886775,-1.2208749628778772,0.0526383136769443,-0.7690040320995806,-0.95949231753295,-0.0684518696767799,-0.6920317306189985,-0.71242524690565,-0.1201709752650682,-0.449209773746205,-0.877703674554964,0.166873721249324,-0.5556292083057551,-1.2400456794678976,-0.01804798565372,-0.5075480971574515,-0.8703510034944998,-0.0956647049627073,-0.4442122658514397,-0.6157329487790127,-0.0973308675301121,-0.1604554234612554,-0.8715436251216948,0.0758596522428002,-0.28181858729413,-1.2373798193600498,-0.111628132096032,-0.2536579413959927,-0.8474348749490771,-0.0654661881699125,-0.1954022157527158,-0.5699675145562043,0.0275516452463409,0.14851019892479,-0.8057007604953544,-0.0214464646317928,-0.0039721393991527,-1.0942766878438004,-0.121337117595948,-0.021500894665764,-0.8374972758760709,-0.0580343731627372,0.0277802846463486,-0.6142365868425584,0.0230338020883431,Land,2026-07-28 12:38:00.121,sess_20260728_123245
0.0,0.0,0.0,-0.4251928530549692,-0.1525295335280059,-0.200661881028913,-0.8091483071904464,-0.5064614800392904,-0.3010266548517882,-0.9309176788760456,-0.8793188463631889,-0.3868637361949381,-0.7091312208605605,-1.064740032290722,-0.4158640937214845,-0.6193862913952617,-0.8999228626060995,-0.0864870050038002,-0.7283677586449889,-1.0941820291198674,-0.2704639545716351,-0.6681672622243995,-0.7691999146319153,-0.3093312952906596,-0.6010939121575324,-0.7336664606297802,-0.3198534824041892,-0.3631084029497579,-0.9300236649000484,-0.0566415963154149,-0.4818918178230555,-1.074565112906854,-0.258343963350632,-0.4192052865671358,-0.6679869079949684,-0.2262534812848007,-0.3601982170771635,-0.6992172098179351,-0.1582172896630205,-0.1012907861299004,-0.9215538729020072,-0.0738263493421303,-0.2177839654791588,-1.024282229072642,-0.2860282856229628,-0.1991746503912465,-0.6502533221224657,-0.1830891698823747,-0.1388950585290247,-0.6614236485904562,-0.0628216159687216,0.1570597214844687,-0.8783908947633741,-0.1095298983685372,0.0166633732944806,-0.9751503847695034,-0.2124159346265676,0.0078056534780662,-0.7280853145022778,-0.1488885987405649,0.0593632760191443,-0.7122016061696657,-0.0762036885481159,Land,2026-07-28 16:29:17.632,sess_20260728_162716
0.0,0.0,0.0,-0.4176671896268058,-0.2429313691069011,-0.0477302206385716,-0.6187461705371714,-0.4761324421149507,-0.1423616022129865,-0.7807158559934558,-0.6605639813923317,-0.259038728173257,-0.9016848138144644,-0.8589772815185456,-0.3760225345083365,-0.313211428201092,-0.9980094166699636,-0.098494438781694,-0.5243060327866196,-1.328110456913597,-0.2433141177206965,-0.6369384323080506,-1.549441244745484,-0.3454514232502286,-0.7022222591034234,-1.748930184032313,-0.4256280851336912,-0.165347943316612,-0.9722192357016448,-0.1656798580777887,-0.7084592115639373,-0.9375153257746368,-0.352387276674285,-0.7590006405101883,-0.6345055679884941,-0.3859854212869048,-0.641225700088747,-0.5003777384354099,-0.3835183989407473,-0.0743895374106523,-0.8537384272404138,-0.2445239537365278,-0.6242806094760888,-0.7675220198602134,-0.3957924842444064,-0.607451765820815,-0.5091954765658036,-0.3238556802226082,-0.4683997616000991,-0.4209578429543209,-0.2563687736039073,-0.0332520486490417,-0.6841316650377817,-0.3361672135610962,-0.4614582312991007,-0.656406572171688,-0.430564484439738,-0.4696162905248253,-0.4735503662457659,-0.3687523581893607,-0.3556084740342519,-0.3921109217924914,-0.3026020657957029,Forward,2026-07-28 12:39:18.965,sess_20260728_123245
0.0,0.0,0.0,0.1216412137398954,-0.4795248093638772,-0.041827335605582,-0.047787565231944,-1.0035663134703314,-0.0574559096647651,-0.2493907882829797,-1.388889252302123,-0.0622082064605531,-0.3996368088338143,-1.677050477573539,-0.0634769686933654,-0.4916403326970734,-0.9705084650051592,-0.0858832065731073,-0.8933456075534374,-1.0422237361913549,-0.1172530989697715,-0.7964211667804646,-0.9313229435741824,-0.1325586231113805,-0.6392852463455788,-0.8709517891730093,-0.1406409299241184,-0.7021284846152888,-0.7067076270681816,-0.087062741373669,-1.025212198473923,-0.7939005166345598,-0.0732265138804236,-0.8990783023249513,-0.7007256846979061,-0.0567770101225097,-0.725887399727203,-0.6287163477197732,-0.0637555140815888,-0.833836893677506,-0.4214315372486198,-0.0888643946232357,-1.0587842967955945,-0.5119144824132795,-0.0979634089773087,-0.9289898564549994,-0.4535392781345703,-0.0763148876094127,-0.768648466423553,-0.4002247498371373,-0.0768704219780171,-0.8967556653727103,-0.1617103936642513,-0.0902727531400555,-1.0121602893612585,-0.2364014531182646,-0.1088767025425271,-0.8696123890526354,-0.1787343191175713,-0.0774977734513494,-0.7236250179928605,-0.1357697123915458,-0.052625578073736,Up,2026-07-28 16:35:34.138,sess_20260728_163307
0.0,0.0,0.0,0.0123352354225966,-0.483554456700289,-0.0472564621680445,-0.1914410567291069,-0.955558214508476,-0.0739648469871555,-0.4112974359024401,-1.2976364207838351,-0.0967331755278496,-0.4941688906952489,-1.5920835673457947,-0.1228621404971837,-0.572683900657869,-0.965987641810998,-0.08591578274361,-0.8785073988832227,-0.9002833313506963,-0.1483852384472804,-0.8431460058911372,-0.764034585933503,-0.2050488027414454,-0.7605490972860942,-0.6900514599748446,-0.2453271723637415,-0.6768296691542542,-0.7284937499690728,-0.1058227537372791,-0.924150338617602,-0.6118080843464837,-0.1179340234274412,-0.7979315765986854,-0.5269762241803516,-0.1387947239396193,-0.6404305643687515,-0.491603651750696,-0.1800945821715101,-0.7242883575395394,-0.4531359870330532,-0.1262071062142067,-0.9263819623461124,-0.3587669746746378,-0.165907121933099,-0.7922827887854037,-0.2908471596748803,-0.1533165143581037,-0.6350951647891183,-0.2660618786057123,-0.1595414851840054,-0.7413258723936182,-0.1923894890141161,-0.1491460121732656,-0.9034021864431928,-0.1219155625099917,-0.1877009934980686,-0.7908395493938074,-0.0697397234413869,-0.1552325529634893,-0.6610924008856435,-0.056098521721077,-0.1292234614634015,Up,2026-07-28 14:57:42.249,sess_20260728_144941
0.0,0.0,0.0,-0.2652370955930548,-0.1995804183966745,-0.1355490649000143,-0.3483081171113644,-0.5572820236747158,-0.1848043818603282,-0.1319513919800278,-0.7760519467023052,-0.2262670313167648,0.1309358033572953,-0.7533150135574512,-0.2584842486140776,-0.276451097518312,-0.9680747714259628,-0.0610535303228548,-0.2893492242051801,-1.3352754923974903,-0.1336323065203199,-0.273607107580548,-1.558171264745442,-0.2046203063651538,-0.2496255180276906,-1.7441132435526636,-0.2670517288638092,-0.0873832800894692,-0.9941979640146024,-0.0627261565060768,-0.0924456452791405,-1.398827375154861,-0.1221519270245366,-0.0906800814971706,-1.6589864619046162,-0.17802274298561,-0.0976976404718268,-1.873655578603576,-0.2230181796793231,0.0812516251635599,-0.9512460124409,-0.0870149170854816,0.0808410778502736,-1.3209884984788354,-0.1474418157065134,0.0719433883361933,-1.5508533870589054,-0.200936932529296,0.0534752664723803,-1.7408009956802453,-0.2403031516430429,0.2459819927843207,-0.8439739301114777,-0.1302623315941241,0.2494330616502807,-1.1462137878248972,-0.1895236219119619,0.2387222858266118,-1.3364452170192072,-0.2219808181143034,0.2258842360280472,-1.490163306970951,-0.2457151163400056,Right,2026-07-28 14:56:09.831,sess_20260728_144941
0.0,0.0,0.0,-0.5803526681852955,-0.2003074172140549,-0.075559907189824,-0.9734885534406944,-0.5767385213719438,-0.1280386797179238,-1.0637092940675992,-1.036302708306886,-0.2170155669300851,-0.8377082254826433,-1.3215857921081553,-0.2772167002107966,-0.656818750810087,-0.9209826209210727,0.1315973666255238,-0.7514041990512778,-1.3069445715838424,-0.064226569265814,-0.7411721001796274,-1.0227969876054506,-0.1816955892854024,-0.6775520361856617,-0.7470228817321357,-0.2278427644513422,-0.3694590894255455,-0.9257713185875276,0.0802959956757335,-0.4825016165925259,-1.3479727294356598,-0.1428998096104468,-0.4771943212446762,-0.9431769355074848,-0.2122708407236644,-0.4148718969510844,-0.6384333175077511,-0.1963774489151701,-0.0634702121739803,-0.8972778124855376,-0.0106686150089269,-0.1856232926245341,-1.2966128144830564,-0.2397548907113347,-0.2020831456604697,-0.8772759789401071,-0.1839138700403529,-0.1469873488162916,-0.5663249133118052,-0.0728610839824333,0.2766774863725319,-0.8054939372207659,-0.1110737276400412,0.1111594344214655,-1.114526607972229,-0.244370878688112,0.0490139373288153,-0.8484185172364153,-0.1811094853897576,0.0803205755121711,-0.6065710091983064,-0.0932871353777087,Land,2026-07-28 12:38:05.271,sess_20260728_123245
0.0,0.0,0.0,-0.2213144487847653,-0.380671343577978,-0.1285703992022132,-0.2648966966319812,-0.7669186644733389,-0.1414738345435563,-0.0361984831870685,-1.010984032405568,-0.1391267668482269,0.1640175854597691,-1.0932313181718207,-0.118666494830111,-0.2853590953395934,-1.0098148595372571,0.036255258642378,-0.3121585223914707,-1.4484641134336822,0.0102078884930548,-0.3039825152584959,-1.7139144582311945,-0.033196448485988,-0.304714501528929,-1.9356889808436544,-0.0741494783372188,-0.0702378701807735,-0.9953293697525404,0.0662275418574429,-0.0110490633715174,-1.4270291087297724,0.0597401071962133,0.0488451967249324,-1.6824354028491508,0.0117203128437245,0.0819936020906254,-1.8922628927680225,-0.0298552642162268,0.1288688767164345,-0.901155305478378,0.0703623895577456,0.2023202759970117,-1.2755453197227076,0.0310821908783278,0.2735647792060233,-1.5474959416010563,-0.0507371682505624,0.3253107804038783,-1.7556425366504411,-0.1138208201539765,0.3448710576813553,-0.7367727395926762,0.0603687464842201,0.5183400563462954,-0.9105400824126656,0.0164613414213044,0.643495935744086,-1.0659053835632222,-0.0353608424147933,0.7432644086445993,-1.2002013693323,-0.0756002160336304,Right,2026-07-28 15:05:39.559,sess_20260728_150120
0.0,0.0,0.0,-0.1403784619822862,-0.6191813657271934,-0.3002035108258161,-0.1006157061926037,-1.2637229118635656,-0.4619408725527302,-0.0333034118025654,-1.7344180136891751,-0.5697226223892663,0.0839177947075826,-2.149246927314264,-0.6305726234996084,0.3903514564848179,-1.1617091426787425,-0.428725153049515,-0.5104847944875142,-1.20316233466498,-0.6475461463761412,-0.5537477707100061,-0.98136294907253,-0.7571393517147261,-0.3274870885429886,-0.8908123919741824,-0.829801466223645,0.4640572273277079,-0.7900030155688881,-0.4006820749134943,-0.5751617976484239,-0.8298552332334683,-0.5768230934281912,-0.4789539075249541,-0.6627113512378414,-0.600371818335321,-0.199494672295161,-0.6191156948124333,-0.6355358896711291,0.418628290635166,-0.3790977424812069,-0.3997180740565956,-0.5220455298486036,-0.44997612483832,-0.5675794697818276,-0.4074648249844737,-0.334865628717241,-0.5028558677981689,-0.1661224436657512,-0.2972324587891336,-0.4615255630027244,0.3051863076358049,0.0167777390041605,-0.4324434245136684,-0.3789475251791809,-0.0556484320984348,-0.58789557340282,-0.287555043359269,-0.0370726077185837,-0.5896812717496784,-0.0569054205956234,-0.0286952404575617,-0.570714961032362,Up,2026-07-28 12:57:15.648,sess_20260728_125637
0.0,0.0,0.0,-0.1524392029492012,-0.5343668295523396,-0.1205656819513142,-0.0432252418620926,-0.9707338014836,-0.192302891008497,0.0672192728136563,-1.2546018568377966,-0.257655151951708,0.1077188034596595,-1.5239666620441523,-0.3015088613169212,0.4981276608899957,-1.0039069860345744,-0.1176063293182707,0.1048099493884503,-1.0882849750802663,-0.2882375601820052,-0.0713853778362276,-0.8949903819638145,-0.4070593860689146,-0.0359109543391808,-0.7887007562588425,-0.4860636225246649,0.6086440004232443,-0.7791057135652009,-0.1501558118716991,0.1220073162402839,-0.8574242964509358,-0.2888182936430999,-0.0473683882058737,-0.6832797690064449,-0.3252302842866119,0.019009364778091,-0.5938776206471595,-0.3508680723875187,0.609318016681304,-0.5239966681619292,-0.205989475676162,0.1427476390211046,-0.6073549969872253,-0.3475058897252442,-0.0046758298177289,-0.4778301351962082,-0.3069450130682536,0.0696408341932964,-0.4235682457110286,-0.2744547175674861,0.5454656130492166,-0.2884498914984383,-0.2795635238447381,0.1653834218976377,-0.3525713750585481,-0.3635106427317134,0.059145295247383,-0.2816709729830025,-0.3289704162998414,0.1358201209837747,-0.2365361061522742,-0.2952779759425601,Up,2026-07-28 12:57:36.857,sess_20260728_125637
0.0,0.0,0.0,-0.3333501970324759,-0.1717216785327625,-0.1599597895232989,-0.5448180402338245,-0.5108978033915357,-0.2283083199661933,-0.6156859886837183,-0.8374261078283941,-0.2860904995550209,-0.666187999231146,-1.0888456185801771,-0.3373989439951306,-0.3296128553689403,-0.929523880684769,-0.1137828760903871,-0.4473703805953221,-1.3200904252696508,-0.2265019955251329,-0.5021948352193634,-1.566715681420549,-0.3200595845613919,-0.540020057039131,-1.7726131488789594,-0.3901961191430746,-0.1198596633935639,-0.9866703171032593,-0.1100697344347454,-0.1863219914434165,-1.4087863582015576,-0.2102876675694815,-0.2310442513647948,-1.6665509317637903,-0.2885950211127167,-0.2723847484052913,-1.8741527968151988,-0.3474479345322905,0.0753829170337516,-0.9483580118653496,-0.1313127075121822,0.073709638858312,-1.3456788324312,-0.2361721931979928,0.0509695905518004,-1.5825769043721314,-0.3037615425043596,0.0229563784511508,-1.7791591972364504,-0.3478074211680708,0.2714402669120238,-0.8360060872170466,-0.1691883280891302,0.3657751243499697,-1.12050718801904,-0.2589677043374108,0.4094983362417628,-1.312059607835247,-0.3088700028373654,0.435538118365362,-1.4894966470471298,-0.3424511169023684,Takeoff,2026-07-28 14:51:06.056,sess_20260728_144941
0.0,0.0,0.0,-0.156964772649792,-0.3147184777133968,-0.2167805564170236,-0.156081011673044,-0.6974801600158498,-0.2197519630530686,0.0953967097168257,-0.955528882369994,-0.1986293773788832,0.3140682836101396,-1.128709133132692,-0.1589186411024331,-0.2780820808704497,-1.0340060118941188,0.0147045289465853,-0.3321213743534938,-1.444041007343946,-0.0392093147869219,-0.3429009081706519,-1.6961899500401587,-0.0849601312551277,-0.3521083493335808,-1.9160637851922533,-0.1149203395811095,-0.0340127378853841,-0.997376314895292,0.0639032092107056,0.0292344090586885,-1.4549177404381128,0.0144212076778028,0.1152101071969309,-1.7054785108542072,-0.0261922230771933,0.1917194409656208,-1.924549910829724,-0.0382175317080474,0.1590419304761773,-0.8564777684463074,0.0716308287456908,0.2883862349786316,-1.0748380572743332,-0.1122706285373704,0.2029197249935424,-0.8246236172620031,-0.1614395218743255,0.139419633165292,-0.6810748186280234,-0.1273409100253593,0.3098640798873031,-0.6748400467640698,0.0642090377683301,0.3809900373679596,-0.8351745317828668,-0.1112452818163157,0.3030475554046458,-0.6761824893767555,-0.1304594941986883,0.2405491418096632,-0.5711281089721075,-0.0987596004830993,Backward,2026-07-28 15:04:21.781,sess_20260728_150120
0.0,0.0,0.0,0.2627569420290946,-0.3146553909046055,0.0716691756726373,0.4155895763175471,-0.7713332655085161,0.0668542505050513,0.5738817406727971,-1.112387849231882,0.0487215394213937,0.824545655339614,-1.2265665631752576,0.0243140715005246,0.3554929568611383,-1.0314752690357938,-0.1125750271562415,-0.0925629429583553,-1.3089673580886327,-0.1204545125081844,-0.1618218320869132,-1.106547875382912,-0.0944859422960864,-0.0961514107496692,-0.945750144334912,-0.0789180775643725,0.1402447988770402,-0.9735353913899628,-0.1804445568564767,-0.333471964710319,-1.1883227640009506,-0.1738831035020068,-0.3570609584518191,-0.9947999337167877,-0.1334402306345551,-0.2783938748733285,-0.8549948409461906,-0.1334133152770618,-0.1253179044889637,-0.8809358370737119,-0.231254488118292,-0.5432647530091989,-1.1171795918287803,-0.225832655731247,-0.5550872631159145,-0.9248794514642372,-0.1830901550592081,-0.4664813977567767,-0.7734604223834208,-0.1873511138629285,-0.4036224698377286,-0.7508608598343419,-0.2721712168909816,-0.7427446949970132,-1.064244190957923,-0.2883258167698039,-0.9466396339165124,-1.1997557699389434,-0.279560031462138,-1.0942778006712148,-1.3578233661418486,-0.2890408014573941,Hover,2026-07-28 15:08:21.579,sess_20260728_150120
0.0,0.0,0.0,-0.1720472901048226,0.3026287703188609,-0.2133094199740091,-0.4347187415514781,0.5984401984166495,-0.3642721925024407,-0.6071148606714161,0.8727418258154431,-0.4868089465493495,-0.6997700320517366,1.1094111018441748,-0.5788516843035477,-0.9382203265335716,0.3514137359242591,-0.294208065933282,-0.8304432571947612,0.4050487518237698,-0.428600144699245,-0.6055360547529822,0.3886446364994879,-0.4614198911285878,-0.6383894333632751,0.3818886100913042,-0.4867386316494946,-0.9590484082631492,0.0853096666441233,-0.2700896358340846,-0.7621976516296859,0.1706939189412381,-0.400891955930178,-0.5125314061182311,0.1973048292080142,-0.3988715846428072,-0.5910801654934433,0.1931362690929724,-0.4022929154858552,-0.8850178769160315,-0.1535646144816848,-0.26311366563937,-0.7001314064041904,-0.0663220507260405,-0.3965339574081519,-0.4740466581801885,-0.0042670924909772,-0.3542881630940855,-0.5286126220000125,0.0037391206344746,-0.3312711297234179,-0.7610371507282847,-0.3563797829240976,-0.2778551424490516,-0.6272310231058251,-0.2850781865677692,-0.3620535743797415,-0.4593888995715001,-0.1821370206533067,-0.3405941838204472,-0.4736273617383206,-0.1450882371939711,-0.326768802624412,Down,2026-07-28 15:06:57.456,sess_20260728_150120
0.0,0.0,0.0,-0.3356201764768152,-0.1598948850131196,-0.115218153348916,-0.4785019725617424,-0.579185293590006,-0.1436244114336965,-0.2605818629351845,-0.844058127030102,-0.1687114737263829,0.0186030489899525,-0.8220958267127662,-0.1922928458482889,-0.3609851089205495,-0.9479979478403128,-0.0288585805991476,-0.379429190585846,-1.330141485776115,-0.0918662692389908,-0.3772245855502695,-1.5676416803717692,-0.1640884967014046,-0.3623724340434381,-1.7620216475614356,-0.2295221400075022,-0.1665332228194578,-0.9851980227010156,-0.0406391653872721,-0.1951451184397358,-1.3824881279465528,-0.0917045054661338,-0.2071900661755784,-1.645723676816872,-0.1547274939043073,-0.207345089791233,-1.8546593720040647,-0.2044487731406206,0.0101570583849776,-0.9507713074176894,-0.0747496893199243,-0.0045731966618108,-1.3180302120252487,-0.1235721031635835,-0.0239976126810526,-1.5700840552082296,-0.1847274854633242,-0.0357689387159988,-1.7673400618169088,-0.2329784782801196,0.194825032676423,-0.8536046275578645,-0.1274354859829943,0.17406291056391,-1.1610120117653424,-0.1817479416089747,0.1487269464553859,-1.3665033432145224,-0.2182269272047237,0.1346344967098222,-1.5341022996137557,-0.2471064393326459,Right,2026-07-28 14:55:55.607,sess_20260728_144941
0.0,0.0,0.0,-0.1751590908196511,-0.275030351231341,-0.2706244319503574,-0.1777573996818973,-0.6292546798466385,-0.2862904372449494,0.082729142336115,-0.8588308606996686,-0.2630132030062993,0.3076183243693695,-1.005388770340282,-0.2160122610990298,-0.2945460595648596,-1.0022967752431808,-0.0134703699450163,-0.3655361466655381,-1.380752202878445,-0.0564506735884731,-0.4066529308376218,-1.630693809287512,-0.1006103758926433,-0.4399806404699541,-1.8350795329661191,-0.1246673765147456,-0.0603685085537738,-0.995119522777139,0.0780562525541162,-0.0245151687072603,-1.4254775479984474,0.0494950965448342,0.0486390431243677,-1.6796204710825071,0.011841681203285,0.1165504249378769,-1.877671939102341,0.0028758691503967,0.1212278339516221,-0.8811915699922934,0.1220312614237398,0.2066053484680789,-1.0455838759894776,-0.0530577794495978,0.1584870997704159,-0.814757320348597,-0.1418279190995442,0.1100272425492771,-0.6555016014003606,-0.1298240964930859,0.2647490220228055,-0.7391728855462474,0.147379053713045,0.3442263139912184,-0.9146704134574588,-0.0353249939782323,0.3139359677657277,-0.7711132824912326,-0.0920482459459039,0.276512014018176,-0.6415247989073635,-0.0815670598939754,Backward,2026-07-28 12:40:24.245,sess_20260728_123245
0.0,0.0,0.0,-0.2733136154900964,-0.1791733628244205,-0.1434921371320262,-0.3424623230996844,-0.5404046208467074,-0.178660429112891,-0.0992797551599013,-0.8049393781776197,-0.1960542407512294,0.172732122643717,-0.8436881952055232,-0.209020692150325,-0.4262682686389568,-0.9182558337806104,-0.1100432581718714,-0.5661753492771607,-1.2845044546059394,-0.1602648345130055,-0.6439610294380081,-1.509861684592895,-0.2104705242123628,-0.6940784732104855,-1.704547534606819,-0.2648775309030439,-0.2011508395790244,-0.974421431494333,-0.100205856022432,-0.2953184379644485,-1.4054101956313727,-0.1343183351922472,-0.3449043026587425,-1.653322826678381,-0.1765126026434326,-0.4015450916265523,-1.851265531557708,-0.2260603326119238,0.0211847223034402,-0.9367268835674936,-0.1086901624416353,0.035802671965794,-1.3131685366097572,-0.1813300634852381,0.0433910752682448,-1.558144929480719,-0.2591823606693184,0.045210956666876,-1.758223518281922,-0.3219401598292779,0.2486279625050387,-0.8247960349055935,-0.1293979377329277,0.3594402830172356,-1.1121379367711643,-0.2095413804393778,0.4483354502111964,-1.2966263439681944,-0.2629196486172215,0.5188279658453367,-1.4641846292933869,-0.3088831893479387,Right,2026-07-28 16:34:39.760,sess_20260728_163307
0.0,0.0,0.0,-0.2541421951344645,-0.2763657626627204,-0.0916335406967315,-0.4659539131326298,-0.6884763215847571,-0.2088870537890035,-0.4848198831830591,-1.0588007007643567,-0.3515211446070029,-0.3033320869419126,-1.2511968700328744,-0.4758287080484348,-0.2602323296555779,-1.0483418057460685,-0.0458594725381619,-0.3689676575968693,-1.4561153731336112,-0.2531167827025645,-0.439046414247251,-1.7017403987488944,-0.3257105483774665,-0.4648587370508462,-1.916007589435507,-0.3625200713655965,-0.0377358401269678,-0.9956743906579364,-0.0849029690756375,-0.1591381278686938,-1.2675326981449744,-0.2963424783320081,-0.2430458083484134,-0.8590821512253134,-0.2272941410798888,-0.1485987135613597,-0.7736340416830123,-0.1138806099448224,0.1965102905609807,-0.8884815230428251,-0.1615878621390673,0.0301772645252049,-1.100194115377382,-0.3601182240361504,-0.0647142707372072,-0.722690600636225,-0.2015663188419924,0.0386653463496552,-0.6535003999343844,-0.0421599118335227,0.4170427919414439,-0.7407857467762841,-0.252614451214648,0.2226117027999188,-0.876362354409642,-0.3600700424635933,0.1316513938555581,-0.6422457370887358,-0.2702116940214353,0.2277935374903134,-0.5757312792999671,-0.1750554038615907,Forward,2026-07-28 16:29:40.198,sess_20260728_162716
0.0,0.0,0.0,-0.2511903074326598,-0.2680137769510476,-0.1062234292103009,-0.3772456617450786,-0.6381727175218836,-0.1506910623449832,-0.4390973191330629,-0.957691385933697,-0.194796088980948,-0.5683261400560117,-1.163093089865344,-0.2358351816740768,-0.1510571656109234,-0.998049680506996,-0.0307048061596906,-0.1665114608810988,-1.382074197749767,-0.1111525969270273,-0.1752318360653212,-1.6052590908772515,-0.1936339904744416,-0.1870909110221115,-1.7973863512258794,-0.2577894229897693,0.035350417253359,-0.998497388283873,-0.0418725875758597,0.0749075250565731,-1.4067916763567487,-0.0971189664152565,0.0919498610200706,-1.639195785844898,-0.1499911255166514,0.0974689754921052,-1.835132193930472,-0.1949791838361628,0.2047838420202313,-0.9088206392990296,-0.0758265297762312,0.2724676122654689,-1.2875827743467507,-0.1315975918907263,0.3090392268076919,-1.503434479440345,-0.1717652136002576,0.3239126544062887,-1.6860364977793936,-0.2064903483044325,0.3640362970342335,-0.7500508525869859,-0.1256794940578305,0.4802419834118001,-0.971210940566527,-0.165558231428529,0.5304334825147884,-1.1188071110379247,-0.1813427874484545,0.5604443332559506,-1.2536413340446748,-0.1982880982704943,Takeoff,2026-07-28 12:34:02.543,sess_20260728_123245
0.0,0.0,0.0,-0.2609890693880882,-0.3165971374727184,-0.1261654116508937,-0.3711040566776423,-0.711309202408439,-0.1682050749707868,-0.4368453363388755,-1.053595178857981,-0.2047117060185396,-0.5953798868320834,-1.2654861381725535,-0.2363443975703171,-0.0951286559458391,-1.011934864157736,-0.0058990610879877,-0.0832057174086238,-1.388805675358909,-0.068470559919677,-0.0727016489801381,-1.631243956639164,-0.1463736835757181,-0.067432184295219,-1.8434313829336164,-0.2127534969964211,0.1051803266881101,-0.9944211642254138,-0.00797790814406,0.1936023731587937,-1.4001079699573415,-0.0538278906657247,0.2602886723555556,-1.6496997958582988,-0.1189080415129077,0.314344584339162,-1.8619388679917923,-0.1714688312860082,0.2757748758298344,-0.8807411242582139,-0.0343320768149302,0.3659997593587329,-1.2397081108044634,-0.0853020940489452,0.4382292461873311,-1.4624021878193534,-0.1424485998086039,0.4873597342291683,-1.6565805114023753,-0.1869610807996171,0.4322325683611465,-0.6860488252578132,-0.077502368111838,0.5496845423189198,-0.9022462529970336,-0.1098554446290462,0.6097097201064506,-1.0496430803442915,-0.1250049073008858,0.6481225047202306,-1.1824500574813952,-0.1409788784122033,Takeoff,2026-07-28 15:02:05.374,sess_20260728_150120
0.0,0.0,0.0,-0.1036946330864536,-0.5300017475698503,-0.2146219890322088,0.0639956250523541,-1.0482021290550525,-0.3079123687418266,0.2226578205683531,-1.418040411142614,-0.3689989638153534,0.3064771299237978,-1.7540798891096885,-0.3948843982630025,0.5970993583809188,-0.9873511854533616,-0.2172491848549533,0.0538547061396406,-1.0587441319367736,-0.3983298394538983,-0.1195579459238634,-0.853879341714272,-0.5004591856544008,-0.0568355255705793,-0.7535353089518722,-0.5681875427974054,0.6793936542805363,-0.703193361587254,-0.2096267128563447,0.0271733058089783,-0.7900551382679977,-0.3660010554603304,-0.1173661982461283,-0.604864863609383,-0.4027940679974494,-0.0143873834563671,-0.5199396187121053,-0.429949193533609,0.6392262713115641,-0.4002211114329818,-0.2304489945605048,0.0308757995542084,-0.5052031101337904,-0.3976805401934781,-0.0822993001328385,-0.3786990755531338,-0.3612075590181446,0.0107184287210221,-0.3165526743854969,-0.3261896917431156,0.5318462866404883,-0.1334132835630995,-0.2745773612151795,0.0679709027446504,-0.2222620602517079,-0.405545358156769,-0.0055653461799959,-0.1660677153716954,-0.3956181572681573,0.0892983058941171,-0.1226718566638703,-0.3687644835470371,Up,2026-07-28 12:57:26.241,sess_20260728_125637
0.0,0.0,0.0,-0.1236091280607352,0.2935237345338546,-0.1988123626753932,-0.3789316897892288,0.571640611942422,-0.3146173101944968,-0.5679292893151187,0.7978037806892146,-0.393981048233172,-0.7056864757788486,0.9739136503909162,-0.4363179149352511,-0.9564382360267456,0.3161616223853801,-0.2050702407455808,-0.7494998725677905,0.3470908954404881,-0.3172770477005447,-0.5250375764380806,0.3162977796151189,-0.3583791016449603,-0.5336725783422358,0.30453487679279,-0.3856094548380741,-0.9824769675898478,0.0765076871592518,-0.1699575887125932,-0.6933436480622789,0.1226285446730455,-0.2686382649157702,-0.4720955258305811,0.1252409385837609,-0.2734137939805688,-0.5231654691669042,0.1156457331661906,-0.2751304295835181,-0.9107390178957347,-0.1419429285235462,-0.1549952778394981,-0.6415024384920097,-0.0892990633419294,-0.2578076457254772,-0.4495030419348794,-0.0687689626213228,-0.226934349027459,-0.4940988510552259,-0.0718170378121094,-0.2041556324200539,-0.7883568074402966,-0.3353117105738324,-0.1607533299314952,-0.6108937250143006,-0.2933513524873755,-0.2313264851223228,-0.4535228492006681,-0.2473156751987675,-0.2142322235810487,-0.4692930472480112,-0.2402133163328964,-0.1914493135276636,Down,2026-07-28 14:58:20.431,sess_20260728_144941
0.0,0.0,0.0,-0.2962678998813569,-0.2364689913506233,-0.1196182979442152,-0.5279910528869178,-0.5480624847254437,-0.1933315843507891,-0.6911428399719647,-0.8077739474915399,-0.2673288376527882,-0.8734144807487452,-0.9756988309407288,-0.343418336617232,-0.2751707536899042,-0.9535116442742024,-0.0914564460461396,-0.392296009154338,-1.287671624205725,-0.2113050071025277,-0.4622010559929594,-1.5095612891662231,-0.3162695598299456,-0.5203550937270949,-1.708106668053864,-0.3942580808382934,-0.0447351041356806,-0.9915928487292424,-0.1214182556578522,-0.0342900274260229,-1.4090599217389768,-0.2251501888502416,-0.0175056744436108,-1.664037388332824,-0.3071403307071464,-0.0061128034766989,-1.877959373150664,-0.3663511947748548,0.1664823105988198,-0.919895569618124,-0.1742501826846852,0.2062757951418579,-1.2912616244409687,-0.2867861582336936,0.2294135789467778,-1.5225294844414643,-0.3660683490318853,0.2359196266473206,-1.727181535503312,-0.417730143255089,0.3617905719866546,-0.7698638589300543,-0.2397409720170234,0.5151935180370458,-1.0073509267824998,-0.3232535688367673,0.6147022451088094,-1.1673112833303114,-0.3628940861416282,0.6891369580846247,-1.3203411659010618,-0.3914130864098756,Takeoff,2026-07-28 15:02:22.833,sess_20260728_150120
0.0,0.0,0.0,-0.4141703823653324,-0.2527763415017259,-0.1043970060580068,-0.6661735929213229,-0.6926367566262498,-0.1323981371037535,-0.8114374379038267,-1.0840787803437295,-0.1806144316946229,-1.0138125783527123,-1.272752039709745,-0.1970155351241873,-0.4785175356847647,-0.9627841444545648,0.1284334671153981,-0.4389570794398508,-1.271187289748574,-0.0382276044539136,-0.3386587280406586,-1.0223681834138083,-0.1519178303447611,-0.3068431964982254,-0.7927227102014399,-0.1848321121690516,-0.2254188711694215,-0.9656090211819564,0.1295590627193933,-0.1887876990842782,-1.25651328016354,-0.0842127634511625,-0.1278161949872714,-0.9020501905554552,-0.1874796324138504,-0.1439694651259075,-0.6621730039475064,-0.1922615393952754,0.0070849436096804,-0.945632948507206,0.094339048090016,0.0585236263413004,-1.228776446106449,-0.0917765337342513,0.0471844202433069,-0.9172809920070536,-0.0911991935964209,0.0007402393798725,-0.6672011856325885,-0.015894111427953,0.2328708531240881,-0.8841085221396188,0.0465804362343145,0.365655895991356,-1.170474389964816,-0.0080565722675436,0.4652463979622442,-1.343979621325193,0.0048635244631791,0.5276505124834923,-1.5353848154558027,0.040463599255046,Hover,2026-07-28 12:59:36.402,sess_20260728_125902
0.0,0.0,0.0,-0.1770235007731569,-0.2505910683417271,-0.1850312208935459,-0.1978660404682476,-0.605848092096759,-0.1984408890523276,0.0517400742523867,-0.8331952949015639,-0.1812373295908217,0.2897137827158288,-0.9594584754390922,-0.1605344549821608,-0.2749974911277989,-0.9831754306903993,-0.0075700677986713,-0.361010831631613,-1.3501429290477038,-0.037105095947008,-0.4027851956562253,-1.5705148626376733,-0.0953242486005875,-0.4396382827382841,-1.779587610328235,-0.1520871127851525,-0.0766754453594089,-0.9967895547196224,0.0230534093095355,-0.1162444343455412,-1.4206572146709484,0.0099571182863713,-0.1286726029061095,-1.6579296450697798,-0.0500818506198974,-0.1352381432993801,-1.8669898394298767,-0.102271263536869,0.1107243858238302,-0.921665299893342,0.0232108783983074,0.164804876267272,-1.2956593207082083,-0.082635004192377,0.1856471188421151,-1.532142562589144,-0.2070186020430176,0.2191890236038532,-1.757431799138354,-0.2942180465756107,0.2857295487544281,-0.7698364819233786,0.0115988318418378,0.3141629165375061,-0.9851119119047196,-0.1260589241221184,0.2493944165441551,-0.866432354289172,-0.1643924499783242,0.2048531202129286,-0.7164057934616351,-0.180768640970106,Left,2026-07-28 15:04:45.924,sess_20260728_150120
0.0,0.0,0.0,-0.3585973580831444,-0.2349991519736983,-0.1124055100733261,-0.580024478085252,-0.6074365307263785,-0.156983411911752,-0.6956784148799491,-0.936340157747162,-0.2019617205191422,-0.8327505162546963,-1.1584417102535085,-0.2445564180643462,-0.3914694659853115,-0.9537861876698376,-0.0297401166512121,-0.5186746249700736,-1.335472865206484,-0.1176274937485886,-0.57550324110536,-1.5752805442207074,-0.2002434274288144,-0.6124554855121207,-1.7788202764733383,-0.265713177855724,-0.1689760529244797,-0.9846122653432332,-0.044562096828249,-0.2044939916239301,-1.4050386650392257,-0.1197218738908938,-0.2159475060268762,-1.6628190867179242,-0.1905004212332452,-0.2194716775022187,-1.871416891184679,-0.2446684303058127,0.0460500489395842,-0.9243129210612916,-0.0830666935403716,0.0380393829371881,-1.3039439605797396,-0.1618733370879244,0.0378015901488708,-1.540619500240774,-0.2220241359380225,0.0298424802308105,-1.738435048806957,-0.265251296246598,0.260120347323334,-0.7952235201590013,-0.1355529695204363,0.2947394430083586,-1.0603732878958465,-0.1971142476179043,0.292523646571766,-1.2354354465031343,-0.2246684869641663,0.2766457451377049,-1.3928254490008765,-0.2457872659629656,Takeoff,2026-07-28 12:33:37.143,sess_20260728_123245
0.0,0.0,0.0,-0.2907619270568305,-0.2255822725943071,-0.1524217774668229,-0.4757887848655773,-0.5619320157853985,-0.2162987964501909,-0.5793842158369927,-0.8825334636997486,-0.2712136582467496,-0.7242591932452578,-1.1076077987122852,-0.3185664320265592,-0.275845233210617,-0.958061510050154,-0.0554334118460197,-0.3710431763541015,-1.3113974721359078,-0.1435828411423311,-0.4250006022931445,-1.539514623680075,-0.2325364904233089,-0.4701105194155776,-1.7374961897608825,-0.3019033891152489,-0.0733267279475204,-0.9960557708490366,-0.0499609079865635,-0.0853942878279294,-1.4056150149003075,-0.1185832238836698,-0.0829277797298418,-1.655510269043122,-0.1839791595345342,-0.0880224884602798,-1.8606868044233384,-0.2353123400357611,0.1128146932267142,-0.9324965264820356,-0.0715697692049919,0.1255949547689215,-1.2851760308176938,-0.142214535494896,0.1360055843434832,-1.5094125963870808,-0.199536734285409,0.1304231495980574,-1.7045392786598097,-0.2421512024369731,0.2960464851249117,-0.7963135682162683,-0.1115607411406119,0.369279682304768,-1.031338406031296,-0.162609330584901,0.4012839316597897,-1.1891947849187867,-0.1871222149831491,0.4153503457999656,-1.333725747521396,-0.2076338712614409,Takeoff,2026-07-28 12:33:51.943,sess_20260728_123245
0.0,0.0,0.0,-0.3576674277398072,-0.2468974723572368,-0.0983546661620818,-0.5936103589356044,-0.7053359057792749,-0.1484489437919687,-0.5459292898960422,-1.110660452197273,-0.2206288328187731,-0.326171118271215,-1.3137253151382742,-0.2913870302584102,-0.3837810565762866,-1.0276445856170242,0.0282785769297916,-0.482772839304029,-1.4699140089275151,-0.1161136261388353,-0.5460609702875513,-1.7400759490387063,-0.2153205893506503,-0.5644725543136596,-1.977071764214171,-0.2938690145946186,-0.1236925266274421,-0.9922960888424016,-0.0069735876413977,-0.1925517726037505,-1.3009647117068794,-0.2527776032506019,-0.2229869971907271,-0.9285836543751276,-0.3232182254218984,-0.2011711069354409,-0.6682307385305214,-0.3104413599747085,0.1406907597564327,-0.9097247484245722,-0.0675951797759149,0.0707402346686085,-1.184867804548617,-0.3175740711461361,-0.0197925040837036,-0.7922117877992318,-0.2724957400643661,-0.0233902770452047,-0.5359645416845095,-0.1728061700815115,0.3995708681647968,-0.7784694991278107,-0.1380739757478993,0.3050269564391403,-1.0335404749653725,-0.3115615519251951,0.1869846648698709,-0.7868511936871386,-0.2772875596899214,0.173273688733161,-0.5918544339980143,-0.2113464136281405,Forward,2026-07-28 12:39:37.318,sess_20260728_123245
0.0,0.0,0.0,-0.2421841417704092,-0.1115716550678586,-0.244501763765104,-0.2984496440964112,-0.4110078120312214,-0.2928222307318796,-0.09898228298895,-0.7134367871141087,-0.2946121966269366,0.0941619695712197,-0.9070924649260552,-0.2920001141899254,-0.5234931248035379,-0.8745769360711888,-0.1747812958254363,-0.7032802377946188,-1.2834724880579638,-0.263860842040158,-0.8152579029902509,-1.5501765294611702,-0.3424528763708333,-0.9019425943288472,-1.7779468619723968,-0.4041549253639913,-0.2773793014907224,-0.9531720060336346,-0.1205149369096449,-0.3667504594877896,-1.409986736953277,-0.1585025180803023,-0.4070376553985409,-1.6908574197310575,-0.2172827152788834,-0.425878719976568,-1.9384347323635456,-0.2653361815668164,-0.0393401687429784,-0.9141980918853158,-0.0942141051970783,-0.0468192458685029,-1.3072907295146952,-0.2044902257052817,-0.0308384210031908,-1.5659918561795831,-0.3229914410897079,0.0022192941720606,-1.821332111237386,-0.408405619344595,0.1743091243287162,-0.7829818067805181,-0.0834256778814636,0.1882203229113374,-0.9190837051153552,-0.2255635589704186,0.1997202854493528,-0.8386249821073919,-0.2743254742551189,0.2252573690730649,-0.7500877908592647,-0.2964156542187517,Left,2026-07-28 16:20:43.131,sess_20260728_161633
0.0,0.0,0.0,-0.2546066014690596,-0.0537967249477671,-0.1971619219235101,-0.4031024501304528,-0.3203121678305863,-0.257261411606403,-0.2179724082088568,-0.5985937251385777,-0.279235537498003,0.0269093235334646,-0.7786700966892204,-0.3008085352517433,-0.5713227643769497,-0.8257653386423497,-0.1531630432605076,-0.8325097330191771,-1.14695439123942,-0.24335445065593,-0.9656211515234836,-1.3592226951375033,-0.3224910075597745,-1.0756249461946916,-1.5570197572962203,-0.3865347490210956,-0.3571927905863347,-0.9224238489286024,-0.1467908487641172,-0.536330086961523,-1.3491040823839704,-0.2229618074299468,-0.6350065205428456,-1.6196973503829848,-0.2999526980517953,-0.7114069715350277,-1.8645105171994163,-0.3523675326777353,-0.136805995225221,-0.9045242054187153,-0.1638122762440782,-0.1707613366190199,-1.2756270470414688,-0.3322832955767373,-0.2216131902260118,-1.5514422104677017,-0.4812917486840698,-0.2598699312562548,-1.8253325029982868,-0.5720972474990702,0.0950410932249525,-0.778229322165642,-0.1866592833945847,0.1076948202621561,-0.956384942935231,-0.3607860151260372,0.0636507952491415,-0.8092326403216341,-0.4007266003481619,0.0285962383767892,-0.6413312851351447,-0.4117913235671638,Left,2026-07-28 16:33:24.440,sess_20260728_163307
0.0,0.0,0.0,-0.3110521786781912,-0.2490975154539314,-0.1465728630693822,-0.5183923756721149,-0.5883841374715105,-0.228920439228567,-0.6708425286500928,-0.8869945973991955,-0.3091272691997317,-0.8665223585846484,-1.0440290077621812,-0.3902211456069632,-0.196518721669406,-0.9606505898785755,-0.0824427191185201,-0.3012110769338096,-1.2960687842317775,-0.1822480739173181,-0.3543817612899337,-1.5035892324297078,-0.2807057549331688,-0.3862056157097843,-1.6970970134276158,-0.3598804603702491,0.0316454451989507,-0.9943532670671936,-0.1012923791356398,0.0763098515686347,-1.4015323164234923,-0.1881414550102559,0.1006873577096916,-1.6510980025836934,-0.2640023889817594,0.1182781209510927,-1.8531216661942405,-0.3243597019986416,0.2251438408543631,-0.9210302349627082,-0.1467709420384564,0.2883868396914921,-1.2981445237659923,-0.2484769273703024,0.3137539293282183,-1.5312782733425692,-0.330535761713337,0.3277894897468514,-1.7241380271408668,-0.3874121213693449,0.3946350566866333,-0.7710811441896156,-0.2093784457396112,0.5504047263632111,-1.0094810357545805,-0.287348538081693,0.6573128995914153,-1.1624451020193092,-0.3346766274505336,0.7408513945783357,-1.3017691079524438,-0.3734615553140608,Takeoff,2026-07-28 15:02:17.538,sess_20260728_150120
0.0,0.0,0.0,-0.3514354286849663,-0.2329878244575364,-0.1401104872437701,-0.6161509150760452,-0.6472452905266757,-0.2096560296055369,-0.6135998554265951,-1.0698531081941365,-0.2905369453137442,-0.4139085141580759,-1.3006617654396553,-0.3611428358198773,-0.4866095099275098,-0.9844516520890916,0.0086997233455851,-0.5934592614293517,-1.4397594992599752,-0.1141404861445133,-0.6611186423957274,-1.70763895035959,-0.1897583675568546,-0.6854315789000303,-1.94248294672959,-0.2509245513499556,-0.2384292076364436,-0.9711333512823468,-0.0071782290974684,-0.2717687385860974,-1.281446926787399,-0.2493053934614222,-0.2745748859211886,-0.9496195245811412,-0.3152467026561455,-0.2646704279070154,-0.6903042015387209,-0.2946927678999225,0.0039684368722814,-0.9052232996972576,-0.0504440239855604,-0.0361526244202193,-1.1509307777594788,-0.3062390501394399,-0.0891684550485723,-0.7968023506304368,-0.2732647625304322,-0.104091861528993,-0.5502726694797069,-0.1746438509543717,0.2453455478454033,-0.7978718727004377,-0.1049850797296351,0.1654030230509899,-1.02841255535108,-0.2743792059897174,0.0907103143308245,-0.7966318047252392,-0.2440178763229223,0.0723149368714948,-0.5996311769878109,-0.1778341607096245,Forward,2026-07-28 15:12:18.204,sess_20260728_150914
0.0,0.0,0.0,-0.2885031977489664,-0.1977266668837095,-0.1233336469967944,-0.4903785486131114,-0.556767318684679,-0.2052844467610135,-0.5198736117959344,-0.8838168496402163,-0.3082642359814331,-0.3661630649175966,-1.081014295524786,-0.3979725374574008,-0.3075192016283109,-0.958940339774508,-0.0623486573250965,-0.5089578242880377,-1.3602971470451513,-0.2248838922259481,-0.6314653887555597,-1.6112868737909958,-0.3184886281507101,-0.7081341168616985,-1.813391195013743,-0.3632298339561852,-0.065964753777385,-0.9919290726183184,-0.1082837298658104,-0.076005993055934,-1.53752464987244,-0.2749111275388561,-0.0828635617114532,-1.874110297145809,-0.357343829581138,-0.0768567551955767,-2.134743606542644,-0.3770570388439646,0.1572559220392411,-0.9144416351032542,-0.1795108342932949,-0.0983950984169749,-1.192602719035699,-0.4150135160194431,-0.2395004215209315,-0.9588178999029122,-0.4503248630389651,-0.2903776975920731,-0.7349073494976639,-0.3937003607784481,0.32816732119731,-0.7848299065190754,-0.2617198691051712,0.00765124417987,-0.9811727688922138,-0.41698187343291,-0.2108873933366748,-0.9474425339470448,-0.4167964979075704,-0.3490897216761197,-0.8814446356184316,-0.3724971284667616,Backward,2026-07-28 16:18:34.380,sess_20260728_161633
0.0,0.0,0.0,-0.2133736958559358,-0.4999418689168959,-0.0656441361437032,-0.3293518913000495,-1.0210755942993268,-0.1181023849126441,-0.4074545073519922,-1.3988324280584234,-0.1653292621557655,-0.426956521296999,-1.689088583362518,-0.1923794346228022,-0.0914579051661056,-1.2106275611435633,-0.1347864040257465,-0.6543800745010424,-1.2140427885606069,-0.2482268189750566,-0.6405026196162092,-1.0348292651808777,-0.2912775657685506,-0.485442949006012,-0.9862111562248628,-0.3128504277287688,-0.0670974239416086,-0.981992934387377,-0.176600714929665,-0.710802323875276,-0.9750731409390818,-0.2788263474490101,-0.6071510142539638,-0.834113043123897,-0.2741692869667786,-0.4311231847495658,-0.7886433743676418,-0.27859716494311,-0.082315879508581,-0.7353803595443934,-0.2282929651618101,-0.6699511016619086,-0.7387318739615195,-0.3282224395238472,-0.5499689478641901,-0.6189316005940051,-0.283681041093519,-0.3684630289922653,-0.5876966095409887,-0.2550859709867916,-0.1190431768795189,-0.4795110580922438,-0.2886721340908117,-0.5743310526293185,-0.5074973882211132,-0.3601179922164998,-0.4980742706369572,-0.4289619011332323,-0.3412646266332522,-0.3379807026001152,-0.3945807516132358,-0.3177234849342042,Up,2026-07-28 15:06:19.167,sess_20260728_150120
0.0,0.0,0.0,-0.3752834650329209,-0.1862107635323129,-0.1467791117675737,-0.6470946286827272,-0.5242987839677097,-0.2164035389819163,-0.8137637152249195,-0.8330315500407569,-0.2750007592165236,-0.9961973543234532,-1.0284455345161592,-0.3283881016197988,-0.422394851400944,-0.9216643213678822,-0.090592688446259,-0.5627230365672541,-1.311564569437088,-0.1983587237051017,-0.6443851057326043,-1.5654737144047748,-0.2965220252683387,-0.7051482991851947,-1.7892851149444302,-0.3710265946539827,-0.190445916421616,-0.9765756833860452,-0.1001513231935029,-0.2387830642321869,-1.422595994182917,-0.1857197670782454,-0.2602534745019535,-1.7062180595950034,-0.27072195348221,-0.2755357131715488,-1.947103075773977,-0.3311665203362742,0.0406299616575021,-0.9250891764821052,-0.1323239595918649,0.044726800746762,-1.3387634690049313,-0.2202692965352009,0.0395680180700086,-1.593782606155218,-0.2911551625796261,0.0249997188516118,-1.805902094841126,-0.3377443468929549,0.2735087936323378,-0.7959300265195365,-0.1792284954522872,0.3481275654759154,-1.0850060426989658,-0.2515263003647275,0.373704737914366,-1.283265078498731,-0.2837721738766901,0.3850017286159446,-1.4561859662117878,-0.3029197348767882,Takeoff,2026-07-28 15:09:24.907,sess_20260728_150914
0.0,0.0,0.0,-0.0864691566715172,0.3282325742577321,-0.1959919481269155,-0.3390913040222326,0.6594646943290485,-0.311594375626588,-0.527404079532912,0.9453213916051308,-0.4036148899235191,-0.6139405792000148,1.194259745787859,-0.4616850614056083,-0.8902335706499164,0.482513688879513,-0.172932443366484,-0.7533297626633736,0.5159323221651433,-0.3147569952864924,-0.5104305182296102,0.4372437513522015,-0.3763780872665415,-0.4577117700847412,0.4031398702591236,-0.415533693481574,-0.9612670499331036,0.2272343382415184,-0.1559814547850079,-0.7249773610688491,0.2580948756196308,-0.2775916653476765,-0.4529482379680358,0.2455749561023736,-0.2871300159420001,-0.4749289417044784,0.2478850021830694,-0.2898869831563515,-0.9102818993301166,-0.0170262726731055,-0.1659214403806262,-0.6957792014814843,0.0039144601231538,-0.3050738603780758,-0.464163941884623,0.0385884118668842,-0.2659088749157473,-0.4852399859552063,0.0707005160041781,-0.2300285331206445,-0.7957944298527592,-0.2357323114616092,-0.1973166573829273,-0.6548893724414167,-0.22906973188072,-0.286852640335299,-0.4751703010015629,-0.1491167760039586,-0.2578800360133248,-0.4720632690139662,-0.0821087758677527,-0.2277790457133234,Down,2026-07-28 16:24:44.075,sess_20260728_161633
0.0,0.0,0.0,-0.2708182714633002,-0.2499025474056997,-0.1281105973285086,-0.4189305247559707,-0.608035037109944,-0.1709474075587995,-0.4840453503711044,-0.9312146859856728,-0.2075615045887283,-0.5952308701115054,-1.15857919792194,-0.2348851344562827,-0.2332610032225738,-0.9839808649429618,-0.0165087405901044,-0.2777001564952884,-1.357265508616162,-0.1002999203859375,-0.3055988581505229,-1.5896619633869709,-0.1865121908459366,-0.3331308836141529,-1.795005892329325,-0.2498452599915619,-0.048033459766284,-0.998697941351237,-0.0171816379801847,-0.0212805026071878,-1.4285110980502769,-0.0724420988995006,0.0003519263377433,-1.698413412214436,-0.1326051624463494,0.0148992500419305,-1.9238422430366595,-0.1762492144958959,0.1207619701804192,-0.9145528715355448,-0.0436209464513471,0.1589823780497168,-1.2751545385300438,-0.0978192062947824,0.1835780612610287,-1.5069730750501469,-0.141756185266627,0.1929522403133,-1.7085840833752173,-0.1745023379805112,0.2844234159059262,-0.7566024657173869,-0.0881031983010697,0.3753818831280752,-0.9702012236912048,-0.1233911724136814,0.417266982758491,-1.1082389817707858,-0.1316871026461095,0.4489315549969448,-1.2343720551681017,-0.1383673416496518,Takeoff,2026-07-28 12:34:08.440,sess_20260728_123245
0.0,0.0,0.0,-0.3016253812812999,-0.1642755292002271,-0.1284863032332066,-0.4636494807451449,-0.5518431291614896,-0.1690542789720665,-0.3337134535709359,-0.8705724254503222,-0.1941030972219332,-0.0712923113854838,-1.0135523581648862,-0.22704749681829,-0.3487128942114533,-0.9485102055939364,-0.0616952623655557,-0.5363756356695393,-1.3251916457032549,-0.1561479420268598,-0.661261908963886,-1.5423569266823394,-0.2388896197173856,-0.7478251610347921,-1.7260169712673006,-0.3022557830395511,-0.1085181638212327,-0.9898675612840598,-0.0915752108292199,-0.091478982653906,-1.4851617499694616,-0.1831882259646989,-0.0923548366553313,-1.7707946397017489,-0.2582366614829313,-0.076765076296068,-2.0022153262862474,-0.2957734347414179,0.1137600618465419,-0.921179152088384,-0.1424193806053359,0.1697012683926139,-1.3952496789414277,-0.3266475638329794,0.1500828735375327,-1.6973364266048545,-0.45070221669208,0.1717177899710634,-1.9559725128192136,-0.5135685480641871,0.3139234148444344,-0.7560815545519198,-0.192981019499134,0.1579655595503609,-1.046356029625653,-0.3873569945100494,-0.0007984085217691,-0.918510736491424,-0.4118899810440178,-0.0811012883799704,-0.7331042008192246,-0.4015773879987117,Left,2026-07-28 16:20:10.513,sess_20260728_161633
0.0,0.0,0.0,-0.3177195810236932,-0.1491349094227882,-0.1189290752967534,-0.46521277193516,-0.552035451248755,-0.1491650965669514,-0.2937099614318935,-0.8266662219552582,-0.17542844941546,-0.0322085557863976,-0.8068439707489802,-0.1930241044816698,-0.3022150248476495,-0.9673023000824524,-0.02240036534547,-0.2926511858526748,-1.3448840661735182,-0.086773586698386,-0.2703977914195738,-1.582959069098665,-0.1540460965022936,-0.2406716055180364,-1.775262436704014,-0.214106836233188,-0.1270639585953172,-0.991374446330386,-0.032116313443609,-0.1247443086830457,-1.400340827134526,-0.0888685378606305,-0.104106608523226,-1.6744573452003852,-0.1471160473666714,-0.0792049739301763,-1.898499599580341,-0.190965895434448,0.0309576117547023,-0.9526797601214644,-0.0662854831042749,0.0253089139183804,-1.336081984019918,-0.1244672300456363,0.0282252722149812,-1.5938154224213623,-0.1890769980253714,0.0337917882469653,-1.80382622946803,-0.2355852391301743,0.1890471190629744,-0.8518752164965312,-0.1187623318399939,0.153232425702234,-1.1685658813299151,-0.1800286786405239,0.1339370968314353,-1.3764545487340698,-0.2252778773816625,0.1261878320762392,-1.54514996031632,-0.2582345957693003,Right,2026-07-28 14:56:05.178,sess_20260728_144941
0.0,0.0,0.0,-0.1466434697075372,-0.3161596561848334,-0.2451395176177228,-0.1365599041865881,-0.6653619335232656,-0.23284982840341,0.1090994747494104,-0.8891953602279017,-0.1786960556697496,0.3312344517812662,-1.033292210176775,-0.1001285850937239,-0.3298515231885782,-1.004721580492166,0.0312921696762567,-0.4042111325407599,-1.38242261380212,0.0332893538864701,-0.4477632877412968,-1.618755587402205,0.0220278392328764,-0.4786658201171719,-1.804762195334324,0.0201478641726998,-0.0985562640255854,-0.9860112105784116,0.1344193268656482,-0.0804535057429072,-1.394654555426201,0.1461669119892721,-0.0146530460724696,-1.6481702435099936,0.1216226887717252,0.050157153550992,-1.832997113000573,0.1180998220799574,0.0900234077671824,-0.867454993466211,0.1915810031910997,0.2042072319939375,-1.0416046989186376,0.0475934894331253,0.1891136015670312,-0.8406887405409654,-0.0731760038993113,0.1586703376974226,-0.6890654923348725,-0.089200625870401,0.2374944045864044,-0.7402159195057162,0.2357403368216116,0.3208584190127242,-0.9073168780017316,0.0600585874236381,0.3498726466246457,-0.8264960177252687,-0.0398710653530003,0.3676087284276654,-0.7445060418516534,-0.0637628264994063,Backward,2026-07-28 12:41:14.790,sess_20260728_123245
0.0,0.0,0.0,-0.0843172933691978,-0.3142684430053198,-0.2750152978033572,-0.0337848084507827,-0.6693169875166819,-0.2753195228131265,0.2192931991519446,-0.90625740726588,-0.2295328063308243,0.4448764756876203,-1.0838385431815862,-0.1610224922185797,-0.187288347261704,-1.043018052533844,-0.0184442176215102,-0.2228733068438789,-1.440099116234671,-0.0479831327744888,-0.2512408330914434,-1.672927460780857,-0.0771564378991911,-0.2598952695728609,-1.882448170522258,-0.0939941983173288,0.0488634213521902,-0.995989857093996,0.0749437830619687,0.0922718285398369,-1.460219994615703,0.0535154999711282,0.1462667966322523,-1.6991313336217275,0.0199889293183015,0.1916714548629672,-1.8961994332536671,0.0113233970328961,0.2293166149625689,-0.8603445190021043,0.1225326435609443,0.3506923630045656,-1.049539836046276,-0.0556895592634036,0.2775697705552978,-0.7974836028704203,-0.1443791654385911,0.228326549554839,-0.6644322042606162,-0.1382050961213993,0.3659174751173154,-0.7045200217062882,0.1543549250162518,0.4483692507178957,-0.8551979149064206,-0.0260052894241712,0.3815328384544755,-0.6774933086759555,-0.0737523573355166,0.3210899564640534,-0.5627139223422495,-0.0622011845966936,Backward,2026-07-28 15:03:57.083,sess_20260728_150120
0.0,0.0,0.0,-0.3049756725846108,-0.2217944414804458,-0.1934806199381303,-0.4509991493888137,-0.6593910444960207,-0.2378941657551639,-0.3282294432909465,-1.0721225670497758,-0.2684860641777338,-0.1329417940986624,-1.3177828460150196,-0.2834118390454161,-0.4870831236501067,-0.9978616425131964,-0.0137743630936686,-0.4731355645431906,-1.4532504483978026,-0.1161700737371695,-0.4357714194584788,-1.7339995899391762,-0.1740551532049555,-0.3970603672972448,-1.979974058946808,-0.2175153769429359,-0.2412018735356987,-0.9703305017051788,0.0167443621390836,-0.0891609053127844,-1.2916640773699015,-0.1994906564936479,-0.0911331204878288,-1.002932538443445,-0.2543228834149577,-0.1382612031238008,-0.7558647601210843,-0.2151768274071065,-0.0058096556590467,-0.8866716297038028,0.0189127209881794,0.1231211836975447,-1.11595981089383,-0.2320059625855202,0.0397305278753078,-0.7878343914132763,-0.2047973141275683,-0.0307516417077759,-0.5716648626943975,-0.0992416021756642,0.1929135334707729,-0.7657726573040388,0.0070731990692426,0.2531253114929345,-0.908540993915206,-0.1828310631772847,0.1657523021799566,-0.6670604170748804,-0.1663346691306634,0.1079415462416684,-0.4953207077553891,-0.0967460966525013,Forward,2026-07-28 15:12:28.015,sess_20260728_150914
0.0,0.0,0.0,-0.0493367358608028,0.3159897849616649,-0.2289168361677602,-0.1934421470092399,0.6431686368267626,-0.4030005954921824,-0.2750385668513854,0.9122578953527468,-0.5440406968411523,-0.2978751248574158,1.15825612541453,-0.6597257373971177,-0.8395508524873255,0.5219815195612136,-0.3259368717214426,-0.5930197739796376,0.4633111126249543,-0.4765353534820359,-0.37511475658559,0.4014297636553303,-0.5428600722735931,-0.3903515076153813,0.4113053959121755,-0.5918398890876562,-0.9238723876320276,0.239737201857642,-0.2983050207699573,-0.5928082727494897,0.1997035611645309,-0.4161835718029463,-0.3432514015517386,0.192775995324504,-0.4275538642129899,-0.4028554672030791,0.2219132487361935,-0.4469470947099518,-0.900935482327022,-0.0325280057974487,-0.2868127463548131,-0.590091176654159,-0.0584179948842215,-0.4125004828628646,-0.363198386181892,-0.0293882931929721,-0.3865999873281222,-0.4045115407038601,0.0207650295341073,-0.3770697384669808,-0.8056351164469325,-0.281354164259777,-0.2987888105363631,-0.5847572031120895,-0.3044541339256175,-0.3949071569952149,-0.3964449043700804,-0.2175797677833304,-0.3862483429470977,-0.3970679152929492,-0.1276821176334547,-0.3763025962313531,Down,2026-07-28 15:07:41.200,sess_20260728_150120
0.0,0.0,0.0,-0.2179014859132676,-0.2340113764747308,-0.2258456929793364,-0.2410201789610117,-0.5631008416624154,-0.2903678388544804,0.0326118744547178,-0.7938614001612448,-0.338918049619952,0.2737497744470852,-0.9503907259970448,-0.3681571270726618,-0.2317672343335277,-1.0213503874324448,-0.0582941764974267,-0.2965326941944523,-1.4182611930165827,-0.1808696215391062,-0.3287576278488421,-1.675911167276321,-0.2698364680122953,-0.3624244115577925,-1.8878495999016047,-0.3179994517256909,0.029042959223877,-0.9991704569921912,-0.0285465303239418,0.1323555804079495,-1.4418353125953585,-0.1444291120644611,0.228783632364363,-1.7220993180711572,-0.2212284165029981,0.3152496941135533,-1.9519657692351804,-0.2464339563564319,0.2235641179917495,-0.853668836621333,-0.0358854615839445,0.2922437842545122,-1.0253521868691635,-0.2575482708658709,0.1906828090792482,-0.8047352453116489,-0.3094604905205986,0.1255178133410848,-0.6468087246939729,-0.2658892353150343,0.3679363320909645,-0.6622809179238802,-0.0587962441726442,0.4067029769418738,-0.8014470714826366,-0.2422285424732299,0.3377174506863977,-0.6734407285705133,-0.2499948386475951,0.3006833445401194,-0.5753808985247567,-0.2012077187792041,Backward,2026-07-28 12:40:18.727,sess_20260728_123245
0.0,0.0,0.0,-0.3522930387421917,-0.1825570669616636,-0.1065401502620253,-0.5633810738703645,-0.5435690939865494,-0.1450748306899001,-0.6342066275571473,-0.8502493396868426,-0.1815439775793098,-0.7023293775151882,-1.0711838355011407,-0.2172902169829624,-0.3298072153081233,-0.9412957529491824,-0.0727798176181998,-0.4426041121189181,-1.3225614025798345,-0.1664980678780221,-0.5007067134516658,-1.5631680503454473,-0.2498838191783694,-0.5452763550138637,-1.7641514696610685,-0.3140554244815172,-0.1137147004472392,-0.9893444919134974,-0.0909199825264965,-0.1540018921813167,-1.407412019676182,-0.1723704936671661,-0.1795217331026496,-1.6661704831542212,-0.2451254826798703,-0.2042693757293836,-1.871218858432243,-0.301565634473609,0.0892812318780482,-0.9445452897445428,-0.1289311309398377,0.104906930203219,-1.352671431791611,-0.2169077195750331,0.0960238342424228,-1.6056290837602665,-0.2863178811040673,0.0794638776339392,-1.8095744857757496,-0.3353881793948032,0.2882509680757812,-0.8280664280186827,-0.1786336990364967,0.3835630108605536,-1.126582316733397,-0.256525517991558,0.428953702735609,-1.3293574642635908,-0.3030351075707321,0.4536159274621544,-1.511604745073543,-0.336181878427977,Takeoff,2026-07-28 14:51:09.848,sess_20260728_144941
0.0,0.0,0.0,-0.2976331219974544,-0.2159088511477742,-0.1716356968148826,-0.518583061200121,-0.5935256554743076,-0.2613154481910882,-0.5171116554547877,-0.9711909905669168,-0.3540421009496582,-0.3380999942519509,-1.2115845186246998,-0.4308839594301698,-0.4523326349745316,-1.0076330687661823,-0.0495468893419694,-0.4796115431753368,-1.464293543456497,-0.1774337991772646,-0.4819035806339696,-1.7336476250850978,-0.2488707473066444,-0.4605410345844286,-1.9676502126140296,-0.3020194738206671,-0.2059475492408091,-0.9773466112057844,-0.0487771311812612,-0.2134262670525618,-1.238826757123526,-0.2969421914117844,-0.1856263774562334,-0.9206380488762528,-0.3637955852431241,-0.1881022614083682,-0.6528854825281549,-0.3393044345462229,0.0308429316057377,-0.8973423757351024,-0.0747011957542272,0.0294760118754258,-1.0754173297729432,-0.3301975819666045,-0.0035909145197171,-0.7370532231242699,-0.3016519619186114,-0.0466207725863576,-0.4934262422342091,-0.20337695689444,0.2500098631387238,-0.7844279428918097,-0.1152414187304909,0.2230798150903258,-0.9427814784929974,-0.2874286220388586,0.1523493019788851,-0.7251432660914008,-0.2636974622332805,0.0942212147416346,-0.5404471220132706,-0.1977811830080697,Forward,2026-07-28 15:12:38.620,sess_20260728_150914
0.0,0.0,0.0,-0.3429131623750581,-0.1287482893141163,-0.1201968706339021,-0.4600687411526596,-0.5634310796188445,-0.1528074101894616,-0.2608341848189304,-0.8346960399011981,-0.1792986908762678,0.035230020568083,-0.795589228865676,-0.2006379009030491,-0.2329337393544539,-0.980618015470168,-0.0395006118693029,-0.207767829054684,-1.3740018754768577,-0.1091741483936275,-0.1908767857332813,-1.646548548129372,-0.178815314285155,-0.1662569372721047,-1.8600254992807537,-0.2389003669279787,-0.0474944534558203,-0.9974715222190546,-0.0528662392546962,-0.0385823762287761,-1.4166441676151504,-0.1161982002412973,-0.0173989885521427,-1.7145807270696682,-0.1813873359777916,0.0197531033980357,-1.954549632163158,-0.2242370736112163,0.1146470502388073,-0.9451278076223912,-0.0876887280308526,0.1263352594504328,-1.338469325049487,-0.1497848978377594,0.1352850389743753,-1.6132028137842953,-0.2139073485896997,0.1629757602334679,-1.83794645418176,-0.2552446647977126,0.2696038219396708,-0.8152713193660373,-0.1400186253571692,0.2523222491121543,-1.1408802875354398,-0.2048613660620232,0.2396773130434123,-1.3625386371137571,-0.2438551945001369,0.2501598773762013,-1.5498356104720907,-0.266652364777305,Right,2026-07-28 14:55:59.592,sess_20260728_144941
0.0,0.0,0.0,-0.3163749851368859,-0.2351450610909148,-0.2186466299969616,-0.4816412021881717,-0.5893668042164295,-0.3230527148665451,-0.3294574679777884,-0.933596592109794,-0.4125109211656121,-0.0885055946565688,-1.137120841450262,-0.4670108497046978,-0.4403794013672376,-1.0098358287273117,-0.0595063037870756,-0.3144565363828346,-1.2589365559131889,-0.270436187588515,-0.3283270304570833,-0.9932815468983311,-0.4034066216293731,-0.3507473746177346,-0.7992146415437594,-0.4616524564494636,-0.1788442393241487,-0.9835355853906024,-0.0259324185322536,-0.0386295546084619,-1.2541802993704976,-0.2326462424362407,-0.0758250149267179,-0.9176083603563636,-0.2993205364303369,-0.1272828210737925,-0.7285894276047801,-0.2945295913716673,0.0620697713685192,-0.9209182040291009,-0.0356869813182501,0.1792636000543528,-1.152774733345984,-0.2647417351645955,0.0916219686105597,-0.8129775936610645,-0.2320783785820771,0.0055196306165408,-0.6304358910597063,-0.1480011527500374,0.2671819838848835,-0.8156908553182616,-0.0627527266123125,0.3089833838432581,-0.9981919746231483,-0.2128157096259225,0.2175027388163137,-0.7543904283781938,-0.1730064620712895,0.1390170618121827,-0.6051091933936562,-0.1035307681155088,Land,2026-07-28 12:37:55.861,sess_20260728_123245
0.0,0.0,0.0,0.0899199148812296,-0.3955646857616716,0.1145627411652148,0.0919666678147672,-0.8266966506361475,0.1356810160756383,0.1188870842823736,-1.1513973101668973,0.1332532855628845,0.2696287952398786,-1.314764407808942,0.1240577475897166,0.0774341871874516,-1.0802945342936725,-0.0339212266373597,-0.3816764089692043,-1.2117812966991024,-0.0443090922616724,-0.4278312606196187,-1.0190490244522086,-0.0354401327617218,-0.3616785861301101,-0.8847244264984473,-0.0253550756962389,-0.1127104591362452,-0.9869768109030675,-0.1147742442401909,-0.5590550928189731,-1.0838518275641056,-0.1214059644044922,-0.5756240887951645,-0.9116391893745238,-0.1022230895944361,-0.505796885410866,-0.7931961412268915,-0.1026150114572554,-0.3250148922599637,-0.8522536347464597,-0.175548710587376,-0.7240852631693885,-0.9907964231804924,-0.1975896573654447,-0.7357278417263796,-0.8263776047141448,-0.1758090049974007,-0.65751009731286,-0.7180706057805986,-0.1741998133083052,-0.545065815377826,-0.6858603376382923,-0.2188569216026512,-0.8819224606963759,-0.9411753851231478,-0.2379936795318,-1.0718424913565938,-1.038580120390557,-0.2178188763578593,-1.2236252271544266,-1.158740943564604,-0.2059505361391061,Hover,2026-07-28 16:25:36.150,sess_20260728_161633
0.0,0.0,0.0,-0.3127244508171004,-0.1729236908012819,-0.1354511841964459,-0.4010487768199869,-0.6199279175129944,-0.1662035562536955,-0.1668112491398776,-0.9552619787630569,-0.1688951916490699,0.1282635709890444,-1.1071610907922995,-0.1803425874605195,-0.232571366887566,-0.9927328520760236,-0.107776970747058,-0.3158985190472037,-1.472045506399882,-0.1706205933617698,-0.3576006374124256,-1.7704213225938612,-0.2126070998657889,-0.3700213250616955,-2.034286963295765,-0.2540398584113162,0.0049283370042985,-0.9924795515419136,-0.1223112883814663,0.0619685402474388,-1.4903819590278409,-0.2122044678020205,0.0959156494301275,-1.8135395130746328,-0.2849138746002997,0.1576012290308211,-2.0828929090549786,-0.3219160348632592,0.1949246741368654,-0.8914080387354268,-0.1501732368619662,0.3685272167139711,-1.3504485612088604,-0.3493487444142443,0.4564737331537707,-1.6711543976564014,-0.5011475751268367,0.5825531619981933,-1.9442877132852383,-0.585249855470692,0.3557485457801138,-0.7028027133023868,-0.1713810500998976,0.3309403993243391,-0.9261059294323356,-0.3941403521054906,0.2292353972672355,-0.778137496073295,-0.4441924662710164,0.2056740065086252,-0.589404489406718,-0.452057471646665,Left,2026-07-28 14:55:47.689,sess_20260728_144941
0.0,0.0,0.0,-0.2038485219468251,-0.2374876160555807,-0.2317664272791841,-0.2284258439716296,-0.6146427482068921,-0.2091309989212998,0.0186289854636923,-0.8405292755045898,-0.1320542786572496,0.2290170127003124,-0.9627024995374232,-0.0424206306684567,-0.3924070463343198,-0.9512430681918848,-0.0208597505674204,-0.512886436516507,-1.3397201172378308,-0.0266691311063102,-0.5972059795701552,-1.577339830025508,-0.0630714161719565,-0.6505974390717711,-1.780986143585083,-0.0991655983575614,-0.2176887220188456,-0.974530654451202,0.053866722943888,-0.3218528113574143,-1.4021075394743558,0.0847016894539192,-0.3719730841120954,-1.6517807205403288,0.0468557914659985,-0.3944298472578408,-1.8660119022197343,0.0115420147442189,-0.0464548672921774,-0.9152982566965956,0.0909299846425921,-0.0057375235616386,-1.2740849319209793,0.0217454316402288,-0.0011158907296402,-1.4923128763058258,-0.1154710995039256,0.0235422190432619,-1.7368254411908055,-0.2122448328058157,0.1243321849775564,-0.7720470789544838,0.1107765127768556,0.1747698723164791,-0.9278436219736632,-0.0051757810900286,0.1487143097806261,-0.8000584379797847,-0.0622370127828125,0.1317127114398548,-0.672538403518124,-0.0933322986897277,Left,2026-07-28 12:41:28.506,sess_20260728_123245
0.0,0.0,0.0,-0.336419415972333,-0.1894285501188558,-0.1881517379500281,-0.5562035780845248,-0.5354770566133145,-0.2670930965755203,-0.6241830723198902,-0.8835386967787903,-0.3273910989743817,-0.6596042952739382,-1.1586109002529363,-0.3751503281071453,-0.3451564725906136,-0.939350497757508,-0.1265515366246081,-0.4442933836647308,-1.3515253095722786,-0.2408712240976029,-0.487510872939203,-1.607508046963157,-0.3354453802670771,-0.5141290397660041,-1.83437214288742,-0.4057843197861047,-0.1388601425619395,-0.9846448904988232,-0.1057936691028272,-0.173681126738496,-1.406810526630921,-0.2056926868379834,-0.1970150747565063,-1.6800308046941266,-0.286144397402195,-0.2252934859879141,-1.9121628208847392,-0.3449096578262152,0.0432889887425191,-0.9421051596953692,-0.1125197660204029,0.0357748554581718,-1.3381778007690857,-0.2146950235771854,0.0095492667916865,-1.5817385832814992,-0.2832047807593081,-0.0311453020640203,-1.790684184140248,-0.3266500909739371,0.2295217653405009,-0.8305623476774003,-0.138408091993406,0.3122725145432031,-1.1155338085825603,-0.2283577580756526,0.3501158005582828,-1.3120812381696787,-0.2821187060693888,0.3671606196914771,-1.4955929471744531,-0.3163005429741476,Takeoff,2026-07-28 14:50:58.167,sess_20260728_144941
0.0,0.0,0.0,-0.1706888587268296,-0.2788156973358767,-0.1724376382602934,-0.1723066031446955,-0.6058205453114032,-0.2057993988486938,0.0826041199421068,-0.7976192468444981,-0.2207178661888222,0.3073732206154368,-0.8597808880832322,-0.2203654813177664,-0.116827113212593,-1.0024454023244496,-0.0101570552835168,-0.0992935661771665,-1.352644517403888,-0.0569515431898423,-0.0748769856985616,-1.568487029460725,-0.1213633674128484,-0.0431811490798652,-1.7595296027153202,-0.1793277718479533,0.0979525047414607,-0.9948948068649436,0.0242822998919123,0.1955675670762098,-1.379673159397907,0.0005214405432679,0.2860456730306478,-1.5870898038288552,-0.0458008312221541,0.3668242394481161,-1.7558371317581238,-0.0883475347696862,0.2732349342951398,-0.9036169327195837,0.0275349870959078,0.376691213751114,-1.251969614406989,-0.0272159061719449,0.4657097081222683,-1.4460584712534357,-0.0878765626422835,0.5519122901399365,-1.619792030264636,-0.1323531912198511,0.4414118757046764,-0.7416863372327613,0.0102920303269484,0.5819052795637077,-0.984249043195136,-0.0433175711517726,0.6805633457010202,-1.1342540677845845,-0.0743945695679258,0.7693510730069394,-1.2693176175970826,-0.0984399139207891,Right,2026-07-28 12:43:01.060,sess_20260728_123245
0.0,0.0,0.0,0.0562172847041158,0.2694304034215032,-0.2138579990329588,0.0456626407512889,0.5758783523903467,-0.5032444276459938,0.0440100638187938,0.8492511095439612,-0.7536612409546191,0.0611862268285195,1.069753573249146,-1.0055811240495756,-0.4506096164920973,0.4920498937853091,-0.8124394935186311,-0.1383785369622647,0.4018728162273903,-1.1285382073883676,-0.0217661075948825,0.3661465557664197,-1.275580297226947,-0.0169142007856287,0.3559166301237338,-1.3395302528643898,-0.5539697105477496,0.2216194946920702,-0.8024975759266031,-0.0640597446071452,0.1195784405930859,-1.0682207216725372,0.0461071288465599,0.1219550368145714,-1.0515190575661146,-0.0026174346649859,0.1237366807301288,-1.044697785477167,-0.5362950536606451,-0.0561089996929025,-0.7809159083318806,-0.0324455801023027,-0.1224887369929444,-0.9705472313875754,0.0314505064765313,-0.0856852320832993,-0.8616739673197229,-0.0441783704460712,-0.0622106960065774,-0.7841449755696734,-0.4590469603393052,-0.2951520927470259,-0.7753482540053263,-0.1094321213700427,-0.3249257880508633,-0.8723783918657118,-0.0046528373946999,-0.2575644785705769,-0.7972478037352394,-0.0226887177661803,-0.2085265106184327,-0.754957448086953,Down,2026-07-28 16:24:12.949,sess_20260728_161633
0.0,0.0,0.0,-0.1692083896517038,-0.255802070577905,-0.2522150277161452,-0.2126046246365445,-0.5783408452670222,-0.2872278160655317,-0.0008690715199683,-0.8349633967752931,-0.2911792759037911,0.1925200338520398,-1.0184694644713947,-0.271955315053773,-0.4193282437387093,-0.9532909535047268,-0.0113160286006032,-0.5378615898508032,-1.3078201458387917,-0.0795952852777709,-0.6147603157434791,-1.539714308032085,-0.1414401420753586,-0.6890464224026182,-1.7354512036296794,-0.1742808049604579,-0.201534000007978,-0.9774262699665252,0.0634187166387776,-0.2215798830346636,-1.4003855278702195,-0.0032221313229625,-0.185496325892684,-1.6772227941148123,-0.0647743576162066,-0.1494547707857846,-1.9012659729715329,-0.0817976254413131,-0.0150897458333858,-0.8864793045858226,0.093929933017962,0.0707648845784997,-1.0490249155306,-0.0904015698926677,0.0610100148772864,-0.8355921919475232,-0.1680003683081587,0.0346112210985553,-0.6904825728692515,-0.1432357162067669,0.128370366852508,-0.7629111704108179,0.1075450136509537,0.2034971833633199,-0.9351481332733664,-0.0466689550985424,0.1907369033382549,-0.8091552051417952,-0.0724808045379446,0.1664607565235404,-0.7027601383293874,-0.0405782321419168,Backward,2026-07-28 12:40:07.814,sess_20260728_123245
0.0,0.0,0.0,-0.2565211039641402,-0.1674929315015085,-0.1402230177158241,-0.3966352418930344,-0.5188165215724032,-0.2078015986318009,-0.2524096005698835,-0.7885858031402594,-0.2684579161082268,-0.0097026645885299,-0.8245043093125205,-0.3257944463760382,-0.3187296730982786,-0.9207702424710468,-0.1437402022067417,-0.5002278531518431,-1.2521173564853754,-0.2602459313393947,-0.6174923452095417,-1.4635028708891265,-0.354311472963572,-0.6910939120031515,-1.6348976618140538,-0.4269297918084822,-0.0974032637858696,-0.982542281615178,-0.1585032146118838,-0.1248709103066161,-1.441953855568446,-0.2528744561415774,-0.1347801571938502,-1.7252131223823235,-0.3162069973441179,-0.148110484295132,-1.9453237578045115,-0.3660744173011754,0.1079722849038481,-0.9326387016988152,-0.1921361986504158,0.1485404075189563,-1.342971477980407,-0.3111587511894657,0.1486911062441888,-1.6058848699377577,-0.3852701347355251,0.1371379025618065,-1.8178250304196208,-0.4305071784419862,0.3054114637730207,-0.7998856292824837,-0.238150907078832,0.4358749210834021,-1.094620816728464,-0.3368903973822872,0.5303795226056133,-1.2816770596891305,-0.3818353897953229,0.5969364074165167,-1.4422938623159234,-0.4131249055264798,Right,2026-07-28 16:21:22.206,sess_20260728_161633
0.0,0.0,0.0,-0.1503545887201965,0.2589931410594142,-0.2404650589718362,-0.3613239052534106,0.46089025636059,-0.4623673151491219,-0.4260084346475526,0.6095094413804446,-0.6522891600711552,-0.4669270561382668,0.7236023862100918,-0.8261866148153718,-0.9032843644533244,0.0614061299544997,-0.4799330942109608,-0.4881269716647017,0.0870055115642745,-0.6876786962180291,-0.2447920651158635,0.1426194984156976,-0.7778441146036968,-0.2854282947499629,0.1469730395385087,-0.8451956090871457,-0.8400415470819216,-0.2610484644622206,-0.4755879502028288,-0.3936710423503571,-0.2218258528005144,-0.6319315995487303,-0.0973969928136695,-0.0878593218913961,-0.6367391032046238,-0.124977471479211,-0.0763522684066738,-0.6613641085073787,-0.6812131293016327,-0.5091719552419036,-0.4809306403344101,-0.2779811943785316,-0.4743209747833974,-0.6687801602881139,0.0023690230203233,-0.2928622292749222,-0.6194795078243236,-0.0214439501925403,-0.2439626167881195,-0.5865115544155791,-0.4663317940087947,-0.7026825818424576,-0.5061396597796904,-0.1521320816620162,-0.6735342270978258,-0.6264041210601682,0.059398079197294,-0.4959618943326074,-0.5803626894407655,0.0516014100518153,-0.4231579252182545,-0.5467921134686945,Down,2026-07-28 15:07:27.669,sess_20260728_150120
0.0,0.0,0.0,-0.1290330319914386,-0.4666437067712032,-0.042362930290349,-0.501018114611487,-0.9328503351333688,-0.1031430340973347,-0.7824764819679486,-1.2919189398216395,-0.1585948932196463,-0.7841832918693493,-1.6084146935147576,-0.2118301493218906,-0.6352249738977274,-0.9790483169482938,-0.1340051260040609,-1.2715370295853925,-0.8494974447713808,-0.2226977650293055,-1.1629511992766508,-0.6991822291470398,-0.2482854828930424,-0.9740898266660512,-0.7102215571999271,-0.2605935859393958,-0.6743497711297853,-0.7211589141530086,-0.1586890251871874,-1.300693278486342,-0.5428152865880507,-0.2016429162320837,-1.1301082293443414,-0.4441925983123038,-0.1820749241768525,-0.9441608930039292,-0.46180798104305,-0.1866329325295964,-0.710786390592082,-0.4252577461465486,-0.1844200723313,-1.2286307347573506,-0.2535583757894992,-0.2235929648231155,-1.0579865074444594,-0.1952227556664365,-0.1864530067696819,-0.8737216526639364,-0.2424995850634025,-0.1795730557574708,-0.7269940564678403,-0.1481149354658861,-0.2106225278774721,-1.1117155872924809,-0.0244065248997127,-0.2382678412163711,-0.9649467368830864,0.0249285237760438,-0.2081524734431441,-0.7931554178711957,0.0045677396893485,-0.1849951984833253,Up,2026-07-28 16:22:37.205,sess_20260728_161633
0.0,0.0,0.0,-0.3469682233080874,-0.1343107607564592,-0.1279702654279575,-0.483347927739456,-0.5546223717167339,-0.170691194732379,-0.279901566835552,-0.8252295078470265,-0.206009189195062,0.0174318023219112,-0.8093945805801827,-0.237470235936696,-0.2913472611649673,-0.96169339519679,-0.0619799054205556,-0.2843428852854223,-1.3570281787839895,-0.141270564950569,-0.2693920145032256,-1.6206106792452482,-0.2202340453753705,-0.2425160453307495,-1.8327658387402288,-0.2868634474640252,-0.1019342975495127,-0.992191442136112,-0.0718716991238537,-0.1002558399704868,-1.4274038565827192,-0.1403018209933825,-0.0821775873540685,-1.7300723812627292,-0.2105052517695962,-0.0501054867317476,-1.9709522739388647,-0.2611475647050228,0.0626491685030221,-0.9585968299772324,-0.1031861001143165,0.0699107893724802,-1.362872468250061,-0.1651515783457914,0.0739530443060127,-1.6438491235316894,-0.2302748475016505,0.0882961214035324,-1.870035856157829,-0.2761313479421752,0.2248020031828503,-0.8550505207483211,-0.1527827051796118,0.2126139156477834,-1.1977020892920545,-0.2175410070357352,0.1994174960611259,-1.4275459079802877,-0.2575840346248523,0.1966404300505247,-1.6200347112835234,-0.284781812311792,Right,2026-07-28 14:55:57.430,sess_20260728_144941
0.0,0.0,0.0,-0.2450048659181389,-0.2185566365197258,-0.1635348693901226,-0.339392624611039,-0.6005722680959167,-0.2470347317701395,-0.1680704785859759,-0.888912589072133,-0.340143440158832,0.063168449795831,-1.070927299821756,-0.4170448491934805,-0.1048631706411357,-1.035389550428682,-0.0763595383182843,-0.1192000015847165,-1.497135530024866,-0.23297240954557,-0.1269411730254094,-1.7770355250447565,-0.3279484455544863,-0.1092656820572715,-2.000076406568477,-0.3819102896171943,0.1246478118175281,-0.9866162918415792,-0.1051247624581102,0.242890310629007,-1.5166916969717452,-0.2685653053719185,0.3076555966158916,-1.831053611165241,-0.3580802375707304,0.3822509717192507,-2.0656507747293764,-0.3903959744279086,0.3085620432873294,-0.8373285423456046,-0.1622187869777426,0.3299778502225092,-1.1622696606485057,-0.399401642627339,0.1303078810372212,-0.9258595306998606,-0.4137701736398484,0.0168024243231985,-0.7097341579920188,-0.3463066201499081,0.4607095188171586,-0.6276108199760834,-0.233149115517357,0.4449883297943061,-0.8852562709835885,-0.4017641012204886,0.2641666080442476,-0.7837880024247865,-0.3797016201833286,0.1376331534169015,-0.6527071948221216,-0.3166359034449816,Backward,2026-07-28 14:54:54.281,sess_20260728_144941
0.0,0.0,0.0,-0.2799192059556912,-0.2465571810523299,-0.1975615533867913,-0.3645408589816201,-0.6387357794716338,-0.2356543472196396,-0.1291249364478348,-0.9592387491139764,-0.2600267893534594,0.1219873843871432,-1.1493513056079094,-0.2710495638079558,-0.4181202532745647,-0.9804706817204,-0.0586284070587079,-0.5422752913919866,-1.4388706796369268,-0.1740061495708545,-0.6162468094204462,-1.7243429159159926,-0.2414304517743493,-0.6751989221321292,-1.9617837452555529,-0.2788381993085475,-0.145512736218974,-0.9882652607212729,-0.0464523201743663,-0.1160442957769128,-1.525453018790267,-0.1756307963674295,-0.0932959729861799,-1.848579876565429,-0.2477429122029241,-0.0470605837680252,-2.117924900825947,-0.2664331365029271,0.0932856812108011,-0.8743159587404644,-0.0655957074251961,0.0751301661006026,-1.077542912928562,-0.3077262350781224,-0.0106544575431283,-0.7902731151618382,-0.3367515374018118,-0.0175046632352444,-0.604723108528826,-0.2714436616166478,0.2845389780877181,-0.7072289854659688,-0.0963089766934784,0.2271335133799581,-0.902412711360042,-0.3028253173721857,0.1571879320441698,-0.700266599422224,-0.2910122117569143,0.1579682544533889,-0.561745683724578,-0.2244100680295533,Backward,2026-07-28 15:13:17.838,sess_20260728_150914
0.0,0.0,0.0,-0.092155047916318,0.3792872711451129,-0.3534725249007744,-0.3330591049022699,0.7659585495937625,-0.6233071104590513,-0.4619862936851087,1.1160292461312398,-0.8379115704571692,-0.6176520654403568,1.4516788490033703,-1.016758612215367,-0.8657238323400203,0.2571758534460945,-0.6375150231072223,-0.1654378712660545,0.5345305895367906,-0.945707745521173,0.0134273405292858,0.5207175582772233,-1.0899423454788246,-0.1326916613036767,0.4085585671436788,-1.188959329050076,-0.7746553420808674,-0.1729264619229132,-0.6082808066611979,0.0184457568924795,0.1653235690556562,-0.8677243758184912,0.1518486906384966,0.2259283546287462,-0.8796121754390516,-0.0706030597904242,0.1160653378397475,-0.8983484944661899,-0.5861227197677932,-0.4970385137683613,-0.6024230824776575,0.1463507754462842,-0.1946797994138895,-0.8719048048582234,0.2526668319614046,-0.0953370228510776,-0.7882799027220754,0.0576372593325159,-0.1489688453911117,-0.7222013934597131,-0.3620382013500391,-0.7347726387511482,-0.6355735757664629,0.1786446359956068,-0.5404769454712777,-0.8469770456746718,0.3034451135520106,-0.3764861275120966,-0.8314906279420771,0.1960367420133048,-0.3350925644660024,-0.8033675832151612,Down,2026-07-28 16:35:57.564,sess_20260728_163307
0.0,0.0,0.0,-0.3100913168743843,-0.3119441751071545,-0.1089995273713385,-0.3950737756848785,-0.8051843600341406,-0.1431509599938042,-0.2097381301114494,-1.208830318254278,-0.1928475100542759,0.0740134025265411,-1.397516696431342,-0.2368668140183294,-0.2980360612606573,-0.9925313976548288,0.0176664016951078,-0.4391941667071308,-1.4728566175997415,-0.1040799648377551,-0.5288878548365877,-1.7425339010131398,-0.1672234748513644,-0.5748870226759548,-1.976566628410462,-0.2082867894568291,-0.0434404632124512,-0.9989304488497106,-0.0158393344810784,-0.0357420025664031,-1.56384339580821,-0.1784962616835704,-0.0816968432155838,-1.8942626675425112,-0.2638120673752235,-0.0905879250818946,-2.153818606391719,-0.2940985971737961,0.1845163252358104,-0.898449500867127,-0.0721390245539035,0.186761625637896,-1.3285043900769449,-0.3219534050917202,0.0046572856928886,-1.03119295015669,-0.3292117993145336,-0.0416415486057549,-0.8044320799924237,-0.258445752705836,0.4091949164825607,-0.7261024546991388,-0.1333660189636085,0.2514194266522063,-0.9671476703158642,-0.3486003657658931,0.1173956176130449,-0.7369554726567156,-0.351356390498711,0.1225099129733511,-0.5482233019278066,-0.3012959041324476,Backward,2026-07-28 16:31:42.687,sess_20260728_163042
0.0,0.0,0.0,-0.2835466981959798,-0.2563055294442657,-0.1169242666309762,-0.3175460981782804,-0.6779869587554269,-0.1312954900907527,-0.0539591601885857,-0.9167492294461588,-0.1417885333171897,0.1598794567713443,-0.8809805272366578,-0.1460793094761715,-0.2104996544011318,-0.9789378725069102,-0.0162798110557808,-0.3049832948814382,-1.3319387023122506,-0.0671394395399561,-0.3515363826785309,-1.5552671780215996,-0.1240886022159212,-0.3766444002434709,-1.7550199358599088,-0.1790330930544465,0.0238647171681466,-0.9994632419550452,-0.0224433343154514,0.0621265679118616,-1.417192211088028,-0.0564959587629261,0.0963091762446603,-1.673877830456365,-0.088256404575556,0.1153903195296883,-1.8720632389303564,-0.117980001541045,0.2211249042140618,-0.918181643998722,-0.0544972850089655,0.2996249962744198,-1.2891680902111642,-0.1238722619768803,0.3372657745615582,-1.543646029697938,-0.1871685484453956,0.3635210589940885,-1.7425360906118097,-0.2318891354795257,0.4184101267388467,-0.7606575764342725,-0.1021373980526182,0.5874554574856211,-0.9912741368167488,-0.1718758348067974,0.7033808943277665,-1.1572508239829828,-0.217052228040196,0.7967265118096037,-1.3044740116697044,-0.2529206549071948,Right,2026-07-28 15:05:47.997,sess_20260728_150120
0.0,0.0,0.0,-0.3448427280498832,-0.2596175015278514,-0.0535741218340415,-0.5597919967930997,-0.6080591288717431,-0.1012507136731183,-0.6686061888062882,-0.8983019627385673,-0.174135275803041,-0.6814486043837842,-1.1746592394031463,-0.2147780161780653,-0.1688567697742603,-1.024790790231222,0.0978253655739564,-0.4044823333466941,-1.2389263842316844,-0.1148346244573732,-0.4544299653690358,-0.9308927121408648,-0.2370286378001246,-0.3862574117532228,-0.74432725737486,-0.2899624056609911,0.0081805710024415,-0.9992313609385228,0.0383375217642111,-0.294725040114437,-1.1924273034224004,-0.1758141786776831,-0.3523578962007486,-0.8128116866359683,-0.2152893178364085,-0.2389208919802393,-0.6706922804074996,-0.1875499531647555,0.1916091904937783,-0.929348538011804,-0.0627237863544414,-0.1284854193439565,-1.0754951135723925,-0.2729653107579282,-0.1868393840505245,-0.6981777749819786,-0.2073493772286649,-0.0656282948437582,-0.5680388781027548,-0.1066449581466566,0.3749395582967775,-0.79328253456844,-0.1746111704404082,0.058036211847146,-0.9062440593895368,-0.3020795921800657,-0.0310472779836214,-0.6475715755636213,-0.2508973938358985,0.0529706920974459,-0.5227677198080224,-0.1733398715302901,Land,2026-07-28 15:10:09.120,sess_20260728_150914
0.0,0.0,0.0,-0.3225021406405447,-0.1388024758195336,-0.1796604098609899,-0.5312541780031488,-0.6744351445708355,-0.2410789836021574,-0.5092723053314139,-1.1316864402568902,-0.2965116628939321,-0.3871293074496806,-1.4460150157469638,-0.3461293841141016,-0.3446014389272887,-1.02378737193371,-0.128718979151704,-0.3779613363008429,-1.5595925798549584,-0.2984250874208766,-0.3907453190367741,-1.9285800796923136,-0.3906353231138464,-0.4067463587080391,-2.2344691952485047,-0.4568557778055596,-0.0637308404432288,-0.9874610155848224,-0.1444268765728567,-0.0808059195759127,-1.334765718143459,-0.4689369783585596,-0.1725657144339138,-0.9834878906570644,-0.5276476206877059,-0.2349358124534076,-0.6667505153863073,-0.466608093232535,0.1972816693371044,-0.8794856880978721,-0.1849526327355124,0.1380924107739856,-1.0578216792570672,-0.5136462470091977,0.0644505784800514,-0.6661190715140268,-0.4496003876088457,0.0389957645107743,-0.404034096945273,-0.2988505303219989,0.454966670118944,-0.7350281116352116,-0.2371341184308851,0.3821319702132328,-0.9518880277889332,-0.4605606740595696,0.315564693793665,-0.6846313771875014,-0.4017324374004501,0.3119606047307008,-0.4880228805571299,-0.2917317148887187,Forward,2026-07-28 14:52:49.995,sess_20260728_144941
0.0,0.0,0.0,-0.3318348906165706,-0.1714501251022021,-0.1847620558558032,-0.5438940550215329,-0.6351863890271571,-0.277530712519443,-0.5339558570742271,-1.046858555220136,-0.367871429479952,-0.3909000818260081,-1.3438709586354098,-0.449058564944476,-0.3520076017240652,-1.0381632554974425,-0.1483674954486247,-0.3781213959028343,-1.6213599950661846,-0.3430083847705257,-0.3610137183704967,-1.9884941743581488,-0.4484270477653979,-0.3400568064658142,-2.278593880074867,-0.5150917820359222,-0.0882381074379195,-0.982903608792615,-0.1615999140415259,-0.117459793751315,-1.2473616110578227,-0.5115190962132571,-0.1777528272689996,-0.883768435506847,-0.583054142325209,-0.2323029985529556,-0.5598342062786698,-0.529376013411836,0.1599951590405712,-0.872750829960491,-0.2014496109734283,0.0940493216845949,-1.001149162605348,-0.5595938841301397,0.0348103870476533,-0.6072523992171296,-0.5162599087004258,0.0036218253779188,-0.320822180552223,-0.3726280599160629,0.415215848593934,-0.7300802275419862,-0.2517139263104451,0.3508060841775612,-0.9231153641273016,-0.5029983250425409,0.2669932153724416,-0.6485407097404455,-0.4564682002506726,0.2249624542003864,-0.4206081758423472,-0.3466871085808437,Forward,2026-07-28 14:53:07.400,sess_20260728_144941
0.0,0.0,0.0,-0.3008892611058298,-0.2095739077099668,-0.0934134850783776,-0.5103459093731885,-0.4874028743282499,-0.1685550887772096,-0.5052061829839425,-0.7060584821146946,-0.2656956221976768,-0.3600190851819237,-0.8003729207693544,-0.3554723009066851,-0.3416323232922089,-0.979756678592442,-0.0704087985844277,-0.5268245801091193,-1.3425160469424808,-0.2172518715348374,-0.6402869825761713,-1.5782775322222398,-0.3142857694150877,-0.726103283772184,-1.781208561247885,-0.3704057612732091,-0.0878898900519107,-0.9880239068315502,-0.1268232106358423,-0.1260821218263289,-1.408035416802635,-0.2703511064671222,-0.167650594230918,-1.6808225555401928,-0.3575440028918882,-0.2013340254229594,-1.901604693945803,-0.3938688889811524,0.1355114436459119,-0.8785637485301601,-0.2022152075450851,-0.0393471060235384,-1.0114434177458929,-0.3914174611050779,-0.1874642679012516,-0.8288111795808493,-0.4336777040599605,-0.2695982725711815,-0.6661653321196077,-0.4039805743435062,0.3061175883798824,-0.7030033923459953,-0.2865883944838593,0.0977022739685214,-0.7979102537069664,-0.3968585672324267,-0.1018201368196654,-0.7388926574182941,-0.3851965031157191,-0.2410123456183425,-0.6628203752586402,-0.3468957899493171,Backward,2026-07-28 12:40:04.824,sess_20260728_123245
0.0,0.0,0.0,-0.2588503100738285,-0.3680511702888909,-0.1835198545309395,-0.385057368922541,-0.8246419955058246,-0.3006591455902718,-0.213704221091376,-1.1920445117142264,-0.4209085029175237,0.110835783062583,-1.276539479422987,-0.5025551235345487,-0.0926546672413355,-1.120094166816264,-0.0319790901359087,0.0388942965954858,-1.4127748243639,-0.2465710356004513,-0.0898112917179426,-1.1242079136394334,-0.3549274749325135,-0.1580307909472719,-0.917198135301824,-0.3994185823838589,0.1563449773183528,-0.9873607042237668,-0.0259824521951098,0.2927373334267421,-1.2777249724923314,-0.2597138284750229,0.1053674194542673,-0.9251128721033336,-0.3057185299082902,0.0165876829713501,-0.7436166401473283,-0.2832422728134803,0.3755998188760776,-0.830017255197905,-0.0643948230338889,0.4911316550029825,-1.0813595027606533,-0.3135795737716991,0.25560261045595,-0.7561726523692389,-0.2549105477207651,0.1394465261295108,-0.586011957803098,-0.149573161058895,0.560691489057492,-0.6374045964277195,-0.1190668380760448,0.5881152023884968,-0.8284711878354906,-0.2611254827078824,0.401078654671435,-0.6260473649214511,-0.2117391882820537,0.3103739269262411,-0.5051731718456789,-0.1401938906157904,Land,2026-07-28 15:03:05.705,sess_20260728_150120
0.0,0.0,0.0,0.3010461755865556,-0.3192263217300373,-0.009292542054442,0.4960385071578786,-0.7266649710217217,-0.0201863972413697,0.6258921107262957,-1.0683231777416464,-0.0286812073532339,0.7534722597072051,-1.3003741900025294,-0.0443267010813118,0.1194476658356672,-1.0300180260378802,-0.0628165614229878,-0.0765235260162151,-1.0924327354084586,-0.0549543787218626,-0.0633226213605167,-0.9102247346151342,-0.0768538556197752,-0.0184148973600581,-0.7806461616713155,-0.0917000680947244,-0.1526524551650721,-0.9844609555807324,-0.0867977814759514,-0.2915731654760947,-0.999026130852694,-0.0395163901941237,-0.269347553454656,-0.8287519293374538,-0.0673004766071461,-0.2283271456564476,-0.6963413606815577,-0.1190660745688479,-0.4052237058442506,-0.8806638890647738,-0.0982388293292348,-0.526377381273714,-0.9433408385812628,-0.0931712469731124,-0.4956509061877033,-0.7819355267217838,-0.1008529717430572,-0.4402378179157463,-0.630372594210889,-0.1245644964263446,-0.6310726079229321,-0.7599938491940851,-0.1033613188783976,-0.7609815426781581,-1.0809051221607422,-0.0954365220141665,-0.8407903137451387,-1.268638680412757,-0.0564455206401912,-0.8976791123288862,-1.4262886087976645,-0.0364117267393877,Hover,2026-07-28 16:37:19.010,sess_20260728_163307
0.0,0.0,0.0,0.1679570495599408,-0.3800249667598483,0.0769393156728655,0.2244593003587263,-0.870389497944665,0.0827179848133274,0.2847863845831806,-1.248169546588443,0.0774719490549659,0.4567098064377234,-1.444158188522529,0.0749485764072688,0.2241084087544224,-1.0875818775117787,-0.1092742519447809,-0.2603177294677111,-1.3421041485706422,-0.1241963710153963,-0.2978693706607303,-1.1289770707279825,-0.0971139675236001,-0.2099972133993103,-0.986005572292097,-0.0796885593005387,-0.0003149321932872,-0.9843197491281344,-0.1763931186130571,-0.48133091960401,-1.2003053538492812,-0.1937233585718312,-0.4768647279160992,-0.9945614491406988,-0.1514294982142704,-0.3731606600130429,-0.8688910249540814,-0.1427372752655641,-0.2597060910839807,-0.8603620766141863,-0.2263736212094821,-0.6682722394056003,-1.1300895136943645,-0.254111175614321,-0.6676830140794213,-0.9306467979239956,-0.2032591498954141,-0.5579252039614482,-0.7938601539847477,-0.189428425631365,-0.5281551628926062,-0.7069263895724606,-0.2640613211557143,-0.858013795716221,-1.011504078667367,-0.3033845585598642,-1.0562618873091856,-1.1362370951941945,-0.2958590255657345,-1.1953725108092734,-1.2903924630509245,-0.2973710654345612,Hover,2026-07-28 16:26:01.534,sess_20260728_161633
0.0,0.0,0.0,-0.2037099693530009,-0.121707162916568,-0.2210347205498698,-0.2233943236955707,-0.4296841102431166,-0.2753308528334212,0.0522139482478488,-0.6610383920025297,-0.2772760737923516,0.3415549168689011,-0.7700112668928756,-0.2708508353995588,-0.2728740536596372,-0.9612437661118032,-0.2000082017639967,-0.3744560820386817,-1.375085859068237,-0.2698075224112657,-0.4180431991764592,-1.6297028761931498,-0.325284764836118,-0.4410898506055134,-1.858931776526693,-0.3762257381739939,-0.0388415725040947,-0.984160922355964,-0.1729699718242069,-0.0529750913058484,-1.4808655797738766,-0.2389799483522463,-0.048741863452183,-1.7587207367138924,-0.2923181537775073,-0.027188712810431,-2.0148507293363576,-0.330662636242169,0.1715389894348854,-0.901219140049204,-0.167863892888306,0.2942167843244987,-1.2731961923380235,-0.340043627446405,0.3744041753408426,-1.5302868856071914,-0.4731237107953459,0.4579519237314945,-1.804913818366352,-0.5498963937022004,0.3532450190363507,-0.7075582763624607,-0.1679397356344013,0.4670550705635902,-0.8997598557846925,-0.3288820968470107,0.3996340892071088,-0.771107126684026,-0.3482172254093504,0.311922787424166,-0.6312385162487839,-0.3468339390679085,Left,2026-07-28 16:33:28.525,sess_20260728_163307
0.0,0.0,0.0,-0.2493214593394447,-0.2255794517026133,-0.1264640839522945,-0.31533947460349,-0.6022132714722547,-0.1276757511069542,-0.0842242661840894,-0.8417689446465402,-0.1127136067536358,0.1731767305240654,-0.9099644618350696,-0.1037439766760687,-0.3340085753787064,-0.9627232530284908,-0.0040615987491121,-0.4706997788365117,-1.3279210095319889,-0.045036716861915,-0.5369579458308197,-1.5573619890907024,-0.0999818602749879,-0.5884330325833353,-1.763798211182109,-0.1519139618624899,-0.1126830283393352,-0.993499392936029,-0.016170694481637,-0.1230051070109687,-1.4399671459325811,-0.0384300564205532,-0.1209373487465602,-1.7032790695442932,-0.0900192888258861,-0.1080130363107355,-1.9205571913648856,-0.1265437057356783,0.0982847918627514,-0.9126411204069936,-0.0510220171180007,0.1725938459679254,-1.2999712010951128,-0.1587794342640124,0.1937594709352872,-1.5596927040319912,-0.2780755472269866,0.2402568635365234,-1.7968321231330913,-0.3584223550236743,0.2890401844690849,-0.7334199264327527,-0.0917280338377257,0.2723150201542609,-0.9153851235505172,-0.2325779086663557,0.1920129578033728,-0.7893230010962446,-0.2628790347083868,0.1611266625941236,-0.6347571652201087,-0.2706853655234881,Left,2026-07-28 12:41:32.118,sess_20260728_123245
0.0,0.0,0.0,-0.1127990647761912,-0.4979384098931629,-0.1698558372376248,-0.0314529843717101,-0.9704594809557164,-0.2344112001381288,0.1047001214871682,-1.2901572933543135,-0.2753444830404543,0.2256562071656471,-1.5571783752007673,-0.2834794230487842,0.4594483770689571,-1.0444412395211755,-0.1652257068228492,-0.0735155281180968,-1.040725211171297,-0.3215034936825017,-0.1938501967474875,-0.8545509836864349,-0.392839937679349,-0.0929793080111112,-0.7924852625372328,-0.4300427734248073,0.5862287218716659,-0.7931982893088609,-0.1648404061212224,-0.0632823331379252,-0.7771480781400629,-0.3144409608269569,-0.1479224738291659,-0.6001658736423772,-0.3304951623167586,-0.0174675463636425,-0.552961918645041,-0.3281420130162615,0.6127393415930842,-0.5015810699879476,-0.1903459343992256,0.0033950589998964,-0.5132098713561534,-0.3539104665630916,-0.0696695293126673,-0.3995691506371543,-0.3198766834010149,0.040634478276574,-0.3734023021000254,-0.2717428662474225,0.5714086025995198,-0.2132105636154972,-0.2338630172156977,0.1221576082180282,-0.2537353248305227,-0.3519979962426893,0.040050617189874,-0.2311545341877219,-0.3432362237496232,0.1062030306248831,-0.2263471027451535,-0.3072255550852265,Up,2026-07-28 16:22:43.518,sess_20260728_161633
0.0,0.0,0.0,-0.0597543700291898,-0.5313746528063773,-0.0873655338111658,-0.3891632877057515,-1.1510711369858255,-0.1528310791764369,-0.6435418403190802,-1.5983855844077408,-0.1885755615163877,-0.8344338358001159,-1.9421149568407865,-0.2251157451062044,-0.5252403025287299,-1.0367880301353276,-0.3419977185090839,-1.2285595674411858,-1.0366543952721268,-0.4296175077992936,-1.229100839642822,-0.92656477083114,-0.4244842713680103,-1.10271949319612,-0.9075296576986616,-0.4129389077640447,-0.6342235119114908,-0.6880775456906536,-0.3525759890505613,-1.2891708327763962,-0.7517556801306499,-0.4417314571427749,-1.168667074049573,-0.6561598277229244,-0.4176905197501109,-0.960115282402222,-0.6047171381394417,-0.4180578371040578,-0.750136148002271,-0.3597442356458397,-0.3532182269818564,-1.3568225131640246,-0.4926109534116198,-0.455056332168413,-1.29318191889934,-0.4183373085126798,-0.410088353718356,-1.1264479443332878,-0.3628506851528559,-0.3848892305093939,-0.8331595100664483,-0.0637870825574759,-0.3500982099658281,-1.379138719227794,-0.2158466229965805,-0.4361758682364022,-1.564594632094243,-0.2433409249810167,-0.4234997853710368,-1.6616146649028438,-0.260118118982131,-0.4123056978368666,Hover,2026-07-28 16:36:46.763,sess_20260728_163307
0.0,0.0,0.0,-0.4112667878634149,-0.2106220567555837,-0.1028953851025721,-0.70261635898556,-0.6301703043473458,-0.1237986306057702,-0.7234167626340517,-1.0788756058660451,-0.1692138137238242,-0.5340892188561779,-1.3325610916826105,-0.2065048638499347,-0.565433986661811,-0.9302358412768168,0.1746061320197818,-0.6602129268906408,-1.3283699655743324,0.1167706572446822,-0.7061547568168292,-1.556282779850506,0.0810181664923765,-0.7099339905454061,-1.758200581464461,0.0466108324603431,-0.3268156048579305,-0.9325093256863448,0.1536812217850436,-0.410553567940838,-1.2889855430962005,-0.0452356207899406,-0.3947038684067206,-1.0208516802318306,-0.1212037388998564,-0.3612977003855002,-0.7643916550403127,-0.1012206690492322,-0.0813438991983025,-0.8929870404058302,0.102834692488949,-0.1630908068230186,-1.1953311498271666,-0.1368304713972561,-0.1860816702994042,-0.8538816548241429,-0.1488468561371578,-0.1661494711767534,-0.5671097425415016,-0.07065096559554,0.1924933001503309,-0.8244305420433835,0.0453309929875381,0.0712929175014739,-1.076750968055692,-0.1199114164631422,0.0099144918690451,-0.8768956165790764,-0.1211411474107842,0.0093950228913513,-0.6616464738984248,-0.0731586734144169,Forward,2026-07-28 12:39:13.418,sess_20260728_123245
0.0,0.0,0.0,-0.1200779489902655,0.3076089651910401,-0.2023074246243668,-0.3886852484551336,0.5939595544625775,-0.3158980189394017,-0.5818431960534639,0.8254627754405297,-0.3959456159814343,-0.725951042036478,1.0055998301931066,-0.4391507602694968,-0.954879909940316,0.3482437665103489,-0.1871982088568774,-0.7726467542764114,0.3817263699818153,-0.3091404800513285,-0.5536139382580205,0.3495156965729986,-0.3559636544321148,-0.5717988779235152,0.3312827971239312,-0.3851714855893428,-0.9820445251327484,0.1062022039528079,-0.1559154980505815,-0.7159056473681775,0.1542487026896602,-0.2660641974039762,-0.4869746533010947,0.1502190581581263,-0.2726592597413043,-0.5437851431061019,0.137066504671948,-0.2722302322946539,-0.9103210186748673,-0.1151053914298503,-0.1490276038248349,-0.6692623625459767,-0.06822446076649,-0.2699093501754707,-0.4611860694299309,-0.0471294226284141,-0.2370913476554869,-0.5026624007788405,-0.0472551623079041,-0.2066693965451007,-0.7856637715840983,-0.3134783599388797,-0.1629229822304835,-0.6399044081155905,-0.2904815091485168,-0.2432277777414901,-0.4655164987769572,-0.2415404339547789,-0.2202772584704428,-0.4689746629244389,-0.2280392166099119,-0.1903857447194464,Down,2026-07-28 14:58:22.889,sess_20260728_144941
0.0,0.0,0.0,-0.3819343750559837,-0.1600817224715549,-0.2103376454870466,-0.6641103610251153,-0.5028878619672202,-0.3280616433253998,-0.8531929487423255,-0.8107289727978314,-0.4305576955438953,-1.0891209006136215,-0.9900040756029108,-0.5365979559092284,-0.3587091235850954,-0.8950927274485571,-0.2331914977088789,-0.5000672173513508,-1.213648974537673,-0.3932835314891247,-0.598861424355984,-1.4178876062439527,-0.5164609307170058,-0.6772969664027049,-1.6102910331166302,-0.6039374196844449,-0.0680510508172085,-0.9695130501607688,-0.235400722281467,-0.03313828319496,-1.390034434487362,-0.3804551960544942,-0.0037037879241954,-1.6510562262914292,-0.4779700749336498,0.0336216124470511,-1.88436412372586,-0.5489327575254032,0.1909288029875652,-0.9238013749025772,-0.2649374340036013,0.2645895473080188,-1.2818516848516508,-0.4220448242583239,0.3066702756052718,-1.5042306198001498,-0.5228404925722345,0.3435532503837474,-1.721484727586989,-0.5812463068128197,0.4271077274157333,-0.7969095135179014,-0.3122713364352866,0.612850817418893,-1.092783357909193,-0.4217347164528524,0.7349437146146969,-1.2835494855919467,-0.4784905078182556,0.8251334654180575,-1.477906766696509,-0.5198747210899466,Takeoff,2026-07-28 12:34:43.014,sess_20260728_123245
0.0,0.0,0.0,-0.2323584760901518,-0.2050057697148615,-0.1768839574802775,-0.3148934461940116,-0.5650050633994436,-0.1630504202294837,-0.1049731200897666,-0.8204063512322274,-0.1121180248573261,0.1193175205423651,-0.9218015693345144,-0.055199578070731,-0.4352129776475214,-0.9265222500495192,-0.0105689656775867,-0.5952626256401444,-1.294113248049557,-0.0265604633058362,-0.6870955499610764,-1.515293559793391,-0.0661530437896943,-0.7582580001539566,-1.7176908858743796,-0.1073581631002477,-0.2414003288594681,-0.9702695281485902,0.017404711225769,-0.3353028600080486,-1.3840865975234171,0.0263645389983867,-0.3816373865868218,-1.633083749528028,-0.0197315470948206,-0.4132323230648511,-1.8487022128722697,-0.059497290488598,-0.0525350289634779,-0.9177180229520588,0.0149874451331463,-0.0356224156790741,-1.2799769600164028,-0.0748381231278,-0.0343372695008915,-1.526573140952874,-0.2110745805088204,-0.0194832255676245,-1.7784416364847908,-0.30512075881548,0.1347205589595159,-0.7642855820733122,0.0013948930986187,0.148453899118281,-0.9463289216679636,-0.1198582852085488,0.1067544728206904,-0.8120695372705212,-0.1599057491928005,0.0775742642655833,-0.6495713290900164,-0.1785633735168963,Left,2026-07-28 12:41:20.194,sess_20260728_123245
0.0,0.0,0.0,-0.2637701255896489,-0.2755671977824295,-0.1307229146641998,-0.2850552877986952,-0.6587715558637246,-0.1739208614927439,0.0065680709073915,-0.8890295762766783,-0.2014746475137398,0.2730250217896922,-0.8798222760778938,-0.2268403912906555,-0.1880182090091879,-0.9854473752509268,-0.1353362368560267,-0.2746243183385016,-1.3896655008376295,-0.2133566524219879,-0.3223298701698572,-1.6505802652009334,-0.2826818236518673,-0.3468248818865034,-1.8711362794914064,-0.3475863279194091,0.0605344911501192,-0.9883665080283064,-0.1395249841036652,0.1447742726552191,-1.443203645702179,-0.1999822203848887,0.208890606641211,-1.714155626759212,-0.2515239257161976,0.2499410498124079,-1.9358729568904505,-0.3009391002091496,0.2638901348740143,-0.8886781458390798,-0.1603517689011488,0.4238054311847429,-1.265157995504191,-0.2647027665507317,0.527101162556886,-1.5280992238801143,-0.3575719601201539,0.6007673638643153,-1.7395740186269055,-0.4265150560010098,0.4514868046243828,-0.7100387421728765,-0.1900942397565585,0.6938991774555799,-0.8847463793291492,-0.3072580011751291,0.8730134775365759,-0.9977820074951664,-0.3785046061355208,1.0163444479860306,-1.102288556322047,-0.4309258403671828,Right,2026-07-28 16:21:54.335,sess_20260728_161633
0.0,0.0,0.0,-0.0497675563925958,0.3319449971006574,-0.2065501517375528,-0.198776624441279,0.6758875716634101,-0.3494931380383097,-0.306399436918441,0.9693511741987046,-0.4634111516565208,-0.395278954950287,1.1926125042031717,-0.5455575873123968,-0.7964047763656649,0.5911765046170855,-0.2665653440176633,-0.636007581008471,0.6481401645807796,-0.4288368558939593,-0.4315092567291741,0.5569047285299228,-0.4924636716605019,-0.4237646625609577,0.5204174045871687,-0.5318042841460586,-0.9094894390792938,0.3390791878648699,-0.2405291345349496,-0.61619257458342,0.3749314854605893,-0.3918741346574146,-0.3738127895449401,0.3361902251368888,-0.4123647532778553,-0.4329001621882499,0.333867396217174,-0.4226979555080805,-0.900964310542432,0.0863588007878261,-0.2342945536578449,-0.6159274417125967,0.1179901701546096,-0.3802170776331908,-0.4087668990507871,0.1254138259105143,-0.3492645518191502,-0.465982766455892,0.1449842185839343,-0.3248908110674683,-0.8291490575184355,-0.142696223696486,-0.2491014732027405,-0.6101690659686211,-0.1176221831792366,-0.3472973337761459,-0.4463475527539684,-0.0693822186617535,-0.3364993977313954,-0.4752963461869144,-0.0358328448244537,-0.3195854716243996,Down,2026-07-28 16:24:07.759,sess_20260728_161633
0.0,0.0,0.0,-0.346940962467303,-0.1961095585133403,-0.1715817308574647,-0.6239944935388434,-0.4782284182342595,-0.2664153613968613,-0.804406269129541,-0.749890431881866,-0.3497877395531655,-0.9343606927298604,-0.9506662597807592,-0.4256698057477731,-0.3201183309406673,-0.950490651580808,-0.1145946143758608,-0.4295382793143346,-1.334702795197668,-0.2111796342350164,-0.4775059356793423,-1.578365602378966,-0.3016166818793955,-0.5056237813862478,-1.7825047421294435,-0.3683698871600062,-0.0819549641754778,-0.9915513747208072,-0.1005447916914311,-0.0823837523865397,-1.3806246851703312,-0.1662302956594843,-0.0810317075210889,-1.6282030021138476,-0.2287238613293503,-0.0915192504608497,-1.8162647271991896,-0.2806913574179506,0.1267822066560833,-0.9432768879654913,-0.1142113961470008,0.1572737359570531,-1.2845165297238283,-0.1751538712791092,0.1655658998490779,-1.5022658580672144,-0.23835941066673,0.1633745307523645,-1.6785256059224525,-0.2862268355404467,0.3287836276890451,-0.8355368325219079,-0.1479796949514098,0.4575540786814259,-1.0943135599295544,-0.1967492032467457,0.5289215276899267,-1.2651532367440947,-0.234363287061542,0.576445807918601,-1.4210518360487745,-0.2629786086750414,Takeoff,2026-07-28 14:50:42.904,sess_20260728_144941
0.0,0.0,0.0,-0.2895726230414283,-0.1436984105597765,-0.1271819258872121,-0.4550285354933226,-0.5253463800306011,-0.1645612879759234,-0.2880669808229451,-0.8098714470969552,-0.1849003541394126,-0.0148059621898172,-0.947090858883356,-0.2184196281152219,-0.3339375944865274,-0.9622717350757436,-0.0733719742642122,-0.5326916422538346,-1.3425719208554827,-0.1612218891208786,-0.6374809189140968,-1.5759820863543728,-0.2364303179514926,-0.7064916268530188,-1.7831567706109102,-0.2996901643554233,-0.0752822587317707,-0.9908623088708082,-0.1119127623618223,-0.0510336073820064,-1.4791862821906627,-0.2007468634271383,-0.043639088272766,-1.7815176581206662,-0.2805612360462782,-0.0108449399552889,-2.039422796351257,-0.3241651276319313,0.148645087841078,-0.9012378343253544,-0.1700401650327048,0.2201671209764012,-1.3435005221648255,-0.3555913534714711,0.2187005738707427,-1.6565505364474389,-0.497534622567214,0.2727201166846137,-1.936996335191326,-0.5789462781229896,0.3405862763960952,-0.7130958925758046,-0.2272977106812133,0.154455552794771,-0.9095576290727144,-0.4430018917316894,0.000766382457452,-0.7571551239797775,-0.4896724032282739,-0.0517468530036911,-0.5764415492821405,-0.4972486887458175,Left,2026-07-28 16:20:26.845,sess_20260728_161633
0.0,0.0,0.0,-0.117859702923392,-0.3374669280723687,-0.2864332082157654,-0.1147818630701903,-0.6918470343671855,-0.2337754346942283,0.0791117101454045,-0.9344573771763046,-0.1196001952030818,0.2583263051306523,-1.0950186958683332,0.0259844666186386,-0.3961315571232037,-0.9814511702432424,0.0581386105021212,-0.4767789567151742,-1.3570335631027757,0.0847255873795488,-0.5411973129940766,-1.5965242313422414,0.0942756132205681,-0.5814778455005962,-1.7719115151062028,0.1098819512211689,-0.1784177970846525,-0.9634606269291724,0.1997766503891431,-0.2047256150584437,-1.3753363323122134,0.2412118170316181,-0.173488730647481,-1.6321543263145952,0.2251640642200056,-0.1314656772101642,-1.8132455879140872,0.2278775664967771,0.0080188590665021,-0.8651230379043718,0.2843724638227065,0.1303450236860754,-1.0768343237521725,0.1380834765913882,0.1474163339062293,-0.8736452057603034,-0.0318796797653112,0.1406105200928127,-0.728354043144999,-0.0786257051088262,0.1644889363183972,-0.7649663655719483,0.355181476849547,0.2492273350644987,-0.9568586564059548,0.1580042822025306,0.2906886080237553,-0.8702640238318294,0.0056477083101186,0.2901775460822423,-0.7761837229209537,-0.0554682058363935,Backward,2026-07-28 12:41:02.663,sess_20260728_123245
0.0,0.0,0.0,-0.1678384205596844,-0.6392407797269659,-0.2015360813951254,-0.2080093025815103,-1.2487760164947574,-0.3331665796285174,-0.144667737561809,-1.6957604727495266,-0.4260609262903685,0.0382782384533084,-2.0175657224606733,-0.4898351441676832,0.1976092300989729,-1.248917718267625,-0.3742893459272252,-0.5998293633646475,-1.223724120305363,-0.571177109826102,-0.6562926335843754,-1.034888707982827,-0.6315959885256217,-0.4435847043907737,-1.012881131285645,-0.6582371433917471,0.2527606246074538,-0.8887910389839768,-0.3823121181310277,-0.6537401693222465,-0.8702141459725151,-0.5524801542287623,-0.597811683687436,-0.7486403071966828,-0.5410837193420527,-0.367744458397078,-0.753783278807745,-0.540218500881612,0.2168711604372719,-0.5221366546315019,-0.407613999283024,-0.6070140969739258,-0.5458970054748451,-0.5948537833294328,-0.5472564350445975,-0.4652526418324835,-0.5273053160455439,-0.3410547462424053,-0.4658861115806479,-0.4687933906994861,0.1228793448876831,-0.1758641157988263,-0.4491791691617086,-0.495002422968286,-0.2223021600977406,-0.5888102550694994,-0.4587835283526227,-0.2127118120315897,-0.565908840341987,-0.2809692244537481,-0.2180532010265811,-0.5268895906164627,Up,2026-07-28 16:22:45.545,sess_20260728_161633
0.0,0.0,0.0,-0.2985630267005573,-0.2348436614145736,-0.0925933381732679,-0.4743421752437502,-0.5878418423319357,-0.1214099308358922,-0.582112890181689,-0.8889634900250944,-0.1516169898235065,-0.7396475647679661,-1.0701297128597105,-0.1785138638353053,-0.2829476317653286,-0.9673864981363296,0.0035896778253586,-0.3723340306011486,-1.3261812877209334,-0.0657966182187181,-0.4200334626059805,-1.549696381309876,-0.1435413043784653,-0.4566987657059329,-1.746335542189899,-0.2057241570122714,-0.1023766835581569,-0.9946875136131722,-0.0107594110284182,-0.1290187833912242,-1.3963707451808065,-0.0575719798776949,-0.1354088457030506,-1.636023295483113,-0.1123873109581993,-0.1341149206520091,-1.832333838994876,-0.1585854826713304,0.0697451376422592,-0.9227977250816072,-0.0473136159349562,0.0732883033673325,-1.278310169716799,-0.0955069866220697,0.0788533203683945,-1.4950386002655824,-0.1362283656190676,0.0789083233891121,-1.6764209130661414,-0.1716534626623211,0.2427771701210025,-0.7781470645256864,-0.0990131840605105,0.3099611654097786,-0.999317385878298,-0.1282278891006995,0.3356257242906012,-1.1456165495322297,-0.1381585257389151,0.3495834178297875,-1.279755749955693,-0.1514247243833027,Takeoff,2026-07-28 12:34:15.445,sess_20260728_123245
0.0,0.0,0.0,-0.1445038094049026,-0.3818700774841724,-0.1876699156966003,-0.1128796495422374,-0.7556504053628587,-0.1742891562648373,0.1608216119756998,-0.990072787640141,-0.1476094661339467,0.388902884899437,-1.1225211843907377,-0.1047940177219891,-0.2608782017746948,-1.037848351011586,0.0999648315491761,-0.3064097342226373,-1.452582787031978,0.0610370806124541,-0.3196277651599276,-1.705978468893734,0.0160771540927264,-0.3426927052966,-1.9204581592296048,-0.0096779254549375,-0.0230440949382715,-0.988487464986106,0.149537624876878,0.0754404043761081,-1.4220355082449614,0.1140647503257692,0.1770183311331772,-1.673511800490484,0.0617009265435927,0.2553194217802641,-1.890948608797762,0.0448920581134565,0.1688176488196794,-0.8438049306627403,0.1560128232349192,0.306505078347497,-1.0317099838703137,-0.0035041508607496,0.2283798124173565,-0.8249672154991698,-0.0724554283353266,0.1630569422946524,-0.7019065897953518,-0.051480768790582,0.3153193345443595,-0.674311534889683,0.149446608396469,0.4037379594448504,-0.8375076868571343,0.0024474126085794,0.310340051065473,-0.7015243069829393,-0.0223199095304406,0.232354357333321,-0.6075798918802695,0.0041283843830315,Backward,2026-07-28 15:04:08.215,sess_20260728_150120
0.0,0.0,0.0,-0.2671466384602265,-0.246087506445992,-0.1139937831445759,-0.4206870033570984,-0.6346511822672345,-0.1478987069590771,-0.3419721391149757,-0.973975646353903,-0.178557363202678,-0.199977792710649,-1.209635770883602,-0.1871725328016081,-0.3895283994476529,-1.0237242110014158,-0.0456947187712994,-0.5160244661821193,-1.4413620528448785,-0.2261828525221036,-0.5982326939204251,-1.681496380779952,-0.3267921767788347,-0.644648666014269,-1.9211363454146428,-0.3860420983891692,-0.1601565643422609,-0.9855399854840168,-0.0553246049262621,-0.1437666476536172,-1.237259471455532,-0.2782034701421036,-0.1531264360534084,-0.8786262310273667,-0.3017631242561526,-0.1220593373604823,-0.7164733050180635,-0.2549805924539494,0.0688958842472278,-0.8976111141720612,-0.0935561812091417,0.0822453588700626,-1.0590698153802327,-0.331243895765375,0.0126396723812035,-0.7343181938378965,-0.2612304771192889,0.0346264948614155,-0.6311040325142321,-0.1442036082605752,0.2894685228681652,-0.7811143926397833,-0.1407162210151498,0.2909812001091296,-0.9349802182746398,-0.2799458656447747,0.1902762803331063,-0.7089761474281956,-0.2120703527359306,0.1769553153655254,-0.610586681921146,-0.1229806804392009,Forward,2026-07-28 14:54:09.622,sess_20260728_144941
0.0,0.0,0.0,-0.3349477071056085,-0.2618756811179763,-0.0775498570168993,-0.529639492756992,-0.7246860022870062,-0.0846851385554645,-0.4519039281640009,-1.1417837743998047,-0.1127061021627055,-0.2092078871847963,-1.332412504484744,-0.1362837529738661,-0.5251764795013687,-0.9181530278672796,0.079656052912868,-0.7331326176686126,-1.322435674694254,-0.0142046596760198,-0.8567229067335176,-1.5525957284006835,-0.0733080942677033,-0.9423199058132894,-1.762026253374201,-0.1141008253342308,-0.2911243002226299,-0.9559066122875924,0.0385900298618967,-0.3735615747034872,-1.4650841116000826,-0.0805148628832549,-0.4424670454577886,-1.7663510428667362,-0.1528810512005038,-0.4695652929293872,-2.0218865075913346,-0.1829511095784975,-0.0590237328592208,-0.8850314529092852,-0.0262541036642559,-0.0844853235350325,-1.246665342606386,-0.23901772411198,-0.1726287002844439,-0.944242510917022,-0.241110565568701,-0.1858398316068525,-0.7208177547856928,-0.1728341117277655,0.1744264499817374,-0.7493439781650097,-0.0957427190562283,0.0469690064258111,-0.9628364656946796,-0.2792164356139163,-0.0430444268555992,-0.7280805559432839,-0.2653395979653574,-0.0410953372717128,-0.5385444998395452,-0.2079989328004786,Backward,2026-07-28 16:32:20.950,sess_20260728_163042
0.0,0.0,0.0,-0.2762674158378445,-0.1436498578315249,-0.1806087172432793,-0.3666706624521748,-0.458439206790023,-0.2458307255602109,-0.1615338530422172,-0.6999502087280239,-0.2900802768471022,0.0476273614916325,-0.7836189094437369,-0.3230861117083659,-0.474035067975428,-0.918678631356228,-0.126968172797861,-0.5113123652779109,-1.3190300812027025,-0.2273504198331312,-0.5201448580718975,-1.58366498688138,-0.3159780872538355,-0.5328330565964269,-1.8081684453252689,-0.3825301012365672,-0.2631278715389469,-0.9587722684391696,-0.1073287496032274,-0.311343046593444,-1.354144555174407,-0.1928545059992733,-0.3493929726545671,-1.634564579410575,-0.2713047730082676,-0.3900638860449404,-1.882959921564619,-0.324318169969194,-0.0581626541022613,-0.9305789117710972,-0.1085936915907214,-0.1033082853266369,-1.2944179450917932,-0.1921536881198749,-0.1428673116560068,-1.5435224858590295,-0.2522419481726463,-0.1802509112706492,-1.77546545325127,-0.2890637932703351,0.1417574907235195,-0.8414936485372632,-0.12894180332307,0.1255406546125647,-1.150502073213805,-0.2030439674361966,0.0949584401540393,-1.3532369049172317,-0.2255099383774894,0.0681642657171506,-1.543974141552675,-0.2331978734533097,Right,2026-07-28 14:56:18.523,sess_20260728_144941
0.0,0.0,0.0,-0.2102067575840857,-0.2434165731990983,-0.2572560986544918,-0.2275727721668245,-0.6219911313659803,-0.2240077901907581,0.0214456946077695,-0.8542784145227694,-0.1261482216509515,0.2348697960730669,-0.968616223709132,-0.0151149924199289,-0.3763571453047921,-0.9666120267098224,-0.0184131238698181,-0.4927648181229019,-1.3504086074195665,-0.0014556042645585,-0.5619274361056874,-1.5912465210011115,-0.0201670759595837,-0.6016960478128893,-1.7887641250527984,-0.0444617506302876,-0.1858238860232304,-0.979355688363768,0.0795733564250961,-0.2920912018613756,-1.4198511514993073,0.1418551870409895,-0.3451738437108711,-1.6666727563383448,0.1258876589949695,-0.3702976725057098,-1.8746206780990475,0.1032875803108533,-0.0106559765155956,-0.9093939122808412,0.1353689714427521,0.0226132441214264,-1.2728834481560356,0.0808057146101463,0.0281584620948428,-1.482849214015699,-0.0609597946232854,0.0634333247181964,-1.728579371990897,-0.1640510440393466,0.1540463736551008,-0.7610224843228965,0.1727661386851876,0.1903842650641974,-0.9144292103896572,0.0523066720846425,0.1648473305352223,-0.7846470588055063,-0.0197208998410454,0.1520110291577646,-0.6654971217281472,-0.0626711409194996,Left,2026-07-28 12:41:30.021,sess_20260728_123245
0.0,0.0,0.0,-0.2992936843819552,-0.1114470197222973,-0.1591853900177652,-0.4736511654765194,-0.4631453924157283,-0.1926967403491462,-0.3325298395218929,-0.7892206916421998,-0.2016672588204435,-0.1048513238107597,-0.9750570539718648,-0.218710946373852,-0.5828902982976801,-0.8398449548711547,-0.0916458608837903,-0.8603708624196016,-1.167002058754629,-0.1734161607458886,-1.008195998168628,-1.3831039829162035,-0.2455769757724046,-1.1131841497110475,-1.5782171655781396,-0.3037531060778439,-0.358546084646006,-0.9285529367453924,-0.0960944787515173,-0.4719372400032419,-1.385881485994639,-0.1661988620257336,-0.5249507451377656,-1.6710112529790395,-0.2276084526020845,-0.5395819908280627,-1.9153869966085653,-0.2609569038593835,-0.1252219268900599,-0.8995224865544986,-0.1215780299626004,-0.1557416687052353,-1.3138047318008337,-0.2843421905696112,-0.1951821791275964,-1.5932005512518017,-0.4086001852326945,-0.1860171347342664,-1.8685075186340487,-0.4801150635040944,0.1003831160237264,-0.7643889552023815,-0.1511039917130457,0.0218860284674145,-0.9217203723884148,-0.3384856064614415,-0.0236659541786519,-0.7628370757105769,-0.3747569194549273,0.0030950199861491,-0.6059587547357086,-0.376956816415529,Left,2026-07-28 16:20:45.437,sess_20260728_161633
0.0,0.0,0.0,-0.3812887463653957,-0.2166798162250582,-0.2333643981487266,-0.640445714149578,-0.6355225461947682,-0.3668917392161269,-0.6771036232363875,-1.0415630913144365,-0.4745819004353092,-0.4930787271066295,-1.2658362207124714,-0.5256328465199352,-0.3375749211676963,-1.0428001777003713,-0.2225062946367308,-0.3582612409802287,-1.2782584303433449,-0.4383929136236433,-0.402900610856902,-0.908166529247898,-0.4859959333658342,-0.3659857252640591,-0.7628464389102507,-0.4966262416101142,-0.0558963111621673,-0.9791463624656124,-0.1953151383503636,-0.079051438030896,-1.2137948873386917,-0.4343120392053937,-0.1666198352758891,-0.7798985182222634,-0.4169494500548187,-0.1410999962350334,-0.6827336623191007,-0.3589088750852408,0.2103122801603657,-0.8823438987441029,-0.2057635901080418,0.1890056010664839,-1.091810294465881,-0.4473119713153788,0.0488039081846965,-0.6813955353795567,-0.3212436560675376,0.0550338342797271,-0.5906616135355078,-0.1885134746129344,0.4513263599108119,-0.7372830137482305,-0.2367302909534583,0.3787822142005398,-0.877921806083743,-0.3782449331858595,0.2264535085994031,-0.6044722227343142,-0.3001883194782317,0.210987865038418,-0.5278457579900342,-0.214634521457658,Land,2026-07-28 15:11:38.861,sess_20260728_150914
0.0,0.0,0.0,-0.1325517981617911,0.2543874839556033,-0.2471841641723184,-0.3489037115839991,0.5606740353654656,-0.4416695942776558,-0.467156069836058,0.8336522844086115,-0.6038489902747285,-0.521985551888633,1.0634714491611323,-0.7389256704382565,-0.9239163379630424,0.2185217950660503,-0.3769242757344328,-0.6884815391828585,0.2862116863393289,-0.5593604073367642,-0.4563501830764698,0.2761412940375689,-0.6387908496871395,-0.4498609331385739,0.2460947338665983,-0.6934462914257583,-0.9338865762782204,-0.0790050155300978,-0.3487320893873011,-0.5873353907899582,0.003647972387638,-0.5024478134123584,-0.3653495424752662,0.0567390543803824,-0.5131240918084014,-0.3977605561712847,0.0315945766072163,-0.5268047621792131,-0.8396856516094011,-0.3239120141649101,-0.3405448196559829,-0.4775686245756143,-0.2410650917095196,-0.4890773927772547,-0.2937525531363378,-0.1445336748220116,-0.4593507335443355,-0.3419471977741579,-0.1458502445001737,-0.4421803796092249,-0.6854181929296244,-0.5342120774233501,-0.3606241916559124,-0.3910000710279085,-0.459772808994298,-0.4601535587958704,-0.2510891400302157,-0.3308664338459409,-0.458716212514798,-0.2951455129915386,-0.2896120052328728,-0.455846755274679,Down,2026-07-28 16:24:53.090,sess_20260728_161633
0.0,0.0,0.0,-0.3485353591556486,-0.0945478070814558,-0.1275267321037851,-0.6917291229967937,-0.4480661271359371,-0.1485315826487735,-0.7842323024131252,-0.8086948413705619,-0.1635908095264742,-0.604966563205994,-0.9993647751537575,-0.1332733025916423,-0.6216175824486785,-0.8268296511577299,0.0335627391144195,-0.6918107257791061,-0.8722057993800868,-0.112634707047989,-0.5775915835966688,-0.6164610969367207,-0.1544502533412206,-0.5228494111446784,-0.6319923411495041,-0.1672492604085953,-0.4063077866721601,-0.9128881099827584,0.0393609088014687,-0.4316772623707978,-0.8435074492808785,-0.1163057085519825,-0.3334998091131573,-0.5263690929819362,-0.1039000756417792,-0.3251736031143089,-0.5813382211938879,-0.0541037068093014,-0.1691375614505315,-0.9330948327718828,0.0031058152266752,-0.1800392880023802,-0.822451209241288,-0.1669829276660131,-0.1247270356010309,-0.5233330136691818,-0.0946785180911504,-0.1203679656406694,-0.5581211217526909,-0.0055156652210961,0.0740558227429909,-0.9156572867895164,-0.04950169605986,0.0373544491148372,-0.8072595440233253,-0.1391886654909352,0.0446089301317094,-0.5817198360672622,-0.0989873459971188,0.0552250152919415,-0.5920511661345219,-0.0442570515296368,Land,2026-07-28 14:51:45.465,sess_20260728_144941
0.0,0.0,0.0,-0.2276353631007016,-0.1948820000857163,-0.280058680243165,-0.342237652453458,-0.5243039763304076,-0.3620336725662277,-0.3236276240195991,-0.8680395404401359,-0.3929025039454853,-0.2737076087918063,-1.1486134022343089,-0.3999737557999077,-0.2918304439331967,-0.9531713186968632,-0.1414877555345722,-0.3409933834446466,-1.4078854360033517,-0.2070500650318442,-0.3594705478472726,-1.6873374691495022,-0.2719259701653727,-0.3764740469574861,-1.922387460958512,-0.3196542764981904,-0.1322148933793213,-0.9908573438469434,-0.0268504397221891,-0.1836002651767093,-1.4477878507318664,-0.0638215677263873,-0.2268625763448496,-1.7390276955404411,-0.1140045587522126,-0.2942975303391821,-1.9636264470529536,-0.1541401275730573,0.0008067014517152,-0.956176508206034,0.0557336032272746,-0.0448177040795374,-1.3370799352974183,0.0128893199550141,-0.1027461195616993,-1.589483827718,-0.0442502200625677,-0.1675837668033463,-1.7976190715695792,-0.0861442781381747,0.1548096342086659,-0.8669942275758767,0.1116546879271616,0.1956226849579561,-1.1274630950998286,0.0793887353644458,0.192072745367346,-1.3015372584988243,0.0426979394193243,0.1786052120866407,-1.4634954156841136,0.0129964257652971,Takeoff,2026-07-28 14:50:57.144,sess_20260728_144941
0.0,0.0,0.0,-0.2849713980128535,-0.0917621060259082,-0.2247602180111687,-0.5471436767673373,-0.3171670535030321,-0.3452080733872343,-0.650278866541109,-0.5586582256340868,-0.434939320171142,-0.530373766732134,-0.7621178793239171,-0.4859017747913425,-0.4012098920803904,-0.9107611738763776,-0.1657277845549241,-0.4076154928491634,-0.8713195181670418,-0.3373887473620617,-0.3585211648408518,-0.5993088019134905,-0.4257379531409874,-0.3562844592385004,-0.411544224283379,-0.4608271475734058,-0.142755752995906,-0.981620788614386,-0.1266547367714403,-0.1488676016912628,-0.8385982802633948,-0.292609033141303,-0.1538937945754913,-0.5149323382960919,-0.3413744815134395,-0.188962734235314,-0.3729226553810529,-0.3386285130572538,0.1051358115338257,-0.9392547199022966,-0.1169254290935793,0.1068593190693815,-0.7694612181930912,-0.3029674685236805,0.0735957740971799,-0.4649600527019259,-0.2704490676998846,0.0340890137616437,-0.3313025699436625,-0.2023914258642888,0.3161649630965555,-0.8264962272498129,-0.1263450268307577,0.3286210695351099,-0.7381638908029204,-0.2619980821236209,0.267279432858316,-0.5017943404704093,-0.2251206227541194,0.2023523542074138,-0.3837119676473194,-0.1560171402032405,Land,2026-07-28 14:52:32.280,sess_20260728_144941
0.0,0.0,0.0,0.203214362552952,-0.3514133590113301,0.0727712252224646,0.2793514836106421,-0.7708870642092369,0.0814659140246143,0.3628662955068621,-1.092955457537959,0.0761372154572392,0.5503066257809884,-1.2312338996655292,0.0623667660242598,0.1367198153653769,-1.0434466646998568,-0.0719221314396059,-0.236344050058079,-1.200511478565757,-0.0752729168539718,-0.2597310740027432,-1.0225202647429017,-0.0692502159285231,-0.1811476734309609,-0.877280217999176,-0.0654794003656005,-0.1083360259025775,-0.9852859993836008,-0.132192302764931,-0.4549250103791478,-1.085599669359817,-0.1145120877418036,-0.4583496087238955,-0.9221154140879784,-0.0946070319957296,-0.3676328418721986,-0.7992491118241329,-0.103574362284087,-0.363191136725536,-0.8670724847335624,-0.1748395645959774,-0.6643981948285282,-1.0258130611753595,-0.1770765949052486,-0.661312782176071,-0.8783877014173754,-0.159809643845393,-0.5558934444672217,-0.7559661099981444,-0.1708520421492655,-0.6051156372954624,-0.704473180563883,-0.2047855347768773,-0.8875106579876,-0.9700315844046656,-0.2164728554685564,-1.07208498816311,-1.081417676375609,-0.1969978685903836,-1.200582911471368,-1.2020951920755307,-0.1912172226165922,Hover,2026-07-28 16:26:19.431,sess_20260728_161633
0.0,0.0,0.0,-0.2643010512084207,-0.2239951866108478,-0.2364239473345647,-0.3526863718052388,-0.6030692024362526,-0.2943706114272396,-0.1495807464828014,-0.971724848828399,-0.3239857460577437,0.0869203516745443,-1.1855003595775735,-0.33679601633593,-0.5519570892981926,-0.9277730181411932,-0.1034206646778286,-0.7621945542289259,-1.332669234276708,-0.2294656700148219,-0.913058397972158,-1.5919613383801088,-0.3194547402892815,-1.006730186552099,-1.811137332278432,-0.3736164746901106,-0.2612729449244152,-0.9632353917121704,-0.062562196281983,-0.2660642636512328,-1.4968479040087916,-0.1532899982847843,-0.2633481347174581,-1.8044318102474504,-0.2067507283562936,-0.2346033917018657,-2.080577273749731,-0.2232152131484548,0.0048907061452423,-0.8719489824396849,-0.0552583892159489,0.0339838333495398,-1.1700065680529737,-0.2628840393379895,-0.0478421614270457,-0.8910287662887523,-0.2839105935459496,-0.0885775129472467,-0.7023834821228802,-0.2255727591028357,0.2274426216594249,-0.700933384744001,-0.0624873306571068,0.2106281883222179,-0.9508469897380698,-0.2445605100399113,0.1144663507742071,-0.771181679824658,-0.219277403177859,0.0381054450320096,-0.6160609177336438,-0.1479866982337618,Backward,2026-07-28 16:19:12.772,sess_20260728_161633
0.0,0.0,0.0,-0.4139177888982346,-0.0770719072152851,-0.1886246134123041,-0.8420566134215773,-0.4402099869962413,-0.259351567400944,-0.9913932525362252,-0.8404195156894756,-0.3182499007993281,-0.7812107821453946,-1.0106737042934564,-0.3226858777076055,-0.7562220795913244,-0.8039269183241577,-0.0340421214433755,-0.8326566332116527,-1.0444171509369882,-0.2021743491750034,-0.736268597243258,-0.7412007962680799,-0.2260639363627747,-0.6872386031572708,-0.7049086892254215,-0.2219399018334454,-0.49981833031164,-0.8661098315573037,-0.0059494843695441,-0.5472694202668716,-1.0610836201489409,-0.195503504926449,-0.4593125678518311,-0.6608190508645628,-0.1609426232519922,-0.4624233551351047,-0.6784905078067146,-0.0842319584719193,-0.2358533883915433,-0.8875679852089665,-0.0256042827251441,-0.2773918987800734,-1.0333761317322088,-0.242439437567996,-0.2306251491261859,-0.6582015040468815,-0.1485163358691112,-0.2345684681903215,-0.6516403639902643,-0.0259219249411498,0.0261930153640278,-0.8824157609069697,-0.0604990022067351,-0.0463482903650547,-1.00710669014262,-0.162104336152366,-0.0262507291594737,-0.7503766043069762,-0.0960782719047516,-0.0162929745903556,-0.7125169713877714,-0.0182903207848564,Land,2026-07-28 16:29:16.561,sess_20260728_162716
0.0,0.0,0.0,-0.2563769700851785,-0.2269398569093376,-0.1072389144876088,-0.3681032179576197,-0.5575545888750496,-0.1517124787692977,-0.4032382108219236,-0.8280726985726763,-0.198247606606035,-0.5657017398977889,-0.9869425129595124,-0.2458911224287404,-0.1255284693273342,-0.9765756535076892,-0.0377426038925949,-0.1440804401133165,-1.3150562053317003,-0.1219084505517188,-0.142219368884338,-1.539758435806077,-0.2114145470097755,-0.1410057472491629,-1.7397852631664292,-0.2837319881728248,0.070589923730453,-0.9955994959020512,-0.0616336468766084,0.132008968720946,-1.4041202396473402,-0.1356189807677747,0.1921252638511541,-1.6558247202566672,-0.2089903747378553,0.2479548146165691,-1.862962594567963,-0.2674609148823879,0.2337031652410701,-0.915174341801363,-0.1070320377174347,0.3301806359470421,-1.2795070663934145,-0.1825042947863815,0.4059460925503012,-1.507242334986323,-0.2493785990442644,0.4665417405181468,-1.7072359124388623,-0.2997273874011926,0.3864126029578496,-0.7575760593058098,-0.1671299184021699,0.5356948064268025,-0.9958255029143246,-0.219194286551181,0.6211780103926906,-1.1591578243730876,-0.2476184782298404,0.6852280466997436,-1.3161707237694216,-0.2745757024479605,Takeoff,2026-07-28 12:34:16.773,sess_20260728_123245
0.0,0.0,0.0,-0.3599995801777874,-0.214438585312026,-0.2217713885486478,-0.6451298804861597,-0.598262751529645,-0.345930380154401,-0.5965906797928352,-0.990832395631154,-0.4567381899050804,-0.3107727741490554,-1.138855863734899,-0.5173803219796901,-0.4477337506764747,-1.021376523406198,-0.0863402625888112,-0.422145705325874,-1.3240192102051551,-0.3264579540167778,-0.4564690875898687,-0.9847302250880328,-0.4208898988159613,-0.4408552809192749,-0.8314879600429398,-0.4494861679925118,-0.1817386298169945,-0.981162029547524,-0.0655144427315472,-0.1362704002045619,-1.2690496042752435,-0.3288961443840047,-0.2095115789514258,-0.8472636657229707,-0.3524589072031672,-0.229480496705095,-0.732095832856632,-0.2998273297502544,0.069132580395799,-0.9005668249856444,-0.0936328186734881,0.1173853778989522,-1.1463013167370402,-0.3668094896232249,-0.004100358812537,-0.7438568233890155,-0.2839070360143277,-0.0434583367959849,-0.6258968961304164,-0.1538062873811658,0.3094067933459184,-0.7741309478246117,-0.1405648240926173,0.2968761189981782,-0.929097019401309,-0.3029090954188809,0.1857414610148425,-0.6554795331403375,-0.2471664583610854,0.1476770113539199,-0.5557706590787032,-0.1614517274518515,Land,2026-07-28 15:03:03.996,sess_20260728_150120
0.0,0.0,0.0,0.0001328006912114,-0.4678280450132884,0.0066659689728615,-0.1868825245805704,-1.0055278090888702,-0.0444402228510359,-0.3320509874329808,-1.4262379858017256,-0.0890392932669955,-0.2328821544792547,-1.7248489104614315,-0.13984705082298,-0.3194167823251048,-1.0800902382800266,-0.2619585761229676,-0.9140090781083854,-1.1322421347869784,-0.320819424591807,-0.8465505706040592,-0.9455276080732976,-0.3085154738344439,-0.6853150547010278,-0.8793243000845888,-0.3042970548856037,-0.4786115277064238,-0.8190552525569207,-0.3163534396927621,-1.0458971390058345,-0.8555135355509439,-0.3563664086070406,-0.9203741919397852,-0.7031596899360794,-0.3083586883066148,-0.7337712477617653,-0.6376540016184966,-0.3076640641398018,-0.6517756410347038,-0.5327379608063886,-0.3561647945250824,-1.1574144392393535,-0.6507827977718369,-0.4207510294354678,-1.0561221265614935,-0.5118469808934274,-0.3715689674337634,-0.8863729713585339,-0.4371858664768471,-0.364675812758737,-0.7917377509741425,-0.2470235975073091,-0.3864228412376028,-1.2608059347730298,-0.3411962621006952,-0.4682212855349489,-1.483490310860802,-0.3460855908072034,-0.4776958992601917,-1.6601416072517272,-0.3931266577053883,-0.4956500784238021,Hover,2026-07-28 16:25:29.157,sess_20260728_161633
0.0,0.0,0.0,-0.2471019430847539,-0.257017900653771,-0.1699763854072361,-0.3724964422123522,-0.7376240500202076,-0.2558640958028272,-0.2582125704997232,-1.1120803377278443,-0.3385956009088071,-0.0270347224193081,-1.321366841875609,-0.411281269730458,-0.163768362956699,-1.076908307794464,-0.103599201126206,-0.1850628665854097,-1.5326193742566137,-0.2729131811963634,-0.2107889919073784,-1.828705666303117,-0.3614860752950138,-0.1990254673643426,-2.070942536545702,-0.4241362948321006,0.0959297133823877,-0.988761919569088,-0.114661922626586,0.1462141684813515,-1.3543970065083044,-0.3894164291345088,0.0295533225527286,-1.045829085514398,-0.4439720020494141,-0.0215861639871829,-0.7715321634425378,-0.4019422852674179,0.3201029315421188,-0.8337522705092095,-0.1527593871554006,0.3171177407843478,-1.0596541822012078,-0.4442983269586883,0.1481075701527445,-0.7174533208422296,-0.3989247793992677,0.0899784571362536,-0.4865572407395584,-0.2811785538226137,0.5278811773748449,-0.6321989701227667,-0.2020554594602867,0.489684057414756,-0.8402327691243067,-0.4093488343734413,0.324556316472979,-0.6133394760103225,-0.3787680232090685,0.2638466110705038,-0.4333147989298264,-0.3026967283014162,Forward,2026-07-28 15:11:47.215,sess_20260728_150914
0.0,0.0,0.0,-0.2249536291292001,-0.4724891716937656,-0.1670417077626932,-0.203280952969774,-0.93424137591111,-0.2477504443611552,-0.1527408544612531,-1.2579023638459632,-0.3061226612446647,-0.1543405189883995,-1.5477002913858928,-0.3323297670507671,0.3782755807129444,-1.0569121017237413,-0.1754076342353208,-0.1072415113975687,-1.0832517515899995,-0.3405494831971493,-0.237570101332091,-0.8368372172630233,-0.423934224463238,-0.1490338891449283,-0.7387887596920095,-0.4759003323150061,0.545974668873808,-0.8174182394281454,-0.1836820154460611,-0.0646500876649588,-0.8185229979137268,-0.3298988191271291,-0.1814138788554526,-0.5997931735708164,-0.3454536508647405,-0.0688536064631442,-0.5325873443798186,-0.3512377388593719,0.5900529074733073,-0.5294512171259617,-0.2175842025480079,0.0069253897013179,-0.5332184637803798,-0.3627074802909653,-0.0924903684314955,-0.376129040891268,-0.3078510320449145,0.016215043436122,-0.3352433169339291,-0.2601480503765769,0.562475131341164,-0.2488554417760382,-0.271909632112375,0.1107936547679204,-0.2648236312605763,-0.3685037368786901,0.0256275437984322,-0.1880175683972059,-0.3393968366175172,0.1123450193409422,-0.1620056842661466,-0.3009055548045362,Up,2026-07-28 15:06:10.297,sess_20260728_150120
0.0,0.0,0.0,-0.2087686961201341,-0.4352016284369458,-0.0233204450348755,-0.6487299341343251,-0.816645843174411,-0.072068515607792,-0.9586705351440606,-1.1092427705937309,-0.1195164036903586,-0.9890001650359131,-1.410931817433975,-0.1650765820942209,-0.7865704279903433,-0.8579428520263412,-0.1499604183104097,-1.3340448287608817,-0.6251888753602409,-0.2525132334257056,-1.1784862752636625,-0.5263290797929545,-0.2932200075678868,-1.0055078709592578,-0.5811686697290043,-0.3146767752517025,-0.7871118331834115,-0.5890791306999926,-0.1828680940907697,-1.301925272081024,-0.3298926903077797,-0.2519909518055259,-1.1222066109290083,-0.2792095544417928,-0.2356942987850427,-0.9544954529304588,-0.3286335863419385,-0.2408974167159067,-0.7783220445686888,-0.3022597814507997,-0.21385620903955,-1.2001932149517711,-0.0890613920657995,-0.2790605574921924,-1.0375088020356853,-0.0657942859047817,-0.2225959196556312,-0.8782519675307658,-0.124735634510716,-0.1950716881807444,-0.760780119969801,-0.0374370197045723,-0.2447738937520139,-1.0667511032257346,0.0858248512117771,-0.2955357434330398,-0.9101944775783076,0.0982210484156402,-0.2573196511678859,-0.7509840152604956,0.0558514548393461,-0.2221845349410301,Up,2026-07-28 16:23:22.860,sess_20260728_161633
0.0,0.0,0.0,-0.3099636104674183,-0.1953256639371377,-0.113174903277932,-0.4318134713103297,-0.5555424963673737,-0.1524055685260972,-0.2214378405278525,-0.8286861943143365,-0.1806145732653588,0.0499987647087517,-0.8554156774248408,-0.2029262345790136,-0.400545863002184,-0.9198251698602712,-0.1034727998189458,-0.5932720414282349,-1.2714319092418125,-0.1831607100924157,-0.7100797835496666,-1.498184086913687,-0.2555956272406589,-0.7864140919110397,-1.6895049169576832,-0.3202273787017974,-0.1616523135061508,-0.979998314015664,-0.116068230212083,-0.2123732571019543,-1.4312199844332107,-0.1781788652812069,-0.2340461844310978,-1.7042562028689148,-0.2245490232701729,-0.2569702801641985,-1.9385176070369297,-0.2660801264656927,0.0508767204495989,-0.933363156134096,-0.1452787937596046,0.073127260531184,-1.340480162633152,-0.2407674631708282,0.0662636280671959,-1.6010554059800173,-0.2979856051419008,0.0571997616058968,-1.814637856467584,-0.3360651592843025,0.2778430750007926,-0.7988904491494583,-0.1848600302547345,0.4113274136963278,-1.0797007147327549,-0.2751653715077638,0.5059410604037003,-1.2468004600839533,-0.309132514477865,0.5759982785217154,-1.3964228245824994,-0.3326835957528425,Right,2026-07-28 16:21:20.999,sess_20260728_161633
0.0,0.0,0.0,-0.041870754028985,-0.4590579497557627,-0.0514705825031862,-0.2212909897728495,-0.892265266987763,-0.1222106585877464,-0.4119366590384756,-1.2317917758311865,-0.1839091401486552,-0.4740114266745704,-1.5285725207800998,-0.2533521354709256,-0.7215924240932892,-0.8191758799393906,-0.2025762162361694,-0.98993777567966,-0.5625550238908531,-0.2607861978011446,-0.8693601428899043,-0.445286671250086,-0.2961256935623921,-0.7544391962062503,-0.4213079788861125,-0.3202154831316656,-0.8171988908462233,-0.5326216486548427,-0.2202275009709267,-0.949099405959954,-0.2940294178847085,-0.2229136499469218,-0.7807447622358131,-0.2554624528104671,-0.2192981760318936,-0.636008421409886,-0.2614037658182559,-0.2487397909485274,-0.8475793607092933,-0.2218713055472387,-0.2268908463350085,-0.9201489942850196,-0.0708607580102493,-0.2426209094311931,-0.786454848216382,-0.039759907128286,-0.2187928468919557,-0.6515818462006755,-0.0391654256643958,-0.2255146456208604,-0.868459388077449,0.0572121957585644,-0.2357290428457511,-0.9029565425998016,0.1290183941692173,-0.2518588887577124,-0.7691352634470189,0.1594922939169737,-0.2103022668516645,-0.660545862683896,0.1721150374177156,-0.1797256459593946,Up,2026-07-28 14:56:53.736,sess_20260728_144941
0.0,0.0,0.0,-0.3006828800758761,-0.1855296278064427,-0.0733591881872752,-0.4460615671494071,-0.5397571497639593,-0.1013158478298931,-0.3291618374024966,-0.781050774981084,-0.1397521769113063,-0.1272585545301289,-0.8362288076566331,-0.1774090559087684,-0.2780529520737931,-0.9579393962059328,0.0018797778334677,-0.3943615960018528,-1.2624213686817702,-0.077952847264639,-0.4705050635239134,-1.4676640679623942,-0.1592114141189114,-0.5267726185060478,-1.6520795546744704,-0.2273892355930819,-0.0986494559016869,-0.9941027040897104,-0.0450344154156196,-0.1078627083519399,-1.3847182978255583,-0.115288889192615,-0.1318776780788239,-1.6539352662771225,-0.1843639926586674,-0.1524536286682594,-1.872160617518881,-0.2344161141727333,0.0626846957224212,-0.9348768540857372,-0.1125970314713643,0.0686044805706205,-1.3021956513581103,-0.1893611719909119,0.0485863992294986,-1.5547591374536236,-0.2570828763916496,0.0312942378637141,-1.7593839239539024,-0.3048345389751327,0.2063005554365134,-0.8067242241138524,-0.193077645806305,0.2241950314193924,-1.0844765826681313,-0.2634258084004466,0.2240746624608124,-1.281118492318194,-0.299558366290707,0.2240626349614383,-1.446722124325598,-0.3256354413887998,Right,2026-07-28 12:42:52.629,sess_20260728_123245
0.0,0.0,0.0,0.1413494092785196,-0.4343252986061494,0.0303675376611481,0.1372444370146319,-0.9624429698654378,-0.0053760356852069,0.1737390757455809,-1.3672036410459234,-0.0393825659318861,0.3430101905959675,-1.61475467518954,-0.0741427731454371,0.028647826364979,-1.1153534019910027,-0.2303882575130222,-0.4887799086441008,-1.3034618900871728,-0.2736735035523578,-0.4658090005651807,-1.114282449174674,-0.2585129510927284,-0.3452089343061247,-0.9992589733830596,-0.2563676545520386,-0.1889897653584174,-0.938037689747386,-0.2904619789286661,-0.6957967458176804,-1.105845224102148,-0.3118695886979639,-0.6401648986290854,-0.9145952122148644,-0.2537852717600688,-0.5037505702539008,-0.8045843955611527,-0.2509524641304271,-0.4338113158901711,-0.7284660814615315,-0.3357901663217796,-0.8711763751638291,-0.9538765673440482,-0.3656332787976185,-0.81910293609993,-0.786914786453096,-0.2986173818669214,-0.6782489223378023,-0.6594893426223343,-0.2898506287106068,-0.6537389367209218,-0.4960945099207527,-0.3732752372592656,-1.0328787679895493,-0.7364137240028643,-0.439739331187567,-1.253861840342765,-0.8299013814071838,-0.4450691927276791,-1.4210529829706997,-0.9393315454282538,-0.4638173976511222,Hover,2026-07-28 15:08:28.903,sess_20260728_150120
0.0,0.0,0.0,-0.3758656438276552,-0.1657853352787038,-0.1410457220737738,-0.6067909385680007,-0.5205820835348217,-0.1980032181606478,-0.6839536449974206,-0.8536662482270623,-0.2472363647474931,-0.7467626782367136,-1.1048972897821785,-0.2927328340294982,-0.3757331925006285,-0.927846927959388,-0.1023279398741805,-0.49664568037568,-1.3296498959543614,-0.2107427858701574,-0.5576331896557263,-1.5783343379985473,-0.3015432057939088,-0.6020712088616916,-1.7861572835975097,-0.3685914302336557,-0.1501324186446921,-0.9829255656587106,-0.1063841588132314,-0.207222534524102,-1.409516923048121,-0.20277195261175,-0.244042655713476,-1.6760526443113009,-0.2849282387919111,-0.275457654631474,-1.8903797062902312,-0.3462399131484765,0.0633595785234242,-0.9492624132385608,-0.1335268817766038,0.0646643251739436,-1.3628434414083652,-0.2366385739302577,0.0411215323178996,-1.6216540831543098,-0.3131127618234953,0.0121433682723798,-1.8309721039924305,-0.3632635400390623,0.2793795316861169,-0.8480260229783748,-0.17436836826301,0.3682586399139934,-1.1589047863370998,-0.2624362214720424,0.4101497975515699,-1.367066010678576,-0.3147580895784879,0.4304212148392394,-1.553348956268662,-0.3497761164973449,Takeoff,2026-07-28 14:51:02.924,sess_20260728_144941
0.0,0.0,0.0,-0.2573259454950584,-0.2143169407851118,-0.1537182617055192,-0.3983893676987111,-0.5679818553834619,-0.2126796867794925,-0.4115723036770952,-0.9067828388722494,-0.2615179915451506,-0.4041722147489145,-1.1818672309611344,-0.2956705393479675,-0.2370321660063093,-0.9692100096834422,-0.0645733015320221,-0.2794137238605568,-1.3937720018912845,-0.1662114239252113,-0.2996400691923399,-1.6528412970272923,-0.2515483189125187,-0.3185779509703923,-1.8655278919170253,-0.3116462874396019,-0.0625901612298855,-0.9968415235906012,-0.0488819860765312,-0.0661844165197837,-1.4377783842852638,-0.1324116263324073,-0.0814517746819372,-1.710954522244549,-0.2001436880422408,-0.1199908370964075,-1.922041838066676,-0.2473205432757099,0.101154106553804,-0.9459055453876212,-0.0603657156523617,0.1064739695285067,-1.3545585979071548,-0.1420927253121608,0.0919498594544841,-1.6016733482690728,-0.1975002285992356,0.0564876644967717,-1.7994476449737773,-0.2319805608822825,0.2769693092886177,-0.8297603693082282,-0.0899132549971931,0.367468892659883,-1.099738022750376,-0.1551689150813739,0.4033314963290993,-1.2902660923042566,-0.1953965552887777,0.4152720536688843,-1.4595238386006624,-0.221927129284489,Takeoff,2026-07-28 14:51:07.976,sess_20260728_144941
0.0,0.0,0.0,-0.3254968416940585,-0.1900507769504316,-0.1949893268254095,-0.5686570776007401,-0.5300076489162561,-0.311269633068102,-0.536511475258312,-0.8731580479061952,-0.4239159606817436,-0.3394717522965171,-1.0996557648112897,-0.5211427376007295,-0.4898512542587362,-0.998802338588078,-0.1164576433023851,-0.5549886144101048,-1.4781484165604333,-0.2993322747670722,-0.5877911940044265,-1.757604959712051,-0.4090457011783523,-0.5861563109046579,-1.9937471452666589,-0.4861296123432434,-0.2158371518337976,-0.9692942283897988,-0.1178262394312011,-0.2326079247855889,-1.2048477254138876,-0.399541643226218,-0.2635331324316852,-0.8413904470620202,-0.4594624407293,-0.2699164951976781,-0.5847331796301081,-0.4291061164648,0.0392427313177985,-0.8757960369537223,-0.1501371774993793,0.041407952294271,-1.082914948034571,-0.4228912394370426,-0.0574404687987699,-0.7279334925733925,-0.3570303879673275,-0.1010920108308414,-0.5032856049721437,-0.2359995612052509,0.2766246908004797,-0.7341557166725243,-0.2005984608888536,0.2407258352717348,-0.8820236560038153,-0.3859095604614709,0.1280823825990659,-0.6548013829874215,-0.3405243935298054,0.0815215422750872,-0.501056780363289,-0.2574018818104972,Forward,2026-07-28 15:03:16.643,sess_20260728_150120
0.0,0.0,0.0,-0.2602602451667449,-0.2368338588906417,-0.1371439755137236,-0.3040313218405965,-0.5824388030088771,-0.1765474083885415,-0.0166749759160769,-0.7654075411892753,-0.2048652220310641,0.2244013522886385,-0.7541053465580929,-0.227482859717967,-0.2583728898047343,-0.9730602417844804,-0.0713897896556463,-0.3586350504784579,-1.3412679893187516,-0.1402180973239354,-0.3962350704716775,-1.5871790343644008,-0.2118665518609628,-0.4215614988804213,-1.8035700786157025,-0.2807509588431316,-0.0171817198950447,-0.9969602674974384,-0.0759935098076409,0.0083050772236945,-1.4439070032546284,-0.1319580350090519,0.0464008063485109,-1.6988756096069668,-0.188311480762974,0.0722263138123003,-1.9020377880915085,-0.2391564066977997,0.1879819948871778,-0.911653232396256,-0.1025861539137333,0.2578809470581681,-1.2968855688851646,-0.1924670093559203,0.3119905524107614,-1.540976921345497,-0.2733999168592771,0.3579674091740517,-1.741229732586075,-0.3331433569294038,0.3933447333836592,-0.7415461044036501,-0.1437006323811159,0.5723721148216562,-0.9725752371156025,-0.2376381735880396,0.7004651517188114,-1.127855098395923,-0.2935855435664047,0.8090958895463101,-1.269386464929095,-0.3366517776240547,Right,2026-07-28 12:43:05.335,sess_20260728_123245
0.0,0.0,0.0,-0.3150985229991064,-0.2070329818838159,-0.122445277304859,-0.448600313379945,-0.5783708525796591,-0.1542361852538845,-0.2502593887573012,-0.857037590349466,-0.1814508638504874,-0.0030508195682816,-0.8777945198096092,-0.2052620643749766,-0.4193205473434165,-0.9033155958122882,-0.0472551009561019,-0.6086344356511162,-1.2330359977874925,-0.121742870806415,-0.7187686238997654,-1.45290387090448,-0.1963241610524412,-0.8033394093350652,-1.6450881055693205,-0.2597743656710966,-0.2048087036551905,-0.9772806154851637,-0.0545526672493684,-0.2744390770606765,-1.3836569489739836,-0.1047801309368212,-0.3107287342263342,-1.6426451820978454,-0.1541551778838718,-0.3380502144456693,-1.8395894085262603,-0.1964658563266078,0.0034109004116128,-0.9459715861575156,-0.084360961202828,-0.0200440386366633,-1.304726708768414,-0.1517221328321672,-0.0469183607702654,-1.547550774342506,-0.2141187114735512,-0.0682008697690401,-1.737658571663435,-0.2609152852855073,0.2199609228541464,-0.84239286008908,-0.1304153443438362,0.2670861569935373,-1.096214279342719,-0.1892941668521909,0.301643877237509,-1.270703483526262,-0.2188033762289743,0.3312591416751798,-1.4091886715977515,-0.2432890683307599,Right,2026-07-28 16:22:03.919,sess_20260728_161633
0.0,0.0,0.0,-0.2880852366706477,-0.2636451496171345,-0.1701123906800322,-0.4110167012195235,-0.6090955195432042,-0.1851776012376214,-0.2226907426472636,-0.9278127520579816,-0.1946243124406807,-0.0446678648428316,-1.1241762948101337,-0.1833094850115691,-0.5970560172874562,-0.8874943245432163,0.0534374181703276,-0.7697044148066252,-1.2803455088093731,-0.0201108808062213,-0.8673549751315348,-1.5307706159697958,-0.081537273199115,-0.9558086103907588,-1.7354119306087303,-0.1166837619964775,-0.3348245469393787,-0.9388425902048178,0.0804183659641794,-0.3908159432122609,-1.3912682287990703,0.0010750553625265,-0.4082221295315719,-1.6844285922012174,-0.0683692945517004,-0.4187155235469227,-1.943226521074627,-0.0909850056538182,-0.0897770171933873,-0.8736110692542282,0.0717029510363236,-0.0542824217572478,-1.1120650245957238,-0.1120547153130964,-0.0636575385476763,-0.8642981086422835,-0.1513072765042983,-0.0775547843167013,-0.6807793217296743,-0.0985614580048273,0.1192277252536505,-0.755454096312398,0.0506436207646682,0.1368710021506836,-0.937319657034405,-0.0968023019868475,0.1141882689063668,-0.8209476984691721,-0.0972277834560567,0.0888981800924528,-0.719447513385448,-0.044570797162487,Backward,2026-07-28 12:40:56.470,sess_20260728_123245
0.0,0.0,0.0,-0.2596047189316707,-0.1349760680365105,-0.1533196108080426,-0.3624788408605432,-0.4558388542007048,-0.2222670218395846,-0.1485234685678483,-0.6963497123928202,-0.2785640207582587,0.1301899790896729,-0.7471191166141891,-0.3345721634573415,-0.4437257935547887,-0.8904479071401251,-0.1606236844055862,-0.6384326640240561,-1.2558077008734063,-0.2566062141585906,-0.734786262246343,-1.4928970286533338,-0.3334561527690608,-0.8022493994007549,-1.7012012336456472,-0.4039576190285053,-0.2161277814600538,-0.9613395879078076,-0.1706311190914528,-0.3319888790217502,-1.4230200178182877,-0.2427728328201054,-0.4010959105099332,-1.681082393567864,-0.2966863953508439,-0.4729084245797666,-1.8904947544632456,-0.3508902693403983,0.0127417239909639,-0.9291871467523748,-0.1997534015211145,0.0389211620483332,-1.3571419342405635,-0.3112957347901152,0.0408772840943035,-1.6252277873734828,-0.3893631826415346,0.0368012116250725,-1.8515012863117504,-0.4456085994662458,0.2420492739816035,-0.805036655907029,-0.2410934692218589,0.3523537421935126,-1.1267529486429806,-0.354971321182398,0.436593648581786,-1.329481097718508,-0.4098111171801208,0.5007316167068854,-1.5210706003065413,-0.4512281722957498,Right,2026-07-28 16:34:09.857,sess_20260728_163307
0.0,0.0,0.0,-0.3753859128020598,-0.1584314075310402,-0.0777132306476151,-0.5646154607604127,-0.5241791306405809,-0.0830226748703002,-0.583587360336535,-0.8230155932050673,-0.092885666596981,-0.6485901544684965,-1.0219692614795457,-0.1029628741393015,-0.3243056634527702,-0.939999900022898,0.003196926387639,-0.4326837623858605,-1.3054741652093014,-0.0672918886014483,-0.4924329226065202,-1.5334710658326034,-0.1423147566870318,-0.5419635512064598,-1.7352923972284455,-0.2013307728033528,-0.1058864598447191,-0.9940184648384116,-0.0267460124474612,-0.1252483820797915,-1.4177374063399324,-0.0925182220542741,-0.1435376450593582,-1.6896468720486897,-0.1661547850776223,-0.1628480709640382,-1.912986224295924,-0.2217636093128559,0.0889430813796523,-0.96398206681639,-0.077629641206951,0.1189652868889306,-1.365010592848235,-0.1503307344174792,0.1165368161154759,-1.6222528334062076,-0.2240024394208109,0.0992494824918401,-1.832016620663202,-0.2746538693652487,0.276872889878601,-0.872864816571952,-0.1397450878615885,0.3449601901135178,-1.189591678219608,-0.2007250317061706,0.3699459924666582,-1.411367992751893,-0.2423208823616879,0.3737847957223174,-1.6084439838349138,-0.2729767680540277,Takeoff,2026-07-28 14:51:15.400,sess_20260728_144941
0.0,0.0,0.0,-0.4451896840435826,-0.1979614591027244,-0.128729613237547,-0.755698397493618,-0.6309901605350458,-0.167423611982105,-0.9277263582074576,-1.031647924380787,-0.2235131291903797,-1.1339539053477,-1.2517755897236384,-0.2522098794576337,-0.5930101680848006,-0.9212903924788732,0.106799939234711,-0.615118835356155,-1.233249588921472,-0.0568424489105069,-0.507717377184108,-1.0505278524633412,-0.1659572891966014,-0.4268668009583251,-0.8535626794998101,-0.2033221819665889,-0.3338522951830595,-0.9362654063977308,0.1093148378944735,-0.3318659114749377,-1.230830226315174,-0.1241209518082211,-0.2592340512547637,-0.9075046154792537,-0.2367033115570943,-0.2331247680009738,-0.6487893726983639,-0.244622784404686,-0.0822855877926843,-0.9204869097728136,0.0737947100327065,-0.0693563383871091,-1.2413327457688976,-0.1446677878681534,-0.067828056225501,-0.9532624619771892,-0.1609948478337988,-0.0797432641890991,-0.6930673404949776,-0.091078784577448,0.1682242002045924,-0.8676700411328379,0.0263172836412764,0.287093963158965,-1.1682391003294337,-0.0656113076315471,0.3788171206056215,-1.3658511630692851,-0.0775160355460953,0.4443919478670548,-1.5663512252660905,-0.0555895581256868,Hover,2026-07-28 13:00:17.204,sess_20260728_125902
0.0,0.0,0.0,-0.3444761496078117,-0.1954145802677714,-0.1408941418512302,-0.4962612045601803,-0.608573382025189,-0.1753284420571159,-0.3567133116474428,-0.9633880640484156,-0.2181658969990518,-0.1577039862591221,-1.143820990955536,-0.2454789039067154,-0.4212800861399657,-0.9558594270924456,-0.0215721699268109,-0.4641249527552524,-1.4106771322485347,-0.1322590053198198,-0.4748352862145041,-1.6737177775187368,-0.2070773891729851,-0.4699280662227214,-1.9016686728615124,-0.2619407436264012,-0.1897410338307304,-0.9809700331840676,-0.0411841483546119,-0.2712531135245695,-1.459710758046765,-0.1873711103303638,-0.3257161421365506,-1.7698432423076695,-0.288028568704518,-0.3545455225104949,-2.037394099675388,-0.3391723372914124,0.0313556032855619,-0.9172473062589612,-0.0848566637624615,0.0652591990353852,-1.2705444213097312,-0.3153155810476761,0.0324415984249049,-0.9842329835877875,-0.3315319165470317,0.0089033651093249,-0.7558633107981017,-0.271851165376612,0.2573864813734536,-0.792086700631403,-0.1405983910209053,0.2657881919670313,-1.0241478402821125,-0.3488002561298479,0.220361628273083,-0.8388574387206098,-0.3564426580944801,0.1940611442645897,-0.6600176993372343,-0.3074120876720597,Backward,2026-07-28 14:54:26.983,sess_20260728_144941
0.0,0.0,0.0,0.0935878400675846,-0.4154015626181027,0.0015358793871034,0.0443956473864512,-0.959765199776601,-0.0443492294051948,0.0366534427700669,-1.372687755291922,-0.0877152336903299,0.2131250060789649,-1.6139754833589193,-0.1237037986289866,0.0045760713332162,-1.122866024295006,-0.2229437682660953,-0.5692134198842135,-1.3077159514632686,-0.2932638101958518,-0.5747987602413522,-1.106390100552039,-0.2765208841824433,-0.4485263620337449,-1.0023885757035755,-0.2658487431470576,-0.1629053482056149,-0.9468810759916034,-0.2772689586935232,-0.7718604362768723,-1.0963677217203969,-0.3430326491666249,-0.7175902760088968,-0.9064647362830542,-0.2875569706664388,-0.5657110991421754,-0.8139704329313946,-0.2708976056977205,-0.3724377593483838,-0.736787763544624,-0.3249388564019383,-0.8944717830898956,-0.939982431604386,-0.4032407668006222,-0.8368242903232612,-0.7592245223603519,-0.3362751575800575,-0.692583970903487,-0.659719747684289,-0.3094789810805468,-0.5678100183218049,-0.5057239854551284,-0.3680693621891959,-0.98675806713897,-0.6875971608199435,-0.4563312677114749,-1.2015423694383431,-0.7373580279257237,-0.4663391161077559,-1.3673362268642706,-0.829763293716022,-0.4797656800359278,Hover,2026-07-28 15:08:11.641,sess_20260728_150120
0.0,0.0,0.0,-0.2041636164752924,-0.3079340599110806,-0.2167723913622495,-0.2255376544075361,-0.7036446252705882,-0.1865799989858033,0.0490821319309362,-0.9489549468106449,-0.1098419483443276,0.2890836743681794,-1.0495175467089544,-0.0238459711061636,-0.3412852162440435,-0.982230211815385,0.0318754413304446,-0.4114593977405922,-1.4093916741717705,0.0311545002849233,-0.4476801816356773,-1.6532817437122316,-0.0005034910011289,-0.4728408142008791,-1.8734696972223248,-0.0355482774013959,-0.1255964280453466,-0.9875276178480024,0.0949459912250094,-0.1480124305302047,-1.426257618401063,0.1258740990091939,-0.1656954288772104,-1.675074353143832,0.0802976096757472,-0.1634033832164354,-1.9034318912176809,0.0397602009031685,0.0720170440297762,-0.9203358380021534,0.1183535234792303,0.1581679444728288,-1.294865495041995,0.0387285930190327,0.186133367470999,-1.5219209760139845,-0.1011153490669153,0.2507536642584579,-1.7811832911345595,-0.1983201562802811,0.2584614171399622,-0.7689230720641461,0.1267276505846505,0.2733473842514228,-0.9719141994055112,0.0052625845376089,0.2035581864955218,-0.8510028385385935,-0.0443790977137189,0.1642386129883873,-0.7253316883591565,-0.0707612757427903,Left,2026-07-28 15:04:51.306,sess_20260728_150120
0.0,0.0,0.0,-0.2684880390125405,0.3403120787343857,-0.1909577553226477,-0.7101141340223203,0.6303391333200236,-0.3051021214661664,-1.0504307832084472,0.8889982635143865,-0.4175062881091638,-1.2870334211269971,1.0930301357089307,-0.505971596535272,-0.9937230555759632,0.2449931747909255,-0.1091143585977025,-1.1965790013202535,0.28657148837239,-0.2929271743777522,-0.8955914956308725,0.3222210119549673,-0.4104787361202561,-0.66218573635701,0.3397715466417746,-0.469362328869807,-0.9942528217155836,-0.02200052963338,-0.104772626226753,-1.262090434662532,-0.0134630273461211,-0.3032219899681639,-0.9394914971313516,0.0598480342411726,-0.3740871743060711,-0.7008070692274112,0.0934973250105441,-0.3852144722897723,-0.9331750312592032,-0.2730840852836482,-0.1342310857068355,-1.2525070098856623,-0.3222252777099259,-0.309359471871841,-0.980763488880551,-0.2281972724694132,-0.2872611599625945,-0.7569421700395005,-0.1669097490609018,-0.2334756268251421,-0.8235939818740444,-0.4920817493568714,-0.1844304773639292,-1.0560444151683692,-0.537445717332904,-0.2954279732222308,-0.8906877056091802,-0.4282349761043891,-0.2662680848500021,-0.7296342287128693,-0.3570598389642223,-0.2207972444774175,Down,2026-07-28 16:36:15.675,sess_20260728_163307
0.0,0.0,0.0,-0.3332114083629391,-0.2276775330504737,-0.1533699142115895,-0.4750757595209936,-0.7270254278085395,-0.2264680940635786,-0.5645647736347633,-1.1059408306290102,-0.3146847723072649,-0.8074902738188938,-1.270709717056046,-0.382133401230943,-0.1253825638465141,-1.034404595729066,-0.0878882948688304,-0.0594228300318564,-1.1966756003918204,-0.2503160075083322,-0.100899617434835,-0.8727436913465565,-0.3133564568807428,-0.1607193201885982,-0.637912710543087,-0.311954075631673,0.1347718987883333,-0.9864127252206164,-0.0939492991981533,0.1982347759712015,-1.1211874065114278,-0.3181530884227327,0.0959322647210507,-0.7086945943764107,-0.3769238243540466,-0.0091313676725798,-0.4662692124008821,-0.3506291027102385,0.3740943511580461,-0.8957754894920459,-0.1303224187248162,0.4550966594892114,-1.0391939415079876,-0.3414256828682203,0.305723725393429,-0.6862728965111661,-0.3624897025834216,0.1664606479338501,-0.478020013261796,-0.298360855399494,0.5872450245592427,-0.7807239180050117,-0.1800019502101123,0.824603469521763,-1.0727517268576872,-0.2665931344402177,1.0137306023151995,-1.2215296447656072,-0.2865548438315105,1.1736795354360523,-1.412807249244158,-0.2759962903647417,Hover,2026-07-28 12:59:38.339,sess_20260728_125902
0.0,0.0,0.0,-0.3741550172618487,-0.2526706380808093,-0.0610381739971431,-0.5663983945433632,-0.5215965449749101,-0.1395628676146781,-0.6853831161389643,-0.7272590779149187,-0.2342868006257494,-0.7607977982482451,-0.935278234958984,-0.3223559992613113,-0.2274446027172763,-0.9958049175817364,-0.0604337100400112,-0.4695811517824425,-1.2776259226799718,-0.2027483365573462,-0.6092618773340291,-1.490801779561718,-0.302515206363319,-0.7018881753074223,-1.6795840495632677,-0.3831430961028835,-0.0640797969470397,-0.9912610133616134,-0.115305607029898,-0.5605427919755868,-0.9729150957474364,-0.2893324266880612,-0.6020543133706073,-0.6766257038786767,-0.3166568844112504,-0.4745083921109728,-0.5753101617757548,-0.3122569704182039,0.0389242418496947,-0.8882385572102529,-0.1884264315391454,-0.4696195810678527,-0.8077449905798064,-0.3345196055851192,-0.4588592216953752,-0.552537700746691,-0.2608301153534891,-0.3182786768177724,-0.4945909626189371,-0.1952674423082239,0.0765536878590119,-0.7270827177918329,-0.2768047387629551,-0.3268193861781742,-0.6879274218568293,-0.3754900872896963,-0.3265519757564607,-0.5110806341274695,-0.3257884440348343,-0.2040638108838971,-0.456732216558085,-0.2714095501286282,Forward,2026-07-28 12:39:34.965,sess_20260728_123245
0.0,0.0,0.0,-0.1464430149974802,-0.3560196680605511,-0.2739384668939135,-0.0547203320555348,-0.7766426392644526,-0.3298204007964241,0.2646472754035928,-1.052554415916616,-0.3484083308534098,0.5136188049423034,-1.2162017347943193,-0.3156878850589362,-0.1551344265461131,-1.1142558104585347,-0.0062823928621845,0.2174018476547828,-1.3831270182186333,-0.2050166806231755,0.2025356751922729,-1.1192847152066645,-0.3215555285053497,0.0963850405004431,-0.9321349222021172,-0.3497699744232627,0.0639084482756409,-0.993962282193862,0.0891890790117775,0.4190285676125153,-1.2279538409375492,-0.1223704115848305,0.3527772846637292,-0.9126449384267138,-0.2110411546331864,0.2282806819579441,-0.7567890733952332,-0.1987271756134646,0.2658670544753665,-0.8604082319732287,0.1332405553921865,0.5177699390842991,-1.0074667599641771,-0.1043034501407238,0.3914533810157671,-0.7062607733550142,-0.1108306804294008,0.259261229976695,-0.5938701456413618,-0.0321719284786002,0.4128542156773714,-0.7241166826019108,0.1575456502829383,0.5775607894740669,-0.8244875275914529,0.0030999926495185,0.4655603274718886,-0.6137909885121929,0.0204569901775983,0.3526715636611966,-0.5221118618053334,0.088337016553201,Land,2026-07-28 15:02:38.654,sess_20260728_150120
0.0,0.0,0.0,-0.2749819173733882,-0.1798881814034817,-0.152368152089205,-0.3922637917816487,-0.5441108594370833,-0.1698402026286113,-0.2246594298631264,-0.8522103310171973,-0.1688391850489981,6.576303082428459e-05,-0.9922446732818624,-0.1686563697242764,-0.4528891431933264,-0.9268031797488662,0.0072757169628832,-0.6210978627754806,-1.282745092337818,-0.0379145961454604,-0.7045546894734165,-1.504522685218073,-0.0991181852333277,-0.7679238935226317,-1.6964150129180984,-0.1555116970855708,-0.2281928650517121,-0.9735511875468174,0.0112294953436385,-0.2875874380654656,-1.3886034431010446,-0.0091179318460059,-0.3042834127181804,-1.6408074856644446,-0.0666240766885874,-0.3048241382567724,-1.8500592209457944,-0.1114182159938318,-0.0051011917489441,-0.9078158257145644,-0.0132947253964484,0.020427190681262,-1.305555160216734,-0.1293265203178525,-0.0029363881709527,-1.575724639966552,-0.2573897453256326,0.0007483741114939,-1.806681125904848,-0.3423729562285429,0.2116533644499068,-0.7547210635475939,-0.0450889625236652,0.1540816665936577,-0.9771028501756516,-0.2051647687394435,0.0564929349986699,-0.8872038691102089,-0.2547492744018063,0.0077747244955952,-0.7524848582342409,-0.2735996275857516,Left,2026-07-28 12:42:12.888,sess_20260728_123245
0.0,0.0,0.0,-0.3009144893175399,-0.1596195652876041,-0.1548905491225261,-0.4072413263883301,-0.5096562910495802,-0.2067376116466064,-0.1897009511431007,-0.764792268283155,-0.2438110536746814,0.0705798374637271,-0.764539927736869,-0.2726028215197537,-0.4165008838248454,-0.9203367967797436,-0.0909454480178107,-0.4463483413393498,-1.303670001867247,-0.1663383589762294,-0.4466560033503899,-1.5399655415483071,-0.2395206492334942,-0.4372790150745808,-1.7407016824790087,-0.3041900415245694,-0.2166773773648408,-0.9730937043678434,-0.0783553230990888,-0.2591030014101242,-1.3723316608743874,-0.1400671753690128,-0.2852144782274124,-1.6328416262853571,-0.2020095779341996,-0.3112553607829286,-1.856735569938941,-0.2513625608869158,-0.0308598742590522,-0.9532965109310242,-0.0876509147910685,-0.0655981904719495,-1.3241474287134725,-0.1493096357577552,-0.1029378882613714,-1.5628102519323206,-0.2133871541338384,-0.1462248132095969,-1.764034698123236,-0.2608831346669121,0.1544266446037444,-0.866930116527401,-0.1163046441269817,0.1334211183761857,-1.1676211139152444,-0.1790787459447792,0.1045439925655572,-1.3578508432306566,-0.2203339222208148,0.0706022375660202,-1.513321553208325,-0.249768844518089,Right,2026-07-28 14:56:10.761,sess_20260728_144941
0.0,0.0,0.0,-0.3899244561839126,-0.2933059936046324,-0.0255193101755733,-0.5852810480456566,-0.6403395008306421,-0.0633400472270011,-0.6617548328558518,-0.9560464494435073,-0.1449050037456611,-0.6672419052026339,-1.2502761946787455,-0.1997169075641676,-0.2305535472983234,-1.0035762515236002,0.1384585962382752,-0.3970971262728315,-1.294132230971362,-0.0900577464424846,-0.4893359432049347,-1.0098063970501971,-0.2160103580527674,-0.4465941200708065,-0.7888491670204538,-0.2582872646854695,-0.067663022191323,-0.9953545887901368,0.0684905687109843,-0.3093473315525063,-1.2753795704958355,-0.1908383905262488,-0.3876115957421268,-0.8794212472779661,-0.2481426544206105,-0.2618917398409821,-0.6825004207115192,-0.2124516756248619,0.1415370644342079,-0.964411244764329,-0.0428524494701997,-0.1479926614130602,-1.1893456922430483,-0.286085327392365,-0.2012825806402042,-0.7990978657001344,-0.2432127327209874,-0.0471824587754258,-0.6230707833190036,-0.1400709958626592,0.3733616185319747,-0.8922012069853157,-0.1610649725202496,0.082522194256045,-1.0890907453322354,-0.2872768356734602,0.002034968170886,-0.8290763867987176,-0.2378077588995281,0.1173078197756281,-0.6697456678514507,-0.1561458474597592,Land,2026-07-28 12:38:38.790,sess_20260728_123245
0.0,0.0,0.0,0.1185325700311209,-0.4149965441330978,0.026380623358803,0.1533036926848892,-0.9248038575082268,-0.0206642766962588,0.1833573317510984,-1.3084710057248412,-0.0769267666442988,0.3179872362344189,-1.5732242212226293,-0.1262162986006491,0.3278133220575169,-1.0874564741998023,-0.1619856925541523,-0.2090466089798185,-1.3769365011010777,-0.223072802854622,-0.3151803070927107,-1.2110311885716627,-0.2106719320648333,-0.2310601631308457,-1.0788292711941423,-0.2087575082437609,0.2362472531670856,-0.943655013468763,-0.2317378927285644,-0.3858278366815221,-1.2438825142908994,-0.2738067487413977,-0.4323565052333981,-1.0731719145314589,-0.2237160177166758,-0.3612653361879136,-0.948787528809936,-0.2171319181810414,0.0434842954747757,-0.7918942295688707,-0.295372372280293,-0.485199847440558,-1.1067533968564698,-0.3450341161270241,-0.5459981849845698,-0.9644002927841624,-0.2951068891282487,-0.5089297170689722,-0.8472645121931818,-0.2885474178908249,-0.1802596309813723,-0.6158257004387668,-0.3550899438116135,-0.5284175778052892,-0.8586999646960758,-0.4423953721264168,-0.6482061727068817,-0.9416633305111594,-0.4718424178581422,-0.7313130171557704,-1.0173308518091106,-0.496680432538137,Hover,2026-07-28 15:08:00.307,sess_20260728_150120
0.0,0.0,0.0,-0.0273564408875908,-0.4951590353084437,-0.0382065790836693,-0.2304448601518944,-0.9660179926392156,-0.1033733962115546,-0.4714980293671245,-1.3426098460888547,-0.163034274410876,-0.5641540122143793,-1.6673065412106378,-0.2346944469430104,-0.6325461897087963,-0.8909711505033313,-0.1739798973796583,-1.0090636340980053,-0.7904636497651482,-0.2345748763141112,-1.0416255550744102,-0.6578552344740914,-0.2741630412814436,-1.022301493406712,-0.6011671434011353,-0.3045398412729796,-0.7524153150700392,-0.6279096736976635,-0.198999083728914,-1.0479674220904571,-0.4466040409215693,-0.2069902261356927,-0.9270504766557016,-0.379218392923779,-0.2017012329877252,-0.7697837374529662,-0.3733040912650877,-0.2330325370658617,-0.8096344846826833,-0.3344303034574043,-0.2153805824707324,-1.0399842904857046,-0.2199510320803765,-0.2416053318005108,-0.9134687801038804,-0.1686224005392055,-0.2115363473248579,-0.7501207489666617,-0.1602027071059182,-0.216008328272453,-0.8392404376327265,-0.0709182862424852,-0.2316517041886613,-1.012815556847378,-0.0110082398418898,-0.2597376836196016,-0.8842217899381373,0.027355580667239,-0.2184505117724495,-0.7348825905999198,0.0363732706150808,-0.1906510753249428,Up,2026-07-28 14:57:30.260,sess_20260728_144941
0.0,0.0,0.0,-0.1607545679654634,0.4257022191103788,-0.2131090741328114,-0.4844981388371642,0.8300736266898363,-0.3439142094950216,-0.7625022450197494,1.1497290651241048,-0.4561561668178382,-0.924597927028746,1.3869680617135036,-0.5237451053018396,-0.9399947619961018,0.4552603424245786,-0.2101590951944017,-1.2592951752234067,0.4540062195622475,-0.3420054251349196,-0.9127970296037916,0.4372606437203678,-0.3517369216698963,-0.8036740685903271,0.4490351870461559,-0.3450801707218894,-0.9705183212926536,0.1696562879425929,-0.1712043574119234,-1.239751534079214,0.1921324078461644,-0.3221075516721338,-0.8668502057275397,0.1876289529290343,-0.3070581150807506,-0.823246404742208,0.1795426997624968,-0.2745127093181465,-0.9435521878176586,-0.1016040383541942,-0.157219014770115,-1.1898522371900346,-0.0851444309178808,-0.2789285311920604,-0.8649357578790782,-0.0733445906774202,-0.1871487006772881,-0.8120644888383596,-0.0837193462202706,-0.110689955973063,-0.8922869708059312,-0.3456693129764946,-0.1631119876779576,-1.0991729546115778,-0.3287120736963252,-0.2052387131425386,-0.881716409592198,-0.292412322621904,-0.12660366920555,-0.8136135661744542,-0.2914103760179277,-0.0627228761270729,Down,2026-07-28 14:58:03.703,sess_20260728_144941
0.0,0.0,0.0,0.0267901778987215,-0.4598386973389459,-0.0201093741583782,-0.1687011506571551,-0.8977401443924435,-0.0412851171347625,-0.4008808091969256,-1.2410981012993785,-0.0576593403845331,-0.4721465180724293,-1.5379898643965688,-0.081196002071937,-0.6414658024618384,-0.8820344628204897,-0.063057391584618,-0.8676334620185163,-0.7737468834162432,-0.0756138012058546,-0.7597924181080974,-0.6463483655685485,-0.1058000936574714,-0.636151393204668,-0.5816515666905809,-0.1331185935645115,-0.7718990051097179,-0.6315324678584614,-0.0730661888374436,-0.9020557296619828,-0.4948506958934002,-0.0183429292571282,-0.7663485904932034,-0.4250282406843971,-0.0199724014886212,-0.6195494048806108,-0.3917658148308566,-0.0626272339382247,-0.8226303473526845,-0.3502987230092918,-0.0758805270669523,-0.9047448553636545,-0.2619504377471883,-0.0497239266135397,-0.7765540888395976,-0.2208227416632832,-0.0375856592951161,-0.634328373786918,-0.2002406089841322,-0.0612089033621749,-0.8410122629298583,-0.1027976684467759,-0.0787978126832153,-0.8901410286282643,-0.0450342396381414,-0.0641310875662828,-0.768653482007007,-0.005744663206077,-0.0245540561571255,-0.6568999879882007,0.0107764310067794,-0.0040094734329654,Up,2026-07-28 14:57:43.479,sess_20260728_144941
0.0,0.0,0.0,-0.111034026771527,0.3678075783978592,-0.1902165147081914,-0.3694015674652436,0.7007959737441697,-0.301415686243952,-0.5608627157100866,0.9994413918130396,-0.3929867556552094,-0.6706410196974579,1.224128285281197,-0.4509529894369766,-0.8962512387422005,0.4814951407351199,-0.146592113090922,-0.8698528984395212,0.5810825244235809,-0.2855826711135821,-0.5938992886273854,0.4885976950562858,-0.3519150614779356,-0.517166993474531,0.4381031512713245,-0.3947869081647686,-0.964767954771512,0.2280036021574142,-0.1312903303721833,-0.8650803833675024,0.3366772877394493,-0.2735670195241801,-0.5565778365180843,0.2971488362019091,-0.2994218542376783,-0.5391376025807254,0.2739759745091283,-0.3046472122715866,-0.9140753296830928,-0.0191907100717354,-0.1418069843701133,-0.8830791846931758,0.0747471208438221,-0.2999573668591815,-0.5891901498447234,0.090522353140918,-0.2460435839030263,-0.5443618581363332,0.0906616545167568,-0.1895207211973095,-0.8069121042242707,-0.2342057235396445,-0.1709257547306946,-0.8125473409921851,-0.176113385695811,-0.2747879169643761,-0.598852626353586,-0.0974882001528344,-0.2253270600764532,-0.5423275586912685,-0.0637821310747014,-0.171343837200289,Down,2026-07-28 16:24:45.605,sess_20260728_161633
0.0,0.0,0.0,-0.4056335511071998,-0.159258420003581,-0.2080587797882709,-0.7535205511859194,-0.5612852243512078,-0.2626435914485692,-0.8569492350092943,-0.9685096509349436,-0.299222711022314,-0.6537101221490973,-1.1662404976661909,-0.2771263887759326,-0.5864468698220083,-0.9161911740246238,-0.0347875888820567,-0.6043755018291656,-1.0878312113598727,-0.1886990190145361,-0.5376178743330496,-0.7653492005376465,-0.2102007841454993,-0.5269525554048751,-0.76944751485473,-0.2069037162068842,-0.3390470873035049,-0.940661900862954,0.0142218443214608,-0.347814310136151,-1.0502413337645748,-0.1572936315955752,-0.286488471374499,-0.6428934508154542,-0.1185459408744699,-0.3046118658129472,-0.7224356222587583,-0.0452380336450808,-0.0796994963691038,-0.9504371685905392,0.0143376074251381,-0.1065985625713984,-1.069575401775543,-0.1854838183058278,-0.0728622716308288,-0.6913167519355683,-0.081602980096458,-0.0753769940327557,-0.7162834893038502,0.043323012228761,0.1732893269740494,-0.941865363709708,-0.0045886508545299,0.1390402733123547,-1.0941808016637822,-0.1023013410938942,0.1478501778146854,-0.8372050296570398,-0.0276552843111641,0.1705141444171874,-0.7995624190773535,0.0588511872553599,Land,2026-07-28 14:51:56.664,sess_20260728_144941
0.0,0.0,0.0,-0.3026824319222506,-0.263394253327153,-0.1899251133729403,-0.378671320423707,-0.6582646940725974,-0.2336983107704371,-0.1425568146952885,-0.9679388653323,-0.264845931468343,0.1258484858575016,-1.1487917486813806,-0.2845646331182286,-0.3802490403171598,-1.0030794941991863,-0.0660987520353354,-0.5148188811366998,-1.450005620017954,-0.1695031758132215,-0.5846659206822025,-1.7237510584149285,-0.2255815149293933,-0.6313365140320538,-1.94456773886328,-0.2563443818252625,-0.1141697502403939,-0.991949679717947,-0.0547823058798025,-0.091668216994756,-1.5257794152943014,-0.1601947493939917,-0.0696833509805651,-1.8356554758369903,-0.2107631137005111,-0.0280403349823667,-2.0804951666785976,-0.2219874220423596,0.1077026408170427,-0.8578673768224235,-0.0744725522784634,0.0867589711549483,-1.0867198151769597,-0.2832600130811172,-0.0005523481132128,-0.8171839144807556,-0.3096749024708329,0.0031231858824843,-0.6449704410177934,-0.2582284634139908,0.2831342475936291,-0.673645976330355,-0.105533887482452,0.1953068658547289,-0.8520544168981146,-0.2831389601460864,0.1138026604907003,-0.6759622098416017,-0.2782717703738404,0.1240200926506254,-0.5640901471174122,-0.2298137815534356,Backward,2026-07-28 15:13:18.606,sess_20260728_150914
0.0,0.0,0.0,-0.2939427781468444,-0.0953172276375384,-0.1488989739357113,-0.4797951921191838,-0.4532343530790341,-0.1768700030500668,-0.3310789992874485,-0.7857901603068612,-0.186430057007683,-0.0791563248982908,-0.9173062770164804,-0.1975973236962842,-0.5556058520000263,-0.8450564337252308,-0.0739031443784729,-0.7622101577411105,-1.190301247708609,-0.1299485864218353,-0.8781280032349951,-1.419099120445956,-0.1911274785583195,-0.971097654288617,-1.6320300728553867,-0.2518501081777114,-0.3410701911542256,-0.9367098420468358,-0.0790303518821194,-0.493557924264466,-1.3578448000444905,-0.1361155207937544,-0.5841729576739494,-1.615881074589092,-0.2032980055932445,-0.6486275488286913,-1.8455963902145407,-0.2541844192589932,-0.1151079783918545,-0.9270813010756168,-0.1038980337036257,-0.1762839034836317,-1.3244656015324494,-0.2322424249891675,-0.2393382673014406,-1.5811809876970522,-0.3442883769493211,-0.2735568037448949,-1.8038630100432147,-0.4153702753027141,0.1200245257213073,-0.8414560565395451,-0.1370314484021441,0.0863139618493335,-1.1289580792894969,-0.2789796217131626,0.0363206921550964,-1.042554616128269,-0.308661519579091,0.0223529707926292,-0.8894453098357499,-0.317460776091482,Left,2026-07-28 16:33:17.984,sess_20260728_163307
0.0,0.0,0.0,-0.418699283062323,-0.2844368428255064,-0.130638437346818,-0.6923791662387639,-0.673705709632642,-0.2192071983658558,-0.7032099364771776,-1.06406804030318,-0.320006718637504,-0.4567879037690944,-1.2587807751813511,-0.3854026340146544,-0.3795311602542304,-1.0092225038533416,0.0231385236584065,-0.4221778516385095,-1.3241860058105912,-0.1849825064311941,-0.458645618481723,-1.033847761813547,-0.2931436881258428,-0.4160784735699402,-0.8175088355058566,-0.3374855108372377,-0.1388745349300217,-0.9902719907519014,0.0086745536044313,-0.2085458175346344,-1.3125222208214895,-0.222423094618805,-0.2719286157836312,-0.9224725624788406,-0.2647234542678839,-0.2273612483647254,-0.7171467986008325,-0.2328270529011027,0.1019354474560312,-0.9308065339078184,-0.0480798869803171,0.020480304261995,-1.2489544959212286,-0.2821335047982608,-0.076423128497335,-0.8651970569278734,-0.215971115361362,-0.0505236151940344,-0.6476520833759194,-0.1041826878868323,0.3532074139190201,-0.8053202172087007,-0.1186877470397836,0.2207439956370372,-1.0448324226843304,-0.2697962426455684,0.1120646613819543,-0.7858425808923681,-0.225408977511093,0.1263623061092059,-0.61073087051453,-0.1487293127515629,Land,2026-07-28 15:03:09.449,sess_20260728_150120
0.0,0.0,0.0,-0.2030785950059346,-0.3962797854449769,-0.3191225192606891,-0.2485140265832647,-0.8411910036097342,-0.3120578816794752,-0.1212816548619536,-1.1896589841485743,-0.2418726491370282,0.0030727148886783,-1.422781111921599,-0.1333817293028188,-0.6077530659879803,-0.9823289974615198,0.0058886223338531,-0.5807509134235381,-1.4242602733014802,-0.0926285840997478,-0.5586156259802444,-1.7560650425064468,-0.1874436324421883,-0.535493501176016,-2.027183145329256,-0.2488910372689914,-0.3535099915033051,-0.924086710255144,0.1452392434473496,-0.0968977958223983,-1.269187238290851,-0.0511894666891009,-0.0428622928401732,-1.081797058534583,-0.165045934107473,-0.079823812752872,-0.8957297772261131,-0.1640484922130564,-0.0980863245685267,-0.8530708177634148,0.2414418265795692,0.113747920610936,-1.1163806999588846,0.0111208788427865,0.0962858800323124,-0.8804247671740804,-0.0424177857107243,0.0071240571768858,-0.7562225553748293,0.0114158046021909,0.0798946920863391,-0.7572020037704991,0.3146303314204735,0.260155067692737,-0.9356321053142428,0.1561733384634678,0.2247446831549071,-0.7544467407228314,0.1391761612932982,0.1197879892169228,-0.6336117077613339,0.1840253759701501,Forward,2026-07-28 12:39:44.102,sess_20260728_123245
0.0,0.0,0.0,-0.2906315534951181,-0.2152904348906246,-0.1415123869737341,-0.4000378710752261,-0.5649832074333518,-0.1735411110890837,-0.1771144923148982,-0.8385428801454263,-0.1883327329665983,0.0795809293175247,-0.8979242992175437,-0.1951347016565664,-0.4452603777038143,-0.9196105490193144,-0.0638335495828355,-0.614391504542796,-1.2701458749204502,-0.1246081700495962,-0.7173538642394768,-1.4952528474712226,-0.1944673929061658,-0.8008928742231312,-1.6915992861483484,-0.2606993583113277,-0.2187602375633,-0.9744190438816204,-0.0514925759899179,-0.2799657014963148,-1.4006600404421794,-0.0928188268911247,-0.3127498299346862,-1.6553589446075985,-0.1444760795675533,-0.3544155200748173,-1.8638909684234977,-0.1945799125199302,-0.0152872524369876,-0.928090170445377,-0.0612825683513699,0.0009170593607328,-1.3010707337908365,-0.1436275934489779,0.0040066921141071,-1.5480106018049415,-0.2231949500986563,-0.0016372389766666,-1.7485945524618147,-0.284163221942148,0.1930849418058673,-0.8047294600742182,-0.0840632307025961,0.3317112694772227,-1.0262888110696695,-0.1821807649175979,0.4382589093892014,-1.1803221957479932,-0.2421163646381292,0.5190501893905833,-1.3184110254896946,-0.2864208146613982,Right,2026-07-28 16:21:51.516,sess_20260728_161633
0.0,0.0,0.0,-0.1745788868328149,0.4250338084361855,-0.1900494059526772,-0.4698055640629208,0.8180890465450824,-0.3044558784933348,-0.7495771453468254,1.1344458750429272,-0.4095773876510804,-0.9029780579728948,1.348950226725187,-0.4691754025197721,-0.937036027594883,0.4772784224380967,-0.1323140895663387,-1.257600126575421,0.4877247893569789,-0.2526737193003563,-0.9466191854727388,0.4637713874227886,-0.2656533541584565,-0.846211680256827,0.4682729337149225,-0.2584101507215896,-0.967793315873322,0.2321246586477459,-0.0974383938629301,-1.2511779751106962,0.2659739145870757,-0.2198050832084658,-0.9029477068800804,0.2497574455033695,-0.2045909365011478,-0.862784175646374,0.2394699226261567,-0.1744368137929413,-0.9655670532314852,-0.0197250154773845,-0.0921336106418255,-1.2519974296569003,0.0096080178190096,-0.1981466581912093,-0.942145144858468,0.0081853103433419,-0.127824910845331,-0.860857031011351,0.002715524254785,-0.0641411546641045,-0.937357559484384,-0.2489066165133596,-0.1062979864304527,-1.1868531269731095,-0.211436894525599,-0.1480064906235035,-0.986642642419543,-0.1940858536697181,-0.0886519646513383,-0.8813903440131571,-0.2027496929204899,-0.0334507835565824,Down,2026-07-28 14:58:01.191,sess_20260728_144941
0.0,0.0,0.0,-0.2931096149287822,-0.2828679889638016,-0.1378455677289249,-0.4738955730101546,-0.633190751246153,-0.1809630468559882,-0.5781419231182857,-0.9673237885129669,-0.2169517818201764,-0.6895672835694757,-1.206863117412598,-0.2429622863908009,-0.2450190117057197,-0.9998985563091722,0.0171460866944912,-0.2900022439060234,-1.387872301420221,-0.0431978783258383,-0.3092383277444099,-1.621956903471662,-0.1206757309252241,-0.3221733864777937,-1.828749449534052,-0.1832775545002422,-0.0445628384615706,-0.9985127527543188,0.0314075789458606,-0.0399927491493625,-1.4104794077103957,0.0013364690682367,-0.0313004394349936,-1.6532543513407247,-0.0540477418001934,-0.0299886377742242,-1.851999663773985,-0.1019514508779838,0.139293843959905,-0.9096513570635608,0.0164402247449223,0.1647474252334822,-1.2717617550938962,-0.0171249949312294,0.1750934411043729,-1.4990661304134307,-0.0593816595722233,0.1732041884934899,-1.6904506948733202,-0.0980304132846867,0.3220677369651758,-0.7511581153106344,-0.0183174488564334,0.3942891769677719,-0.9596970273479896,-0.0393615566641497,0.4298535425595555,-1.0977541736970786,-0.0505105595104252,0.459520272094514,-1.220682341329448,-0.0646473912905154,Takeoff,2026-07-28 15:01:53.825,sess_20260728_150120
0.0,0.0,0.0,-0.282512075781705,-0.1896670074574278,-0.1417391259725033,-0.4144178180522335,-0.5903718827089899,-0.2218916210578506,-0.2727883654269616,-0.9022270640276576,-0.3184726248876565,-0.0579037738706783,-1.1009916143880252,-0.4020681954685979,-0.1752883244171492,-1.0253937508698268,-0.0793939820905341,-0.1964572002691539,-1.5208483195057962,-0.2476059835866989,-0.2083185408805828,-1.8214429824215697,-0.3436397906114815,-0.1974301155276432,-2.0610417517878545,-0.3975411151915822,0.0654588332568824,-0.9896826140884702,-0.1274498509989709,0.14538031539064,-1.5626934716351062,-0.3122673357612772,0.1902868774714869,-1.910464495334907,-0.4145296585732567,0.2472731690850587,-2.175274706854592,-0.4485045295714733,0.2694539110141961,-0.8500835020397884,-0.1994717319867032,0.2050170508332959,-1.2101179694129414,-0.4617915012437077,0.0143340567530505,-0.9137787417435648,-0.4729798712240448,-0.0668633951123936,-0.661409468346259,-0.3947662775305033,0.4483553320277792,-0.6420920391912069,-0.282711108604342,0.3370394900674646,-0.9012028363134704,-0.4788867900824627,0.1286624840858441,-0.7553401838392707,-0.458735183664668,0.004399343360786,-0.600052832683985,-0.3890788360394111,Backward,2026-07-28 14:54:57.367,sess_20260728_144941
0.0,0.0,0.0,-0.3070976921832227,-0.1991079104004413,-0.0968499664524455,-0.5304010109921852,-0.4622703667063353,-0.1726985940367904,-0.6242893286209307,-0.6937201580493767,-0.2703284935322622,-0.5417940179918713,-0.8149267303592997,-0.3568463641859679,-0.3352506738072082,-0.9631069813500748,-0.0637883551951591,-0.510769719351493,-1.307640555053999,-0.2165791691609731,-0.621484569770073,-1.5371703734128164,-0.3153076712268636,-0.7048730842462302,-1.7315345834621974,-0.3714065802153556,-0.1084290881232614,-0.986780811689048,-0.1204440223965549,-0.2191419182265302,-1.4092268352177026,-0.2826421469953586,-0.3162998917072239,-1.671886569730288,-0.3775375918068143,-0.4088473934076672,-1.8751410650675449,-0.4109254348819984,0.0870815386255736,-0.8931189938546531,-0.1967024793597885,-0.2121801361430816,-0.9957485423971923,-0.3962986045672057,-0.3543536529939812,-0.8140768510516566,-0.4416076267963207,-0.4288264037613914,-0.6559083856410238,-0.40871206721867,0.2055685420469345,-0.7362347755436047,-0.2835561432542023,-0.1138245646417127,-0.7819569803138265,-0.3980806349115599,-0.3293489960635232,-0.7390466054980521,-0.398430430059773,-0.4902856301699301,-0.6846502891782692,-0.3657697040771324,Backward,2026-07-28 12:40:01.991,sess_20260728_123245
0.0,0.0,0.0,-0.1505404816929083,0.3551710031370562,-0.1412218198334414,-0.4413663405641266,0.6927245988997026,-0.243975022294294,-0.6445444299569904,0.9966445281834307,-0.3521976239491022,-0.76831680185908,1.253058490303784,-0.4387333005068564,-0.9249472005609536,0.5508033433166049,-0.1025636682370316,-1.0700802650168353,0.6791304631184406,-0.3117580046557678,-0.7700106447780376,0.6345648187967491,-0.4268252763441285,-0.6500469300458219,0.5766922706718322,-0.4837364716676966,-0.9499882754624102,0.2822518062235679,-0.1336270719857671,-1.1190040960086582,0.4031118660687547,-0.3434727907041876,-0.7465223873993321,0.4064636074314025,-0.3797468379507683,-0.6421206875132361,0.3513532788923399,-0.3649482384239512,-0.898605000419642,-0.0068871719468752,-0.1982884406062297,-1.1430184056402617,0.0572634349899823,-0.4128867536309138,-0.7953420279864952,0.1242904904645008,-0.3420425810818694,-0.6669139560210147,0.1137930036099244,-0.246268040996071,-0.7929078422154674,-0.2803611592069195,-0.276661300886241,-0.9679252972250072,-0.260276697915179,-0.4063352253652506,-0.757455984362613,-0.15444049773742,-0.3382439624591421,-0.6526852059568244,-0.1310767912037566,-0.256342714769111,Down,2026-07-28 16:36:35.355,sess_20260728_163307
0.0,0.0,0.0,-0.3853872732364574,-0.2773792793174902,-0.1151311732189335,-0.557715806484004,-0.7670304379064569,-0.166897631107254,-0.6237223620321375,-1.1681546977131356,-0.2436272424089519,-0.7967336612372785,-1.4129241865598932,-0.2930625158034851,-0.2521129527633095,-1.0453554534227567,0.0263112813343562,-0.2150900683658338,-1.3105546208358525,-0.1579773992188248,-0.2149684346639638,-0.999178380177988,-0.2625681609089555,-0.2390822021704623,-0.73969531341738,-0.2864083949477889,0.0120649698888604,-0.999856932233926,0.0118554445443149,0.0506838980110613,-1.224196059178942,-0.2232336809659338,-0.0027587389142299,-0.827468721027784,-0.3097483420541415,-0.0653655869394027,-0.5545761080821754,-0.3035414926925174,0.2734785730543363,-0.9227926431820804,-0.0379698505397534,0.3298161604176746,-1.1679033441737845,-0.24188385448779,0.1924452441989604,-0.8534279496813817,-0.2451726054245646,0.0773124536926459,-0.6191197564200839,-0.1734936969259388,0.5093538821749334,-0.8162394703377271,-0.1012765194353062,0.746644378916726,-1.088408886647685,-0.1696169074019166,0.9138187409921472,-1.2386594224457808,-0.1693873778870231,1.0449954495542069,-1.4287042232605516,-0.1467623562107046,Hover,2026-07-28 12:59:46.948,sess_20260728_125902
0.0,0.0,0.0,-0.2612919286501701,-0.2981200748507192,-0.1394305505709578,-0.3220657479615695,-0.7049179684643704,-0.1309963857739655,-0.1044035814876661,-0.9990422365009592,-0.1063045805112756,0.0987021430541359,-1.1355208051350143,-0.0826969654645831,-0.4357543645475852,-0.9411101662762562,0.0231242455773252,-0.6147862203448413,-1.312619449390402,-0.0142106136546408,-0.7007229772388495,-1.55053248645942,-0.074100269039328,-0.7565230079393026,-1.7638721195272908,-0.1296875338980136,-0.2000854639262571,-0.9791349634708564,0.0355039495597233,-0.2433612326914063,-1.401536131017064,0.0278999858943482,-0.2484907213746027,-1.6529398872802328,-0.0195299852515646,-0.2452591577613493,-1.8538330193416723,-0.0626804469431149,0.0311788058072185,-0.9236042742918004,0.0196704688971554,0.0880684399892485,-1.3060124436537883,-0.0655351462838177,0.0968190097880808,-1.538070064957238,-0.163494171981485,0.1135572724960709,-1.7415168920609858,-0.2342338355015061,0.2432022653532371,-0.7882674665843564,-0.0069888760122654,0.2440641106978405,-1.0252347786819045,-0.1190569867149797,0.1721018065685035,-0.954658983398931,-0.1407006704945606,0.123660371575709,-0.8480429876454071,-0.1492688525990678,Left,2026-07-28 15:05:15.825,sess_20260728_150120
0.0,0.0,0.0,-0.0714710168263301,0.310351053322893,-0.2411236599910453,-0.222680276370328,0.6086106828852135,-0.4488066537717912,-0.2954817334195943,0.8562723980191307,-0.6212137825953599,-0.3450180314877199,1.0785778375765374,-0.7680649508603656,-0.8692063868370705,0.3846998831258578,-0.4200263308904148,-0.4691962933440046,0.3853790796992118,-0.623547665873117,-0.2487115853187799,0.3444873719933459,-0.7295248572097026,-0.2974208188205129,0.3154870313515885,-0.8076134313675274,-0.911827124129712,0.0688429959344667,-0.4047615811957775,-0.4457941204306518,0.0952949369113814,-0.5539895285816693,-0.209236555579402,0.1069019424504156,-0.570315262722084,-0.2760689482601078,0.0862712721919049,-0.602311398494801,-0.8390807179848425,-0.2146242586078104,-0.4063305133853641,-0.3780455260675889,-0.1675274107104106,-0.5581757762880577,-0.1698455332971049,-0.1165327654902273,-0.5361763792221892,-0.250061800748427,-0.1250925306237002,-0.5350125413986496,-0.6908694466868341,-0.4666338428743936,-0.4333732200770509,-0.30707907438392,-0.4111809293412213,-0.5406205595589686,-0.1358433291864517,-0.3129820479300513,-0.5427293325889022,-0.1919811265234795,-0.2890092933944905,-0.5485695607423112,Down,2026-07-28 13:06:38.699,sess_20260728_130400
